author_None,author_image,author_name,author_url,datetime_None,datetime_datePublished,dislike,is_a_response,like,response_datetime,response_text,review_rating_bestRating,review_rating_ratingValue,review_rating_worstRating,review_text,selenium_id
"[None, 'Наталья Юнт']","['https://avatars.mds.yandex.net/get-yapic/47747/0r-1/islands-68', '']","[None, 'Наталья Юнт']",,"[None, 'November 12, 2025']","['2025-11-12T15:27:13.892Z', '']","Наталья Юнт
Level 8 Local Expert
Subscribe
November 12, 2025
Вкусный кофеёчек , волшебные тарты,с курочкой и картошкой 💕💕 очень порадовало что лучок не хрустел это прям жирный плюс🥰🥰
И с вишней тоже впервые мне понравилось что то с желе 😁 
Дружелюбные сотрудники 🤝…
more
1
Show business's response",False,"Наталья Юнт
Level 8 Local Expert
Subscribe
November 12, 2025
Вкусный кофеёчек , волшебные тарты,с курочкой и картошкой 💕💕 очень порадовало что лучок не хрустел это прям жирный плюс🥰🥰
И с вишней тоже впервые мне понравилось что то с желе 😁 
Дружелюбные сотрудники 🤝…
more
1
Show business's response","Наталья Юнт
Level 8 Local Expert
Subscribe
November 12, 2025
Вкусный кофеёчек , волшебные тарты,с курочкой и картошкой 💕💕 очень порадовало что лучок не хрустел это прям жирный плюс🥰🥰
И с вишней тоже впервые мне понравилось что то с желе 😁 
Дружелюбные сотрудники 🤝…
more
1
Hide business's response
Official responseNovember 13, 2025
Наталья, добрый день! Сердечно благодарим вас за этот восхитительный отзыв! Нам невероятно приятно читать ваши добрые слова о нашем кафе. Ваш восторг от вкусного кофе, нежных тартов с курицей и картошечкой, а также долгожданного открытия нового вкуса в вишневом десерте согревают наши сердца.
Особенное удовлетворение приносит осознание, что мы сумели учесть даже мелкие детали вроде мягкого лука, сделав ваш опыт идеальным. А позитивная обратная связь о дружелюбии сотрудников показывает, насколько важна наша команда для атмосферы заведения.
Что же касается замечания относительно уборных, хотим поблагодарить вас за честность и понимание. Для нас крайне важно получать такую конструктивную критику, поскольку это позволяет улучшать сервис и повышать стандарты комфорта для всех гостей.
Будьте уверены, мы обязательно рассмотрим ваш комментарий и предпримем необходимые меры для исправления ситуации. Ещё раз благодарим вас за выбор нашего кафе и надеемся вскоре увидеть вас снова!","Наталья Юнт
Level 8 Local Expert
Subscribe
November 12, 2025
Вкусный кофеёчек , волшебные тарты,с курочкой и картошкой 💕💕 очень порадовало что лучок не хрустел это прям жирный плюс🥰🥰
И с вишней тоже впервые мне понравилось что то с желе 😁 
Дружелюбные сотрудники 🤝…
more
1
Hide business's response
Official responseNovember 13, 2025
Наталья, добрый день! Сердечно благодарим вас за этот восхитительный отзыв! Нам невероятно приятно читать ваши добрые слова о нашем кафе. Ваш восторг от вкусного кофе, нежных тартов с курицей и картошечкой, а также долгожданного открытия нового вкуса в вишневом десерте согревают наши сердца.
Особенное удовлетворение приносит осознание, что мы сумели учесть даже мелкие детали вроде мягкого лука, сделав ваш опыт идеальным. А позитивная обратная связь о дружелюбии сотрудников показывает, насколько важна наша команда для атмосферы заведения.
Что же касается замечания относительно уборных, хотим поблагодарить вас за честность и понимание. Для нас крайне важно получать такую конструктивную критику, поскольку это позволяет улучшать сервис и повышать стандарты комфорта для всех гостей.
Будьте уверены, мы обязательно рассмотрим ваш комментарий и предпримем необходимые меры для исправления ситуации. Ещё раз благодарим вас за выбор нашего кафе и надеемся вскоре увидеть вас снова!","['5', '']","['5.0', '']","['1', '']","Наталья Юнт
Level 8 Local Expert
Subscribe
November 12, 2025
Вкусный кофеёчек , волшебные тарты,с курочкой и картошкой 💕💕 очень порадовало что лучок не хрустел это прям жирный плюс🥰🥰
И с вишней тоже впервые мне понравилось что то с желе 😁 
Дружелюбные сотрудники 🤝…
more
1
Show business's response",faaff941-c8a9-40da-9f09-ff7bfb79fb46
"[None, 'Лариса']","['https://avatars.mds.yandex.net/get-yapic/37154/0k-8/islands-68', '']","[None, 'Лариса']",,"[None, 'April 7']","['2026-04-07T16:28:59.571Z', '']","Лариса
Level 3 Local Expert
Subscribe
April 7
Уютное кафе с пирогами и пирожными. Пироги здесь открытые и с мягким песочным низом. Начинки вкусные. Пирожные в виде кусочков торта, нежные и приятные на вкус. Есть много всего другого кроме этого. Можно и торт с собой забрать или пирог. Подаются разные чаи к выпечке.…
more
Show business's response",False,"Лариса
Level 3 Local Expert
Subscribe
April 7
Уютное кафе с пирогами и пирожными. Пироги здесь открытые и с мягким песочным низом. Начинки вкусные. Пирожные в виде кусочков торта, нежные и приятные на вкус. Есть много всего другого кроме этого. Можно и торт с собой забрать или пирог. Подаются разные чаи к выпечке.…
more
Show business's response","Лариса
Level 3 Local Expert
Subscribe
April 7
Уютное кафе с пирогами и пирожными. Пироги здесь открытые и с мягким песочным низом. Начинки вкусные. Пирожные в виде кусочков торта, нежные и приятные на вкус. Есть много всего другого кроме этого. Можно и торт с собой забрать или пирог. Подаются разные чаи к выпечке.…
more
Hide business's response
Official responseApril 16
Огромное спасибо за такой тёплый и развёрнутый отзыв! Нам очень приятно, что Вы оценили наши пироги, пирожные и атмосферу в кафе – для нас это лучшая награда! 🌟
Мы стараемся, чтобы каждый наш гость уходил сытым, довольным и с улыбкой, поэтому особенно рады, что Вам понравились начинки, нежные десерты и наш уютный уголок на Комсомольском проспекте 90. Обязательно передадим поварам и бариста Ваши добрые слова – это вдохновляет!","Лариса
Level 3 Local Expert
Subscribe
April 7
Уютное кафе с пирогами и пирожными. Пироги здесь открытые и с мягким песочным низом. Начинки вкусные. Пирожные в виде кусочков торта, нежные и приятные на вкус. Есть много всего другого кроме этого. Можно и торт с собой забрать или пирог. Подаются разные чаи к выпечке.…
more
Hide business's response
Official responseApril 16
Огромное спасибо за такой тёплый и развёрнутый отзыв! Нам очень приятно, что Вы оценили наши пироги, пирожные и атмосферу в кафе – для нас это лучшая награда! 🌟
Мы стараемся, чтобы каждый наш гость уходил сытым, довольным и с улыбкой, поэтому особенно рады, что Вам понравились начинки, нежные десерты и наш уютный уголок на Комсомольском проспекте 90. Обязательно передадим поварам и бариста Ваши добрые слова – это вдохновляет!","['5', '']","['5.0', '']","['1', '']","Лариса
Level 3 Local Expert
Subscribe
April 7
Уютное кафе с пирогами и пирожными. Пироги здесь открытые и с мягким песочным низом. Начинки вкусные. Пирожные в виде кусочков торта, нежные и приятные на вкус. Есть много всего другого кроме этого. Можно и торт с собой забрать или пирог. Подаются разные чаи к выпечке.…
more
Show business's response",27cb9f75-d2be-44e1-85b9-1d550f3cba47
"[None, 'Ирина Юрьевна Торсунова']","['https://avatars.mds.yandex.net/get-yapic/29310/SvnkQlbxGqXs12OdHN49db4FpU-1/islands-68', '']","[None, 'Ирина Юрьевна Торсунова']",,"[None, 'March 10']","['2026-03-10T18:24:56.286Z', '']","Ирина Юрьевна Торсунова
Level 2 Local Expert
Subscribe
March 10
Отличное место! Шикарный выбор выпечки от пирогов до десертов, ожидали с мамой концерт в этом приятном месте, заказали чай в чайничке, киш и пирожное. Всё свежее и очень вкусное, пирожное нежное и неприторное. Хозяйка зала быстро убирает освободившиеся столики. По количеству посетителей - место популярное! Ценник приемлемый.
1
Show business's response",False,"Ирина Юрьевна Торсунова
Level 2 Local Expert
Subscribe
March 10
Отличное место! Шикарный выбор выпечки от пирогов до десертов, ожидали с мамой концерт в этом приятном месте, заказали чай в чайничке, киш и пирожное. Всё свежее и очень вкусное, пирожное нежное и неприторное. Хозяйка зала быстро убирает освободившиеся столики. По количеству посетителей - место популярное! Ценник приемлемый.
1
Show business's response","Ирина Юрьевна Торсунова
Level 2 Local Expert
Subscribe
March 10
Отличное место! Шикарный выбор выпечки от пирогов до десертов, ожидали с мамой концерт в этом приятном месте, заказали чай в чайничке, киш и пирожное. Всё свежее и очень вкусное, пирожное нежное и неприторное. Хозяйка зала быстро убирает освободившиеся столики. По количеству посетителей - место популярное! Ценник приемлемый.
1
Hide business's response
Official responseMarch 11
Спасибо за приятный отклик и добрые слова! Будем рады видеть Вас вновь и вновь!","Ирина Юрьевна Торсунова
Level 2 Local Expert
Subscribe
March 10
Отличное место! Шикарный выбор выпечки от пирогов до десертов, ожидали с мамой концерт в этом приятном месте, заказали чай в чайничке, киш и пирожное. Всё свежее и очень вкусное, пирожное нежное и неприторное. Хозяйка зала быстро убирает освободившиеся столики. По количеству посетителей - место популярное! Ценник приемлемый.
1
Hide business's response
Official responseMarch 11
Спасибо за приятный отклик и добрые слова! Будем рады видеть Вас вновь и вновь!","['5', '']","['5.0', '']","['1', '']","Ирина Юрьевна Торсунова
Level 2 Local Expert
Subscribe
March 10
Отличное место! Шикарный выбор выпечки от пирогов до десертов, ожидали с мамой концерт в этом приятном месте, заказали чай в чайничке, киш и пирожное. Всё свежее и очень вкусное, пирожное нежное и неприторное. Хозяйка зала быстро убирает освободившиеся столики. По количеству посетителей - место популярное! Ценник приемлемый.
1
Show business's response",243c4700-1fae-4661-9d4a-876947122a6b
"[None, 'Вячеслав Барков']","['https://avatars.mds.yandex.net/get-yapic/25358/lHRVpPfEOPX1IEE8k2VYzziI-1/islands-68', '']","[None, 'Вячеслав Барков']",,"[None, 'December 27, 2025']","['2025-12-27T14:16:40.413Z', '']","Вячеслав Барков
Level 9 Local Expert
Subscribe
December 27, 2025
Все очень вкусно. Хотелось бы отметить небольшой нюанс - вот пришел ты купить торт, дел на 1 минуту условно. Но если перед тобой хотя бы пара человек в очереди которые заказывают еду в кафе, в итоге покупка торта с собой может растянуться минут на 15. Иногда, когда работает вторая касса, все происходит быстрее
Show business's response",False,"Вячеслав Барков
Level 9 Local Expert
Subscribe
December 27, 2025
Все очень вкусно. Хотелось бы отметить небольшой нюанс - вот пришел ты купить торт, дел на 1 минуту условно. Но если перед тобой хотя бы пара человек в очереди которые заказывают еду в кафе, в итоге покупка торта с собой может растянуться минут на 15. Иногда, когда работает вторая касса, все происходит быстрее
Show business's response","Вячеслав Барков
Level 9 Local Expert
Subscribe
December 27, 2025
Все очень вкусно. Хотелось бы отметить небольшой нюанс - вот пришел ты купить торт, дел на 1 минуту условно. Но если перед тобой хотя бы пара человек в очереди которые заказывают еду в кафе, в итоге покупка торта с собой может растянуться минут на 15. Иногда, когда работает вторая касса, все происходит быстрее
Hide business's response
Official responseDecember 29, 2025
Вячеслав, добрый день! Мы искренне благодарны вам за добрые слова о наших продуктах и ценим вашу внимательность и конструктивную критику. Для нас очень важно, чтобы каждый гость чувствовал себя комфортно и получал удовольствие от посещения нашего заведения, включая скорость обслуживания.
Ваш отзыв обязательно учтут наши сотрудники, и мы будем стремиться оптимизировать процессы обслуживания, чтобы минимизировать ожидание даже в часы пик. Работаем над тем, чтобы кассовые зоны функционировали эффективнее и были открыты дополнительные кассы вовремя.
Еще раз благодарим вас за уделенное внимание и ждем вас снова","Вячеслав Барков
Level 9 Local Expert
Subscribe
December 27, 2025
Все очень вкусно. Хотелось бы отметить небольшой нюанс - вот пришел ты купить торт, дел на 1 минуту условно. Но если перед тобой хотя бы пара человек в очереди которые заказывают еду в кафе, в итоге покупка торта с собой может растянуться минут на 15. Иногда, когда работает вторая касса, все происходит быстрее
Hide business's response
Official responseDecember 29, 2025
Вячеслав, добрый день! Мы искренне благодарны вам за добрые слова о наших продуктах и ценим вашу внимательность и конструктивную критику. Для нас очень важно, чтобы каждый гость чувствовал себя комфортно и получал удовольствие от посещения нашего заведения, включая скорость обслуживания.
Ваш отзыв обязательно учтут наши сотрудники, и мы будем стремиться оптимизировать процессы обслуживания, чтобы минимизировать ожидание даже в часы пик. Работаем над тем, чтобы кассовые зоны функционировали эффективнее и были открыты дополнительные кассы вовремя.
Еще раз благодарим вас за уделенное внимание и ждем вас снова","['5', '']","['5.0', '']","['1', '']","Вячеслав Барков
Level 9 Local Expert
Subscribe
December 27, 2025
Все очень вкусно. Хотелось бы отметить небольшой нюанс - вот пришел ты купить торт, дел на 1 минуту условно. Но если перед тобой хотя бы пара человек в очереди которые заказывают еду в кафе, в итоге покупка торта с собой может растянуться минут на 15. Иногда, когда работает вторая касса, все происходит быстрее
Show business's response",b8977c66-f594-4982-bc8a-55f3d652b19a
"[None, 'Ольга Корякина']","['https://avatars.mds.yandex.net/get-yapic/31078/oH74XjsrfuaHA1zAuTacIAL8ko-1/islands-68', '']","[None, 'Ольга Корякина']",,"[None, 'March 5']","['2026-03-05T07:49:20.789Z', '']","Ольга Корякина
Level 18 Local Expert
Subscribe
March 5
Не понравилось. Раньше заходила чаще, на Тихом компроссе не большой выбор заведений с кофе. Сейчас просто разочарование. Капучино 🙈 это просто молоко с легким привкусом кофе. Киш с рыбой и брокколи - это киш с брокколи и рыбой ) мне досталось пару небольших кусочков. В…
more
2
Show business's response",False,"Ольга Корякина
Level 18 Local Expert
Subscribe
March 5
Не понравилось. Раньше заходила чаще, на Тихом компроссе не большой выбор заведений с кофе. Сейчас просто разочарование. Капучино 🙈 это просто молоко с легким привкусом кофе. Киш с рыбой и брокколи - это киш с брокколи и рыбой ) мне досталось пару небольших кусочков. В…
more
2
Show business's response","Ольга Корякина
Level 18 Local Expert
Subscribe
March 5
Не понравилось. Раньше заходила чаще, на Тихом компроссе не большой выбор заведений с кофе. Сейчас просто разочарование. Капучино 🙈 это просто молоко с легким привкусом кофе. Киш с рыбой и брокколи - это киш с брокколи и рыбой ) мне досталось пару небольших кусочков. В…
more
2
Hide business's response
Official responseMarch 11
Добрый день! Благодарим Вас за обратную связь и уточнение даты и времени, это поможет более детально разобрать ситуацию! 
Приносим свои извинения за испорченное впечатление, будем надеется, что Вы предоставите нам второй шанс и мы увидимся вновь!","Ольга Корякина
Level 18 Local Expert
Subscribe
March 5
Не понравилось. Раньше заходила чаще, на Тихом компроссе не большой выбор заведений с кофе. Сейчас просто разочарование. Капучино 🙈 это просто молоко с легким привкусом кофе. Киш с рыбой и брокколи - это киш с брокколи и рыбой ) мне досталось пару небольших кусочков. В…
more
2
Hide business's response
Official responseMarch 11
Добрый день! Благодарим Вас за обратную связь и уточнение даты и времени, это поможет более детально разобрать ситуацию! 
Приносим свои извинения за испорченное впечатление, будем надеется, что Вы предоставите нам второй шанс и мы увидимся вновь!","['5', '']","['3.0', '']","['1', '']","Ольга Корякина
Level 18 Local Expert
Subscribe
March 5
Не понравилось. Раньше заходила чаще, на Тихом компроссе не большой выбор заведений с кофе. Сейчас просто разочарование. Капучино 🙈 это просто молоко с легким привкусом кофе. Киш с рыбой и брокколи - это киш с брокколи и рыбой ) мне досталось пару небольших кусочков. В…
more
2
Show business's response",fab060fa-c7e9-4e66-88a6-e1bf077ef355
"[None, 'Галина Р.']","['https://avatars.mds.yandex.net/get-yapic/25358/TjoYpljkCr2Q634dABIyqsk-1/islands-68', '']","[None, 'Галина Р.']",,"[None, 'February 6, 2025']","['2025-02-06T13:26:26.550Z', '']","Галина Р.
Level 12 Local Expert
Subscribe
February 6, 2025
Часто покупаем и пирожные,и торты, и пироги с мясом. Предпочтение отдаю торту и пирожному Швейцарскому, Шу- очень вкусно! Сейчас в кафе закончилась""перестройка"", стало больше места. Обслуживание на высоком уровне. Все приветливые,доброжелательные. Но очень…
more
3
Show business's response",False,"Галина Р.
Level 12 Local Expert
Subscribe
February 6, 2025
Часто покупаем и пирожные,и торты, и пироги с мясом. Предпочтение отдаю торту и пирожному Швейцарскому, Шу- очень вкусно! Сейчас в кафе закончилась""перестройка"", стало больше места. Обслуживание на высоком уровне. Все приветливые,доброжелательные. Но очень…
more
3
Show business's response","Галина Р.
Level 12 Local Expert
Subscribe
February 6, 2025
Часто покупаем и пирожные,и торты, и пироги с мясом. Предпочтение отдаю торту и пирожному Швейцарскому, Шу- очень вкусно! Сейчас в кафе закончилась""перестройка"", стало больше места. Обслуживание на высоком уровне. Все приветливые,доброжелательные. Но очень…
more
3
Hide business's response
Official responseApril 1, 2025
Спасибо за вашу оценку","Галина Р.
Level 12 Local Expert
Subscribe
February 6, 2025
Часто покупаем и пирожные,и торты, и пироги с мясом. Предпочтение отдаю торту и пирожному Швейцарскому, Шу- очень вкусно! Сейчас в кафе закончилась""перестройка"", стало больше места. Обслуживание на высоком уровне. Все приветливые,доброжелательные. Но очень…
more
3
Hide business's response
Official responseApril 1, 2025
Спасибо за вашу оценку","['5', '']","['5.0', '']","['1', '']","Галина Р.
Level 12 Local Expert
Subscribe
February 6, 2025
Часто покупаем и пирожные,и торты, и пироги с мясом. Предпочтение отдаю торту и пирожному Швейцарскому, Шу- очень вкусно! Сейчас в кафе закончилась""перестройка"", стало больше места. Обслуживание на высоком уровне. Все приветливые,доброжелательные. Но очень…
more
3
Show business's response",a0d6434e-af30-480b-9fad-9dcf21fa677a
"[None, 'ЧЕСТНЫЙ КРИТИК']","['https://avatars.mds.yandex.net/get-yapic/61207/N35v2fC04UaZfCSfPqFPHKstoQ-1/islands-68', '']","[None, 'ЧЕСТНЫЙ КРИТИК']",,"[None, 'April 23']","['2026-04-23T17:55:27.075Z', '']","ЧЕСТНЫЙ КРИТИК
Level 26 Local Expert
Subscribe
April 23
Вроде бы хорошее кафе, но персонала вообще не хватает, на кассах очереди, один человек на кассе и он же на выдаче. Раз у вас такие большие очереди и так много народа, так вы наймите персонал - а не один человек на две кассы работают. В зале тоже никого нет :) .. кафе только,…
more
Show business's response",False,"ЧЕСТНЫЙ КРИТИК
Level 26 Local Expert
Subscribe
April 23
Вроде бы хорошее кафе, но персонала вообще не хватает, на кассах очереди, один человек на кассе и он же на выдаче. Раз у вас такие большие очереди и так много народа, так вы наймите персонал - а не один человек на две кассы работают. В зале тоже никого нет :) .. кафе только,…
more
Show business's response","ЧЕСТНЫЙ КРИТИК
Level 26 Local Expert
Subscribe
April 23
Вроде бы хорошее кафе, но персонала вообще не хватает, на кассах очереди, один человек на кассе и он же на выдаче. Раз у вас такие большие очереди и так много народа, так вы наймите персонал - а не один человек на две кассы работают. В зале тоже никого нет :) .. кафе только,…
more
Hide business's response
Official responseApril 24
Уважаемая Наталья!
Приносим искренние извинения за неприятную ситуацию, Вы совершенно правы: это не клиентоориентированный подход.
Действительно, срок годности вашего торта истекал и продавец в обязательном порядке должен был предупредить вас о том, что до окончания срока годности остаётся несколько часов — особенно при покупке в 20:00 вечера. Это прямое нарушение правил торговли и наших внутренних стандартов.
Перекладывать на покупателя обязанность каждый раз уточнять свежесть продукции недопустимо. Мы проведём беседу с персоналом и напомним всем сотрудникам правила информирования о товарах с истекающим сроком годности.
Свяжитесь, пожалуйста, с нами по телефону 89125817624, для уточнения всех деталей.
Ещё раз извините за испорченный вечер. Мы на себя не похожи — и постараемся это исправить.
С уважением,
команда Сантоноре.","ЧЕСТНЫЙ КРИТИК
Level 26 Local Expert
Subscribe
April 23
Вроде бы хорошее кафе, но персонала вообще не хватает, на кассах очереди, один человек на кассе и он же на выдаче. Раз у вас такие большие очереди и так много народа, так вы наймите персонал - а не один человек на две кассы работают. В зале тоже никого нет :) .. кафе только,…
more
Hide business's response
Official responseApril 24
Уважаемая Наталья!
Приносим искренние извинения за неприятную ситуацию, Вы совершенно правы: это не клиентоориентированный подход.
Действительно, срок годности вашего торта истекал и продавец в обязательном порядке должен был предупредить вас о том, что до окончания срока годности остаётся несколько часов — особенно при покупке в 20:00 вечера. Это прямое нарушение правил торговли и наших внутренних стандартов.
Перекладывать на покупателя обязанность каждый раз уточнять свежесть продукции недопустимо. Мы проведём беседу с персоналом и напомним всем сотрудникам правила информирования о товарах с истекающим сроком годности.
Свяжитесь, пожалуйста, с нами по телефону 89125817624, для уточнения всех деталей.
Ещё раз извините за испорченный вечер. Мы на себя не похожи — и постараемся это исправить.
С уважением,
команда Сантоноре.","['5', '']","['4.0', '']","['1', '']","ЧЕСТНЫЙ КРИТИК
Level 26 Local Expert
Subscribe
April 23
Вроде бы хорошее кафе, но персонала вообще не хватает, на кассах очереди, один человек на кассе и он же на выдаче. Раз у вас такие большие очереди и так много народа, так вы наймите персонал - а не один человек на две кассы работают. В зале тоже никого нет :) .. кафе только,…
more
Show business's response",1643b088-21ad-451c-a674-e28ebc8c058b
"[None, 'Оксана Х.']","['https://avatars.mds.yandex.net/get-yapic/62162/sqfMHio2kl8NotJXew3MXp26lLI-1/islands-68', '']","[None, 'Оксана Х.']",,"[None, 'December 14, 2024']","['2024-12-14T13:53:15.813Z', '']","Оксана Х.
Level 11 Local Expert
Subscribe
December 14, 2024
Обожаю заведения этой сети! А на Компросе его еще сделали больше и ярче ✨
Захожу в СантОноре в обязательном порядке, когда необходимо по-девочковски зарядиться вкусным и красивым после энергозатратной…
more
3
Show business's response",False,"Оксана Х.
Level 11 Local Expert
Subscribe
December 14, 2024
Обожаю заведения этой сети! А на Компросе его еще сделали больше и ярче ✨
Захожу в СантОноре в обязательном порядке, когда необходимо по-девочковски зарядиться вкусным и красивым после энергозатратной…
more
3
Show business's response","Оксана Х.
Level 11 Local Expert
Subscribe
December 14, 2024
Обожаю заведения этой сети! А на Компросе его еще сделали больше и ярче ✨
Захожу в СантОноре в обязательном порядке, когда необходимо по-девочковски зарядиться вкусным и красивым после энергозатратной…
more
3
Hide business's response
Official responseDecember 17, 2024
Спасибо за ваш отзыв","Оксана Х.
Level 11 Local Expert
Subscribe
December 14, 2024
Обожаю заведения этой сети! А на Компросе его еще сделали больше и ярче ✨
Захожу в СантОноре в обязательном порядке, когда необходимо по-девочковски зарядиться вкусным и красивым после энергозатратной…
more
3
Hide business's response
Official responseDecember 17, 2024
Спасибо за ваш отзыв","['5', '']","['5.0', '']","['1', '']","Оксана Х.
Level 11 Local Expert
Subscribe
December 14, 2024
Обожаю заведения этой сети! А на Компросе его еще сделали больше и ярче ✨
Захожу в СантОноре в обязательном порядке, когда необходимо по-девочковски зарядиться вкусным и красивым после энергозатратной…
more
3
Show business's response",2fd2e39c-ad53-4e31-baf9-a11b13e8756b
"[None, 'Artyom Gorbunov']","['https://avatars.mds.yandex.net/get-yapic/26057/oXJ8gWrN6QbqtCFvuyP65jXNgw-1/islands-68', '']","[None, 'Artyom Gorbunov']",,"[None, 'November 19, 2024']","['2024-11-19T09:15:55.795Z', '']","Artyom Gorbunov
Level 11 Local Expert
Subscribe
November 19, 2024
Хорошее кафе, небольшое и уютное местечко, особенно оценят любители Франции: ненавязчиво играет музыка с французскими песенками, удобные кресла и столики, но самое главное хорошие повара, нашей семье очень нравится выпечка и десерты, а на дни рождения детей уже…
more
2
1
Show business's response",False,"Artyom Gorbunov
Level 11 Local Expert
Subscribe
November 19, 2024
Хорошее кафе, небольшое и уютное местечко, особенно оценят любители Франции: ненавязчиво играет музыка с французскими песенками, удобные кресла и столики, но самое главное хорошие повара, нашей семье очень нравится выпечка и десерты, а на дни рождения детей уже…
more
2
1
Show business's response","Artyom Gorbunov
Level 11 Local Expert
Subscribe
November 19, 2024
Хорошее кафе, небольшое и уютное местечко, особенно оценят любители Франции: ненавязчиво играет музыка с французскими песенками, удобные кресла и столики, но самое главное хорошие повара, нашей семье очень нравится выпечка и десерты, а на дни рождения детей уже…
more
2
1
Hide business's response
Official responseNovember 21, 2024
Спасибо за такой отзыв","Artyom Gorbunov
Level 11 Local Expert
Subscribe
November 19, 2024
Хорошее кафе, небольшое и уютное местечко, особенно оценят любители Франции: ненавязчиво играет музыка с французскими песенками, удобные кресла и столики, но самое главное хорошие повара, нашей семье очень нравится выпечка и десерты, а на дни рождения детей уже…
more
2
1
Hide business's response
Official responseNovember 21, 2024
Спасибо за такой отзыв","['5', '']","['5.0', '']","['1', '']","Artyom Gorbunov
Level 11 Local Expert
Subscribe
November 19, 2024
Хорошее кафе, небольшое и уютное местечко, особенно оценят любители Франции: ненавязчиво играет музыка с французскими песенками, удобные кресла и столики, но самое главное хорошие повара, нашей семье очень нравится выпечка и десерты, а на дни рождения детей уже…
more
2
1
Show business's response",677acc07-2777-4198-b9d7-926211d8fd5f
"[None, 'МАРИНА б']","['https://avatars.mds.yandex.net/get-yapic/44850/eedRuiHP99aQu2BYMMub6Lz1I-1/islands-68', '']","[None, 'МАРИНА б']",,"[None, 'March 3']","['2026-03-03T14:55:30.590Z', '']","МАРИНА б
Level 8 Local Expert
Subscribe
March 3
Отличное кафе ,вкусный кофе ,торты, десерты и выпечка,приветливый персонал,всегда покупаю только у вас!!
Show business's response",False,"МАРИНА б
Level 8 Local Expert
Subscribe
March 3
Отличное кафе ,вкусный кофе ,торты, десерты и выпечка,приветливый персонал,всегда покупаю только у вас!!
Show business's response","МАРИНА б
Level 8 Local Expert
Subscribe
March 3
Отличное кафе ,вкусный кофе ,торты, десерты и выпечка,приветливый персонал,всегда покупаю только у вас!!
Hide business's response
Official responseMarch 4
Спасибо за ваш отзыв! Нам очень приятно, что вам понравилось в «СантОноре». Будем рады видеть вас снова за чашечкой кофе и любимым десертом!","МАРИНА б
Level 8 Local Expert
Subscribe
March 3
Отличное кафе ,вкусный кофе ,торты, десерты и выпечка,приветливый персонал,всегда покупаю только у вас!!
Hide business's response
Official responseMarch 4
Спасибо за ваш отзыв! Нам очень приятно, что вам понравилось в «СантОноре». Будем рады видеть вас снова за чашечкой кофе и любимым десертом!","['5', '']","['5.0', '']","['1', '']","МАРИНА б
Level 8 Local Expert
Subscribe
March 3
Отличное кафе ,вкусный кофе ,торты, десерты и выпечка,приветливый персонал,всегда покупаю только у вас!!
Show business's response",1a184678-8cb2-4115-b5f5-f5a7fec6666f
"[None, 'sdss']","['https://avatars.mds.yandex.net/get-yapic/38663/0b-9/islands-68', '']","[None, 'sdss']",,"[None, 'October 15, 2025']","['2025-10-15T07:00:52.401Z', '']","sdss
Level 2 Local Expert
Subscribe
October 15, 2025
Эта кондитерская стала для меня настоящим открытием. Здесь всегда можно найти как классические торты и пирожные, так и уникальные десерты 
Ассортимент кондитерской охватывает широкий спектр продукции,…
more
2
Show business's response",False,"sdss
Level 2 Local Expert
Subscribe
October 15, 2025
Эта кондитерская стала для меня настоящим открытием. Здесь всегда можно найти как классические торты и пирожные, так и уникальные десерты 
Ассортимент кондитерской охватывает широкий спектр продукции,…
more
2
Show business's response","sdss
Level 2 Local Expert
Subscribe
October 15, 2025
Эта кондитерская стала для меня настоящим открытием. Здесь всегда можно найти как классические торты и пирожные, так и уникальные десерты 
Ассортимент кондитерской охватывает широкий спектр продукции,…
more
2
Hide business's response
Official responseOctober 16, 2025
Благодарим вас за прекрасный отзыв и высокую оценку нашего творчества! Нас радует, что наша кондитерская смогла стать для вас источником вдохновения и удовольствия.
Ваше восхищение нашим ассортиментом и вниманием к деталям служит лучшим доказательством правильности выбранного пути. Именно благодаря таким отзывам, как ваш, мы стремимся создавать не просто десерты, а настоящие произведения кондитерского искусства, способные подарить радость каждому гостю.
Обещаем и дальше экспериментировать с рецептами, предлагать новые вкусы и радовать вас уникальными творениями. Приходите к нам снова, ведь каждое посещение дарит новые впечатления и удовольствие!
Искренне признательны за ваш выбор и поддержку!","sdss
Level 2 Local Expert
Subscribe
October 15, 2025
Эта кондитерская стала для меня настоящим открытием. Здесь всегда можно найти как классические торты и пирожные, так и уникальные десерты 
Ассортимент кондитерской охватывает широкий спектр продукции,…
more
2
Hide business's response
Official responseOctober 16, 2025
Благодарим вас за прекрасный отзыв и высокую оценку нашего творчества! Нас радует, что наша кондитерская смогла стать для вас источником вдохновения и удовольствия.
Ваше восхищение нашим ассортиментом и вниманием к деталям служит лучшим доказательством правильности выбранного пути. Именно благодаря таким отзывам, как ваш, мы стремимся создавать не просто десерты, а настоящие произведения кондитерского искусства, способные подарить радость каждому гостю.
Обещаем и дальше экспериментировать с рецептами, предлагать новые вкусы и радовать вас уникальными творениями. Приходите к нам снова, ведь каждое посещение дарит новые впечатления и удовольствие!
Искренне признательны за ваш выбор и поддержку!","['5', '']","['5.0', '']","['1', '']","sdss
Level 2 Local Expert
Subscribe
October 15, 2025
Эта кондитерская стала для меня настоящим открытием. Здесь всегда можно найти как классические торты и пирожные, так и уникальные десерты 
Ассортимент кондитерской охватывает широкий спектр продукции,…
more
2
Show business's response",27c4dd93-8086-4061-b90e-a2214593166e
"[None, 'Михаил Арамилев']","['https://avatars.mds.yandex.net/get-yapic/38135/S6Z4fW0FVea8bdf185hh1KeNM-1/islands-68', '']","[None, 'Михаил Арамилев']",,"[None, 'January 1']","['2026-01-01T07:03:55.274Z', '']","Михаил Арамилев
Level 30 Local Expert
Subscribe
January 1
Отличный выбор, очень вкусные торты. Ценник высоковат, очень мало мест на парковке тяжело поставить машину. Рекомендую посетить
1
Show business's response",False,"Михаил Арамилев
Level 30 Local Expert
Subscribe
January 1
Отличный выбор, очень вкусные торты. Ценник высоковат, очень мало мест на парковке тяжело поставить машину. Рекомендую посетить
1
Show business's response","Михаил Арамилев
Level 30 Local Expert
Subscribe
January 1
Отличный выбор, очень вкусные торты. Ценник высоковат, очень мало мест на парковке тяжело поставить машину. Рекомендую посетить
1
Hide business's response
Official responseJanuary 5
Михаил, добрый день!Спасибо большое за ваш отзыв и рекомендацию другим гостям! Мы искренне рады, что вы выбрали нас и получили удовольствие от вкуса наших тортов.
Относительно высокого ценника — мы постоянно работаем над поиском оптимального баланса между качеством используемых ингредиентов и стоимостью готовой продукции. Признаём важность доступной ценовой политики и активно изучаем возможности её оптимизации.
Пусть ваш следующий визит станет поводом для новых положительных впечатлений!","Михаил Арамилев
Level 30 Local Expert
Subscribe
January 1
Отличный выбор, очень вкусные торты. Ценник высоковат, очень мало мест на парковке тяжело поставить машину. Рекомендую посетить
1
Hide business's response
Official responseJanuary 5
Михаил, добрый день!Спасибо большое за ваш отзыв и рекомендацию другим гостям! Мы искренне рады, что вы выбрали нас и получили удовольствие от вкуса наших тортов.
Относительно высокого ценника — мы постоянно работаем над поиском оптимального баланса между качеством используемых ингредиентов и стоимостью готовой продукции. Признаём важность доступной ценовой политики и активно изучаем возможности её оптимизации.
Пусть ваш следующий визит станет поводом для новых положительных впечатлений!","['5', '']","['5.0', '']","['1', '']","Михаил Арамилев
Level 30 Local Expert
Subscribe
January 1
Отличный выбор, очень вкусные торты. Ценник высоковат, очень мало мест на парковке тяжело поставить машину. Рекомендую посетить
1
Show business's response",1f933430-fcc6-4227-aed7-6d45e301d264
"[None, 'Настя🍀']","['https://avatars.mds.yandex.net/get-yapic/32838/TDW90DQirf23JSZX0bOd18UCk-1/islands-68', '']","[None, 'Настя🍀']",,"[None, 'December 4, 2024']","['2024-12-04T03:44:48.469Z', '']","Настя🍀
Level 27 Local Expert
Subscribe
December 4, 2024
Частенько бываю здесь. Открылся второй зал. Уютно, чисто, красиво. На кассе обслуживание быстрое, приветливое, доброжелательное. Меню разнообразное. И конечно, самое главное, вкусно!
1
1
Show business's response",False,"Настя🍀
Level 27 Local Expert
Subscribe
December 4, 2024
Частенько бываю здесь. Открылся второй зал. Уютно, чисто, красиво. На кассе обслуживание быстрое, приветливое, доброжелательное. Меню разнообразное. И конечно, самое главное, вкусно!
1
1
Show business's response","Настя🍀
Level 27 Local Expert
Subscribe
December 4, 2024
Частенько бываю здесь. Открылся второй зал. Уютно, чисто, красиво. На кассе обслуживание быстрое, приветливое, доброжелательное. Меню разнообразное. И конечно, самое главное, вкусно!
1
1
Hide business's response
Official responseDecember 9, 2024
Благодарим за ваш отзыв","Настя🍀
Level 27 Local Expert
Subscribe
December 4, 2024
Частенько бываю здесь. Открылся второй зал. Уютно, чисто, красиво. На кассе обслуживание быстрое, приветливое, доброжелательное. Меню разнообразное. И конечно, самое главное, вкусно!
1
1
Hide business's response
Official responseDecember 9, 2024
Благодарим за ваш отзыв","['5', '']","['5.0', '']","['1', '']","Настя🍀
Level 27 Local Expert
Subscribe
December 4, 2024
Частенько бываю здесь. Открылся второй зал. Уютно, чисто, красиво. На кассе обслуживание быстрое, приветливое, доброжелательное. Меню разнообразное. И конечно, самое главное, вкусно!
1
1
Show business's response",46363349-daa2-49e5-8b74-eb073af4de75
"[None, 'Анна Лазарева']","['https://avatars.mds.yandex.net/get-yapic/40841/Q0wXWXWeYhGnpaJ3OSamJGIlPE-1/islands-68', '']","[None, 'Анна Лазарева']",,"[None, 'January 21']","['2026-01-21T07:07:31.709Z', '']","Анна Лазарева
Level 22 Local Expert
Subscribe
January 21
Вкусные тортики и пироги, уже несколько раз брали тут выпечку. Все качественно, много выбора и по адекватным ценам. Рекомендую данное место!
1
Show business's response",False,"Анна Лазарева
Level 22 Local Expert
Subscribe
January 21
Вкусные тортики и пироги, уже несколько раз брали тут выпечку. Все качественно, много выбора и по адекватным ценам. Рекомендую данное место!
1
Show business's response","Анна Лазарева
Level 22 Local Expert
Subscribe
January 21
Вкусные тортики и пироги, уже несколько раз брали тут выпечку. Все качественно, много выбора и по адекватным ценам. Рекомендую данное место!
1
Hide business's response
Official responseJanuary 25
Анна, добрый день!Спасибо большое за замечательный отзыв! Очень приятно услышать, что наши тортики и пироги стали постоянными фаворитами в вашем списке любимых лакомств. Качество, широкий ассортимент и доступные цены — это именно то, к чему мы стремимся. Спасибо, что выбрали нас и поделились своим мнением. Ждем вас снова!","Анна Лазарева
Level 22 Local Expert
Subscribe
January 21
Вкусные тортики и пироги, уже несколько раз брали тут выпечку. Все качественно, много выбора и по адекватным ценам. Рекомендую данное место!
1
Hide business's response
Official responseJanuary 25
Анна, добрый день!Спасибо большое за замечательный отзыв! Очень приятно услышать, что наши тортики и пироги стали постоянными фаворитами в вашем списке любимых лакомств. Качество, широкий ассортимент и доступные цены — это именно то, к чему мы стремимся. Спасибо, что выбрали нас и поделились своим мнением. Ждем вас снова!","['5', '']","['5.0', '']","['1', '']","Анна Лазарева
Level 22 Local Expert
Subscribe
January 21
Вкусные тортики и пироги, уже несколько раз брали тут выпечку. Все качественно, много выбора и по адекватным ценам. Рекомендую данное место!
1
Show business's response",7e010260-519a-4a29-8e1d-44bb2bbfbb71
"[None, 'Егор Винников']","['https://avatars.mds.yandex.net/get-yapic/37154/0t-2/islands-68', '']","[None, 'Егор Винников']",,"[None, 'January 10']","['2026-01-10T12:08:12.573Z', '']","Егор Винников
Level 10 Local Expert
Subscribe
January 10
Любимая кондитерская, сантоноре даёт большой ассортимент тортов и в целом десертов, особенно я люблю тут наполеон, это самый любимый торт, и полюбил я его именно здесь. Спасибо за вкуснейшие тортики!
Show business's response",False,"Егор Винников
Level 10 Local Expert
Subscribe
January 10
Любимая кондитерская, сантоноре даёт большой ассортимент тортов и в целом десертов, особенно я люблю тут наполеон, это самый любимый торт, и полюбил я его именно здесь. Спасибо за вкуснейшие тортики!
Show business's response","Егор Винников
Level 10 Local Expert
Subscribe
January 10
Любимая кондитерская, сантоноре даёт большой ассортимент тортов и в целом десертов, особенно я люблю тут наполеон, это самый любимый торт, и полюбил я его именно здесь. Спасибо за вкуснейшие тортики!
Hide business's response
Official responseJanuary 13
Егор, добрый день! Спасибо большое за ваш чудесный отзыв и сердечные слова! Нам безумно приятно, что именно наш Наполеон занял особое место в вашем сердце и стал любимым десертом. Мы делаем все возможное, чтобы каждое изделие радовало вас и ваших близких. Приходите к нам снова и заряжайтесь хорошим настроением и удовольствием от еды!","Егор Винников
Level 10 Local Expert
Subscribe
January 10
Любимая кондитерская, сантоноре даёт большой ассортимент тортов и в целом десертов, особенно я люблю тут наполеон, это самый любимый торт, и полюбил я его именно здесь. Спасибо за вкуснейшие тортики!
Hide business's response
Official responseJanuary 13
Егор, добрый день! Спасибо большое за ваш чудесный отзыв и сердечные слова! Нам безумно приятно, что именно наш Наполеон занял особое место в вашем сердце и стал любимым десертом. Мы делаем все возможное, чтобы каждое изделие радовало вас и ваших близких. Приходите к нам снова и заряжайтесь хорошим настроением и удовольствием от еды!","['5', '']","['5.0', '']","['1', '']","Егор Винников
Level 10 Local Expert
Subscribe
January 10
Любимая кондитерская, сантоноре даёт большой ассортимент тортов и в целом десертов, особенно я люблю тут наполеон, это самый любимый торт, и полюбил я его именно здесь. Спасибо за вкуснейшие тортики!
Show business's response",50a43fd5-b7b7-43a0-8c94-a54049c4a6a9
"[None, 'Aleks']","['https://avatars.mds.yandex.net/get-yapic/45566/ajiNRlnhotBI2hW8VJJ2tu7kb0-1/islands-68', '']","[None, 'Aleks']",,"[None, 'September 20, 2025']","['2025-09-20T02:32:57.804Z', '']","Aleks
Level 21 Local Expert
Subscribe
September 20, 2025
Как всегда вкусно. Удобно. Тихий компрос располагает к неспешным посиделкам за чашкой кофе с любимым десертом. Заметил, что сейчас стали быстрее подносы уносить, как только все съедено и выпито.
Show business's response",False,"Aleks
Level 21 Local Expert
Subscribe
September 20, 2025
Как всегда вкусно. Удобно. Тихий компрос располагает к неспешным посиделкам за чашкой кофе с любимым десертом. Заметил, что сейчас стали быстрее подносы уносить, как только все съедено и выпито.
Show business's response","Aleks
Level 21 Local Expert
Subscribe
September 20, 2025
Как всегда вкусно. Удобно. Тихий компрос располагает к неспешным посиделкам за чашкой кофе с любимым десертом. Заметил, что сейчас стали быстрее подносы уносить, как только все съедено и выпито.
Hide business's response
Official responseSeptember 20, 2025
Добрый день! Радостно слышать, что наш уютный уголок продолжает приносить вам приятные моменты отдыха и наслаждения любимыми лакомствами 🌸 Благодарим за добрые слова и внимание к деталям. Стремимся сделать пребывание комфортным и удобным для каждого гостя. Будем ждать вас снова насладиться ароматным кофе и изысканными десертами!","Aleks
Level 21 Local Expert
Subscribe
September 20, 2025
Как всегда вкусно. Удобно. Тихий компрос располагает к неспешным посиделкам за чашкой кофе с любимым десертом. Заметил, что сейчас стали быстрее подносы уносить, как только все съедено и выпито.
Hide business's response
Official responseSeptember 20, 2025
Добрый день! Радостно слышать, что наш уютный уголок продолжает приносить вам приятные моменты отдыха и наслаждения любимыми лакомствами 🌸 Благодарим за добрые слова и внимание к деталям. Стремимся сделать пребывание комфортным и удобным для каждого гостя. Будем ждать вас снова насладиться ароматным кофе и изысканными десертами!","['5', '']","['5.0', '']","['1', '']","Aleks
Level 21 Local Expert
Subscribe
September 20, 2025
Как всегда вкусно. Удобно. Тихий компрос располагает к неспешным посиделкам за чашкой кофе с любимым десертом. Заметил, что сейчас стали быстрее подносы уносить, как только все съедено и выпито.
Show business's response",13ceb4e9-7aad-4814-b5af-17dcd8aadc5e
"[None, 'Ирина Ковтанюк']","['https://avatars.mds.yandex.net/get-yapic/38663/0b-9/islands-68', '']","[None, 'Ирина Ковтанюк']",,"[None, 'January 16']","['2026-01-16T15:40:10.553Z', '']","Ирина Ковтанюк
Level 4 Local Expert
Subscribe
January 16
Делала заказ пироженных перед самым новым годом. Огромное спасибо за умение быстро сориентироваться администратора и найти выход из сложившейся ситуации, количество 30 одинаковых штук! Кондитерам отдельно низкий поклон за их шедевры!!!
3
Show business's response",False,"Ирина Ковтанюк
Level 4 Local Expert
Subscribe
January 16
Делала заказ пироженных перед самым новым годом. Огромное спасибо за умение быстро сориентироваться администратора и найти выход из сложившейся ситуации, количество 30 одинаковых штук! Кондитерам отдельно низкий поклон за их шедевры!!!
3
Show business's response","Ирина Ковтанюк
Level 4 Local Expert
Subscribe
January 16
Делала заказ пироженных перед самым новым годом. Огромное спасибо за умение быстро сориентироваться администратора и найти выход из сложившейся ситуации, количество 30 одинаковых штук! Кондитерам отдельно низкий поклон за их шедевры!!!
3
Hide business's response
Official responseJanuary 19
Ирина, добрый день! Искренне благодарим вас за теплый отзыв и высокую оценку нашей работы!
Подготовка к праздникам требует особой внимательности и профессионализма, и мы гордимся тем, что смогли справиться с поставленной задачей оперативно и качественно. Умение адаптироваться к любым обстоятельствам и находить решения даже в сложных ситуациях является одной из важнейших черт нашего коллектива.
Отдельно хотим выразить благодарность кондитерам, чье искусство превращает обычные ингредиенты в настоящие кулинарные произведения искусства. Благодаря их таланту и мастерству каждый гость получает неповторимое гастрономическое удовольствие.
Пусть новый год принесет вам много радости, счастья и приятных сюрпризов! Будем рады видеть вас снова среди наших любимых гостей.","Ирина Ковтанюк
Level 4 Local Expert
Subscribe
January 16
Делала заказ пироженных перед самым новым годом. Огромное спасибо за умение быстро сориентироваться администратора и найти выход из сложившейся ситуации, количество 30 одинаковых штук! Кондитерам отдельно низкий поклон за их шедевры!!!
3
Hide business's response
Official responseJanuary 19
Ирина, добрый день! Искренне благодарим вас за теплый отзыв и высокую оценку нашей работы!
Подготовка к праздникам требует особой внимательности и профессионализма, и мы гордимся тем, что смогли справиться с поставленной задачей оперативно и качественно. Умение адаптироваться к любым обстоятельствам и находить решения даже в сложных ситуациях является одной из важнейших черт нашего коллектива.
Отдельно хотим выразить благодарность кондитерам, чье искусство превращает обычные ингредиенты в настоящие кулинарные произведения искусства. Благодаря их таланту и мастерству каждый гость получает неповторимое гастрономическое удовольствие.
Пусть новый год принесет вам много радости, счастья и приятных сюрпризов! Будем рады видеть вас снова среди наших любимых гостей.","['5', '']","['5.0', '']","['1', '']","Ирина Ковтанюк
Level 4 Local Expert
Subscribe
January 16
Делала заказ пироженных перед самым новым годом. Огромное спасибо за умение быстро сориентироваться администратора и найти выход из сложившейся ситуации, количество 30 одинаковых штук! Кондитерам отдельно низкий поклон за их шедевры!!!
3
Show business's response",1823a486-d86d-48af-8c57-9ee8d829633c
"[None, 'Мария А.']","['https://avatars.mds.yandex.net/get-yapic/6214067/prNTNhuS2txKtJuKcRuFi20zsSA-1/islands-68', '']","[None, 'Мария А.']",,"[None, 'March 30, 2025']","['2025-03-30T12:59:05.527Z', '']","Мария А.
Level 3 Local Expert
Subscribe
March 30, 2025
Еда и напитки вкусные. Огорчает лишь обслуживание - медленное даже при наличии двух касс и достаточного количества персонала на виду. При заказе ""с собой"" не предложили ни лёгкий разогрев выпечки, ни салфетки, не добавили сахар в капучино как я просила. Выдача готового кофе…
more
4
Show business's response",False,"Мария А.
Level 3 Local Expert
Subscribe
March 30, 2025
Еда и напитки вкусные. Огорчает лишь обслуживание - медленное даже при наличии двух касс и достаточного количества персонала на виду. При заказе ""с собой"" не предложили ни лёгкий разогрев выпечки, ни салфетки, не добавили сахар в капучино как я просила. Выдача готового кофе…
more
4
Show business's response","Мария А.
Level 3 Local Expert
Subscribe
March 30, 2025
Еда и напитки вкусные. Огорчает лишь обслуживание - медленное даже при наличии двух касс и достаточного количества персонала на виду. При заказе ""с собой"" не предложили ни лёгкий разогрев выпечки, ни салфетки, не добавили сахар в капучино как я просила. Выдача готового кофе…
more
4
Hide business's response
Official responseApril 18, 2025
Благодарим вас за честный и очень ценный отзыв. Мы рады, что вам понравились наши напитки и выпечка — это действительно вдохновляет! 🙌
При этом, конечно, нам жаль, что ваш визит оставил ощущение неудобства. Вы абсолютно правы: сервис должен быть таким же продуманным и вкусным, как наша кухня.
Мы обязательно передадим ваши замечания команде — и уже сейчас планируем пересмотреть организацию зоны выдачи напитков, чтобы избежать пересечений и неудобных моментов. Также усилим контроль за выполнением просьб гостей — таких как сахар, салфетки, разогрев.
Спасибо, что делитесь впечатлениями — это помогает нам становиться лучше. Будем очень рады видеть вас снова и постараемся в следующий раз всё учесть до мелочей ☕✨","Мария А.
Level 3 Local Expert
Subscribe
March 30, 2025
Еда и напитки вкусные. Огорчает лишь обслуживание - медленное даже при наличии двух касс и достаточного количества персонала на виду. При заказе ""с собой"" не предложили ни лёгкий разогрев выпечки, ни салфетки, не добавили сахар в капучино как я просила. Выдача готового кофе…
more
4
Hide business's response
Official responseApril 18, 2025
Благодарим вас за честный и очень ценный отзыв. Мы рады, что вам понравились наши напитки и выпечка — это действительно вдохновляет! 🙌
При этом, конечно, нам жаль, что ваш визит оставил ощущение неудобства. Вы абсолютно правы: сервис должен быть таким же продуманным и вкусным, как наша кухня.
Мы обязательно передадим ваши замечания команде — и уже сейчас планируем пересмотреть организацию зоны выдачи напитков, чтобы избежать пересечений и неудобных моментов. Также усилим контроль за выполнением просьб гостей — таких как сахар, салфетки, разогрев.
Спасибо, что делитесь впечатлениями — это помогает нам становиться лучше. Будем очень рады видеть вас снова и постараемся в следующий раз всё учесть до мелочей ☕✨","['5', '']","['3.0', '']","['1', '']","Мария А.
Level 3 Local Expert
Subscribe
March 30, 2025
Еда и напитки вкусные. Огорчает лишь обслуживание - медленное даже при наличии двух касс и достаточного количества персонала на виду. При заказе ""с собой"" не предложили ни лёгкий разогрев выпечки, ни салфетки, не добавили сахар в капучино как я просила. Выдача готового кофе…
more
4
Show business's response",45591f9e-77ad-4147-9e71-90d181861574
"[None, 'Алёна Данько']","['https://avatars.mds.yandex.net/get-yapic/51169/enc-94781e11d9a306d3a0256891f30013fcc6b1d7f04f57abf94cb4236ab0c284a6/islands-68', '']","[None, 'Алёна Данько']",,"[None, 'April 23, 2025']","['2025-04-23T09:33:36.007Z', '']","Алёна Данько
Level 3 Local Expert
Subscribe
April 23, 2025
Очень вкусные десерты, бесспорно. Только вопросы к клиентоориентированности и работе с лояльностью.
Есть два дня рождения в семье подряд у членов семьи, и ни папе, ни племяннице мы не смогли приобрести торты с выгодой. Дело не в…
more
3
Show business's response",False,"Алёна Данько
Level 3 Local Expert
Subscribe
April 23, 2025
Очень вкусные десерты, бесспорно. Только вопросы к клиентоориентированности и работе с лояльностью.
Есть два дня рождения в семье подряд у членов семьи, и ни папе, ни племяннице мы не смогли приобрести торты с выгодой. Дело не в…
more
3
Show business's response","Алёна Данько
Level 3 Local Expert
Subscribe
April 23, 2025
Очень вкусные десерты, бесспорно. Только вопросы к клиентоориентированности и работе с лояльностью.
Есть два дня рождения в семье подряд у членов семьи, и ни папе, ни племяннице мы не смогли приобрести торты с выгодой. Дело не в…
more
3
Hide business's response
Official responseApril 25, 2025
Большое спасибо за ваш отзыв и за то, что нашли время поделиться своим опытом. Мы искренне рады, что вам нравятся наши десерты, но одновременно очень огорчены тем, что возникла такая ситуация с покупкой тортов для ваших близких.

но по закону РФ мы не можем брать данные третьих лиц,а вы их предоставлять , вы всегда можете воспользоваться нашей доставкой где именинник может себя подтвердить","Алёна Данько
Level 3 Local Expert
Subscribe
April 23, 2025
Очень вкусные десерты, бесспорно. Только вопросы к клиентоориентированности и работе с лояльностью.
Есть два дня рождения в семье подряд у членов семьи, и ни папе, ни племяннице мы не смогли приобрести торты с выгодой. Дело не в…
more
3
Hide business's response
Official responseApril 25, 2025
Большое спасибо за ваш отзыв и за то, что нашли время поделиться своим опытом. Мы искренне рады, что вам нравятся наши десерты, но одновременно очень огорчены тем, что возникла такая ситуация с покупкой тортов для ваших близких.

но по закону РФ мы не можем брать данные третьих лиц,а вы их предоставлять , вы всегда можете воспользоваться нашей доставкой где именинник может себя подтвердить","['5', '']","['2.0', '']","['1', '']","Алёна Данько
Level 3 Local Expert
Subscribe
April 23, 2025
Очень вкусные десерты, бесспорно. Только вопросы к клиентоориентированности и работе с лояльностью.
Есть два дня рождения в семье подряд у членов семьи, и ни папе, ни племяннице мы не смогли приобрести торты с выгодой. Дело не в…
more
3
Show business's response",b63686af-0075-4c72-be36-47ed05dbde5f
"[None, 'Алина']","['https://avatars.mds.yandex.net/get-yapic/30955/h4ofVCZjFSFEl3sLl5xFDkuLg-1/islands-68', '']","[None, 'Алина']",,"[None, 'April 14, 2025']","['2025-04-14T16:36:16.098Z', '']","Алина
Level 10 Local Expert
Subscribe
April 14, 2025
Всегда вкусно и сытно. Люблю брать тортики и пироги из этой кондитерской🫶
С этого года сделали ремонт и у них появилось еще 2 зала! Теперь их 3! 
Персонал вежливый…
more
3
Show business's response",False,"Алина
Level 10 Local Expert
Subscribe
April 14, 2025
Всегда вкусно и сытно. Люблю брать тортики и пироги из этой кондитерской🫶
С этого года сделали ремонт и у них появилось еще 2 зала! Теперь их 3! 
Персонал вежливый…
more
3
Show business's response","Алина
Level 10 Local Expert
Subscribe
April 14, 2025
Всегда вкусно и сытно. Люблю брать тортики и пироги из этой кондитерской🫶
С этого года сделали ремонт и у них появилось еще 2 зала! Теперь их 3! 
Персонал вежливый…
more
3
Hide business's response
Official responseApril 18, 2025
Вы — сладкий аккорд в нашем дне! Спасибо за тепло, вы невероятно нас мотивируете!","Алина
Level 10 Local Expert
Subscribe
April 14, 2025
Всегда вкусно и сытно. Люблю брать тортики и пироги из этой кондитерской🫶
С этого года сделали ремонт и у них появилось еще 2 зала! Теперь их 3! 
Персонал вежливый…
more
3
Hide business's response
Official responseApril 18, 2025
Вы — сладкий аккорд в нашем дне! Спасибо за тепло, вы невероятно нас мотивируете!","['5', '']","['5.0', '']","['1', '']","Алина
Level 10 Local Expert
Subscribe
April 14, 2025
Всегда вкусно и сытно. Люблю брать тортики и пироги из этой кондитерской🫶
С этого года сделали ремонт и у них появилось еще 2 зала! Теперь их 3! 
Персонал вежливый…
more
3
Show business's response",c2bc22ff-182f-4162-9ece-a86090ec2276
"[None, 'Всеволод Беляев']","['https://avatars.mds.yandex.net/get-yapic/62162/enc-e9b375086ea81ea567b7e475860beaae5df4fe34ed54eaad43cfdf7056873f16/islands-68', '']","[None, 'Всеволод Беляев']",,"[None, 'August 26, 2025']","['2025-08-26T15:55:58.072Z', '']","Всеволод Беляев
Level 16 Local Expert
Subscribe
August 26, 2025
Вкусная выпечка. Эклеры — вообще шик, особенно, с арахисом. Отдельная благодарность — за летник, который так мало в Перми, а здесь, на тихом Компроссе он особенно в тему.
Show business's response",False,"Всеволод Беляев
Level 16 Local Expert
Subscribe
August 26, 2025
Вкусная выпечка. Эклеры — вообще шик, особенно, с арахисом. Отдельная благодарность — за летник, который так мало в Перми, а здесь, на тихом Компроссе он особенно в тему.
Show business's response","Всеволод Беляев
Level 16 Local Expert
Subscribe
August 26, 2025
Вкусная выпечка. Эклеры — вообще шик, особенно, с арахисом. Отдельная благодарность — за летник, который так мало в Перми, а здесь, на тихом Компроссе он особенно в тему.
Hide business's response
Official responseAugust 29, 2025
Добрый день, Всеволод! Бесконечно благодарны вам за горячий отзыв и неподдельную радость от знакомства с нашей выпечкой! Читая ваше послание, мы словно заново проживаем мгновение первого укуса эклера с хрустящим слоем арахиса, которое стало началом нового этапа взаимоотношений с нашими гостями.
Особенно растроганны особыми похвалами в адрес ""летника"" — маленького островка посреди шумного города, куда стремятся ищущие тишины и спокойствия. Это место создано специально для вас, чтобы позволить душе немного отдохнуть и напитаться красотой природы, находясь вдали от городской суеты.
Мы стараемся держать традиции высокого качества и свежести, сохраняя бережное отношение к мелочам, создающим уникальную атмосферу заведения.
Будем рады видеть вас снова!","Всеволод Беляев
Level 16 Local Expert
Subscribe
August 26, 2025
Вкусная выпечка. Эклеры — вообще шик, особенно, с арахисом. Отдельная благодарность — за летник, который так мало в Перми, а здесь, на тихом Компроссе он особенно в тему.
Hide business's response
Official responseAugust 29, 2025
Добрый день, Всеволод! Бесконечно благодарны вам за горячий отзыв и неподдельную радость от знакомства с нашей выпечкой! Читая ваше послание, мы словно заново проживаем мгновение первого укуса эклера с хрустящим слоем арахиса, которое стало началом нового этапа взаимоотношений с нашими гостями.
Особенно растроганны особыми похвалами в адрес ""летника"" — маленького островка посреди шумного города, куда стремятся ищущие тишины и спокойствия. Это место создано специально для вас, чтобы позволить душе немного отдохнуть и напитаться красотой природы, находясь вдали от городской суеты.
Мы стараемся держать традиции высокого качества и свежести, сохраняя бережное отношение к мелочам, создающим уникальную атмосферу заведения.
Будем рады видеть вас снова!","['5', '']","['5.0', '']","['1', '']","Всеволод Беляев
Level 16 Local Expert
Subscribe
August 26, 2025
Вкусная выпечка. Эклеры — вообще шик, особенно, с арахисом. Отдельная благодарность — за летник, который так мало в Перми, а здесь, на тихом Компроссе он особенно в тему.
Show business's response",79f2bc1c-d81d-4aff-93c3-aadc9be1f769
"[None, 'Yu']","['https://avatars.mds.yandex.net/get-yapic/68143/A8o5MNGCJnIzBjYD6xkAj8LOPo-1/islands-68', '']","[None, 'Yu']",,"[None, 'April 20']","['2026-04-20T13:33:56.490Z', '']","Yu
Level 9 Local Expert
Subscribe
April 20
Вынужден написать негативный отзыв. Торты вкусные, всегда покупаем, и здесь и на Островского. НО!!! В магазине на Комсомольском проспекте ВСЕГДА большая очередь. Потому что большинство людей приходят попить кофе/чай и что-нибудь съесть. Работа персонала устроена так: на…
more
Show business's response",False,"Yu
Level 9 Local Expert
Subscribe
April 20
Вынужден написать негативный отзыв. Торты вкусные, всегда покупаем, и здесь и на Островского. НО!!! В магазине на Комсомольском проспекте ВСЕГДА большая очередь. Потому что большинство людей приходят попить кофе/чай и что-нибудь съесть. Работа персонала устроена так: на…
more
Show business's response","Yu
Level 9 Local Expert
Subscribe
April 20
Вынужден написать негативный отзыв. Торты вкусные, всегда покупаем, и здесь и на Островского. НО!!! В магазине на Комсомольском проспекте ВСЕГДА большая очередь. Потому что большинство людей приходят попить кофе/чай и что-нибудь съесть. Работа персонала устроена так: на…
more
Hide business's response
Official responseApril 21
Добрый день! Спасибо за отзыв и за то, что выбираете наши торты. Уже передали руководству предложения по организации отдельной кассы для покупки тортов. Приносим извинения за ожидание.","Yu
Level 9 Local Expert
Subscribe
April 20
Вынужден написать негативный отзыв. Торты вкусные, всегда покупаем, и здесь и на Островского. НО!!! В магазине на Комсомольском проспекте ВСЕГДА большая очередь. Потому что большинство людей приходят попить кофе/чай и что-нибудь съесть. Работа персонала устроена так: на…
more
Hide business's response
Official responseApril 21
Добрый день! Спасибо за отзыв и за то, что выбираете наши торты. Уже передали руководству предложения по организации отдельной кассы для покупки тортов. Приносим извинения за ожидание.","['5', '']","['1.0', '']","['1', '']","Yu
Level 9 Local Expert
Subscribe
April 20
Вынужден написать негативный отзыв. Торты вкусные, всегда покупаем, и здесь и на Островского. НО!!! В магазине на Комсомольском проспекте ВСЕГДА большая очередь. Потому что большинство людей приходят попить кофе/чай и что-нибудь съесть. Работа персонала устроена так: на…
more
Show business's response",320961cd-40d4-4b08-8103-c22041743dca
"[None, 'Айрен Рязанцева']","['https://avatars.mds.yandex.net/get-yapic/27232/QFw8bsTLCSkZ3dkFmT3MZLCZA9M-1/islands-68', '']","[None, 'Айрен Рязанцева']",,"[None, 'October 14, 2025']","['2025-10-14T16:50:00.172Z', '']","Айрен Рязанцева
Level 12 Local Expert
Subscribe
October 14, 2025
Вкусные пирожные, большой выбор. Жаль нет возможности выбрать объем кофе. Не очень удобно расположены столики в зале и посередине зала ступенька, когда вы с подносом нужно быть крайне аккуратным потому что она никак зрительно не выделена к сожалению
Show business's response",False,"Айрен Рязанцева
Level 12 Local Expert
Subscribe
October 14, 2025
Вкусные пирожные, большой выбор. Жаль нет возможности выбрать объем кофе. Не очень удобно расположены столики в зале и посередине зала ступенька, когда вы с подносом нужно быть крайне аккуратным потому что она никак зрительно не выделена к сожалению
Show business's response","Айрен Рязанцева
Level 12 Local Expert
Subscribe
October 14, 2025
Вкусные пирожные, большой выбор. Жаль нет возможности выбрать объем кофе. Не очень удобно расположены столики в зале и посередине зала ступенька, когда вы с подносом нужно быть крайне аккуратным потому что она никак зрительно не выделена к сожалению
Hide business's response
Official responseOctober 15, 2025
Айрен, добрый день! Огромное спасибо за ваш отзыв и внимание к деталям. Мы искренне ценим обратную связь от наших клиентов, поскольку именно она помогает нам становиться лучше.
Нам радостно слышать похвалу нашим сладостям и разнообразию ассортимента. 
По вопросам, связанным с разнообразием объема кофе и организации пространства внутри нашего кафе мы передадим ваши замечания руководству и рассмотрим возможные решения для повышения комфорта и удобства передвижения внутри помещения.
Наслаждайтесь нашими десертами и приходите к нам снова!","Айрен Рязанцева
Level 12 Local Expert
Subscribe
October 14, 2025
Вкусные пирожные, большой выбор. Жаль нет возможности выбрать объем кофе. Не очень удобно расположены столики в зале и посередине зала ступенька, когда вы с подносом нужно быть крайне аккуратным потому что она никак зрительно не выделена к сожалению
Hide business's response
Official responseOctober 15, 2025
Айрен, добрый день! Огромное спасибо за ваш отзыв и внимание к деталям. Мы искренне ценим обратную связь от наших клиентов, поскольку именно она помогает нам становиться лучше.
Нам радостно слышать похвалу нашим сладостям и разнообразию ассортимента. 
По вопросам, связанным с разнообразием объема кофе и организации пространства внутри нашего кафе мы передадим ваши замечания руководству и рассмотрим возможные решения для повышения комфорта и удобства передвижения внутри помещения.
Наслаждайтесь нашими десертами и приходите к нам снова!","['5', '']","['4.0', '']","['1', '']","Айрен Рязанцева
Level 12 Local Expert
Subscribe
October 14, 2025
Вкусные пирожные, большой выбор. Жаль нет возможности выбрать объем кофе. Не очень удобно расположены столики в зале и посередине зала ступенька, когда вы с подносом нужно быть крайне аккуратным потому что она никак зрительно не выделена к сожалению
Show business's response",712c7ab6-353b-4197-803c-764c38df5f31
"[None, 'Yana L.']","['https://avatars.mds.yandex.net/get-yapic/30061/8TJ6lbc8GGDh5vk0vbeE6ZjqjXs-1/islands-68', '']","[None, 'Yana L.']",,"[None, 'June 4, 2025']","['2025-06-04T17:49:24.572Z', '']","Yana L.
Level 4 Local Expert
Subscribe
June 4, 2025
Уютно. После ремонта ещё приятнее стала атмосфера в этом кафе
Вкусно. Из тортов самый любимый - ""Маковое поле'
Дорого. Ассортимент всегда позволяет сделать выбор в пользу того или иного десерта, но .... иногда его очень быстро разбирают
Плюсы: центр города, удобные способы оплаты
Show business's response",False,"Yana L.
Level 4 Local Expert
Subscribe
June 4, 2025
Уютно. После ремонта ещё приятнее стала атмосфера в этом кафе
Вкусно. Из тортов самый любимый - ""Маковое поле'
Дорого. Ассортимент всегда позволяет сделать выбор в пользу того или иного десерта, но .... иногда его очень быстро разбирают
Плюсы: центр города, удобные способы оплаты
Show business's response","Yana L.
Level 4 Local Expert
Subscribe
June 4, 2025
Уютно. После ремонта ещё приятнее стала атмосфера в этом кафе
Вкусно. Из тортов самый любимый - ""Маковое поле'
Дорого. Ассортимент всегда позволяет сделать выбор в пользу того или иного десерта, но .... иногда его очень быстро разбирают
Плюсы: центр города, удобные способы оплаты
Hide business's response
Official responseJune 9, 2025
Добрый день! Спасибо за Ваш отзыв!","Yana L.
Level 4 Local Expert
Subscribe
June 4, 2025
Уютно. После ремонта ещё приятнее стала атмосфера в этом кафе
Вкусно. Из тортов самый любимый - ""Маковое поле'
Дорого. Ассортимент всегда позволяет сделать выбор в пользу того или иного десерта, но .... иногда его очень быстро разбирают
Плюсы: центр города, удобные способы оплаты
Hide business's response
Official responseJune 9, 2025
Добрый день! Спасибо за Ваш отзыв!","['5', '']","['5.0', '']","['1', '']","Yana L.
Level 4 Local Expert
Subscribe
June 4, 2025
Уютно. После ремонта ещё приятнее стала атмосфера в этом кафе
Вкусно. Из тортов самый любимый - ""Маковое поле'
Дорого. Ассортимент всегда позволяет сделать выбор в пользу того или иного десерта, но .... иногда его очень быстро разбирают
Плюсы: центр города, удобные способы оплаты
Show business's response",504cc7fc-86ac-4c48-abfb-c7666c186a44
"[None, 'Алексей Патласов']","['https://avatars.mds.yandex.net/get-yapic/45848/s8KdUj9UINkoG3IUKrZDvxfDfw-1/islands-68', '']","[None, 'Алексей Патласов']",,"[None, 'July 22, 2025']","['2025-07-22T07:32:26.589Z', '']","Алексей Патласов
Level 7 Local Expert
Subscribe
July 22, 2025
Хорошее разнообразие тортов и других десертов. Всё свежее, вкусное, но хорошего понемногу!))) 
Если появляется непреодолимое желание поесть сладкого - то обязательно заезжаю сюда!…
more
3
Show business's response",False,"Алексей Патласов
Level 7 Local Expert
Subscribe
July 22, 2025
Хорошее разнообразие тортов и других десертов. Всё свежее, вкусное, но хорошего понемногу!))) 
Если появляется непреодолимое желание поесть сладкого - то обязательно заезжаю сюда!…
more
3
Show business's response","Алексей Патласов
Level 7 Local Expert
Subscribe
July 22, 2025
Хорошее разнообразие тортов и других десертов. Всё свежее, вкусное, но хорошего понемногу!))) 
Если появляется непреодолимое желание поесть сладкого - то обязательно заезжаю сюда!…
more
3
Hide business's response
Official responseJuly 23, 2025
Добрый день, Алексей! Благодарим Вас за отзыв и доверие к нашей компании. Нам очень важно получать такую обратную связь. Будем рады видеть вас снова!","Алексей Патласов
Level 7 Local Expert
Subscribe
July 22, 2025
Хорошее разнообразие тортов и других десертов. Всё свежее, вкусное, но хорошего понемногу!))) 
Если появляется непреодолимое желание поесть сладкого - то обязательно заезжаю сюда!…
more
3
Hide business's response
Official responseJuly 23, 2025
Добрый день, Алексей! Благодарим Вас за отзыв и доверие к нашей компании. Нам очень важно получать такую обратную связь. Будем рады видеть вас снова!","['5', '']","['5.0', '']","['1', '']","Алексей Патласов
Level 7 Local Expert
Subscribe
July 22, 2025
Хорошее разнообразие тортов и других десертов. Всё свежее, вкусное, но хорошего понемногу!))) 
Если появляется непреодолимое желание поесть сладкого - то обязательно заезжаю сюда!…
more
3
Show business's response",5251b042-dcb1-4328-a102-43c55a3a11c5
"[None, 'Ася Гусева']","['https://avatars.mds.yandex.net/get-yapic/57243/r1eZ8ybkP8DkdLR2uUKMZeHKYQ-1/islands-68', '']","[None, 'Ася Гусева']",,"[None, 'June 9, 2025']","['2025-06-09T12:00:42.577Z', '']","Ася Гусева
Level 12 Local Expert
Subscribe
June 9, 2025
Обожаю, особенно торт «Три молока». И ещё много чего вкусного у них. Заказываю тортики ко всем праздникам и корпоративам. Никогда не подводили ни со сроками, ни с качеством. Торт реально сочный, не приторный. Рекомендую хотя бы разок попробовать.
Show business's response",False,"Ася Гусева
Level 12 Local Expert
Subscribe
June 9, 2025
Обожаю, особенно торт «Три молока». И ещё много чего вкусного у них. Заказываю тортики ко всем праздникам и корпоративам. Никогда не подводили ни со сроками, ни с качеством. Торт реально сочный, не приторный. Рекомендую хотя бы разок попробовать.
Show business's response","Ася Гусева
Level 12 Local Expert
Subscribe
June 9, 2025
Обожаю, особенно торт «Три молока». И ещё много чего вкусного у них. Заказываю тортики ко всем праздникам и корпоративам. Никогда не подводили ни со сроками, ни с качеством. Торт реально сочный, не приторный. Рекомендую хотя бы разок попробовать.
Hide business's response
Official responseJune 12, 2025
Добрый день Ася! Благодарим Вас за отзыв и ждем Вас","Ася Гусева
Level 12 Local Expert
Subscribe
June 9, 2025
Обожаю, особенно торт «Три молока». И ещё много чего вкусного у них. Заказываю тортики ко всем праздникам и корпоративам. Никогда не подводили ни со сроками, ни с качеством. Торт реально сочный, не приторный. Рекомендую хотя бы разок попробовать.
Hide business's response
Official responseJune 12, 2025
Добрый день Ася! Благодарим Вас за отзыв и ждем Вас","['5', '']","['5.0', '']","['1', '']","Ася Гусева
Level 12 Local Expert
Subscribe
June 9, 2025
Обожаю, особенно торт «Три молока». И ещё много чего вкусного у них. Заказываю тортики ко всем праздникам и корпоративам. Никогда не подводили ни со сроками, ни с качеством. Торт реально сочный, не приторный. Рекомендую хотя бы разок попробовать.
Show business's response",8330fe75-1cb1-42c3-a57d-887069abcdbb
"[None, 'Юрий Макеев']","['https://avatars.mds.yandex.net/get-yapic/26311/0c-4/islands-68', '']","[None, 'Юрий Макеев']",,"[None, 'September 16, 2025']","['2025-09-16T12:37:06.351Z', '']","Юрий Макеев
Level 4 Local Expert
Subscribe
September 16, 2025
16.09. купил на день рождения жене торт. По качеству нет никаких претензий. Все время покупаем только здесь торты. На стене плакат: ""Именинникам 10 % скидка"". Заранее спросил за сколько дней до, после. Специально взял у жены паспорт. ДР день в день. Оказывается надо…
more
2
1
Show business's response",False,"Юрий Макеев
Level 4 Local Expert
Subscribe
September 16, 2025
16.09. купил на день рождения жене торт. По качеству нет никаких претензий. Все время покупаем только здесь торты. На стене плакат: ""Именинникам 10 % скидка"". Заранее спросил за сколько дней до, после. Специально взял у жены паспорт. ДР день в день. Оказывается надо…
more
2
1
Show business's response","Юрий Макеев
Level 4 Local Expert
Subscribe
September 16, 2025
16.09. купил на день рождения жене торт. По качеству нет никаких претензий. Все время покупаем только здесь торты. На стене плакат: ""Именинникам 10 % скидка"". Заранее спросил за сколько дней до, после. Специально взял у жены паспорт. ДР день в день. Оказывается надо…
more
2
1
Hide business's response
Official responseSeptember 17, 2025
Юрий, добрый день! Да действительно изменились правила предоставление скидки. Скидку мы предоставляем лично имениннику, как наш комплимент на его день рождения. Предоставляем скидку только при предъявлении документа. Вы можете оформить заказ на доставку и именинник при получении заказа предъявит документ. Приносим извинения за предоставленные неудобства.","Юрий Макеев
Level 4 Local Expert
Subscribe
September 16, 2025
16.09. купил на день рождения жене торт. По качеству нет никаких претензий. Все время покупаем только здесь торты. На стене плакат: ""Именинникам 10 % скидка"". Заранее спросил за сколько дней до, после. Специально взял у жены паспорт. ДР день в день. Оказывается надо…
more
2
1
Hide business's response
Official responseSeptember 17, 2025
Юрий, добрый день! Да действительно изменились правила предоставление скидки. Скидку мы предоставляем лично имениннику, как наш комплимент на его день рождения. Предоставляем скидку только при предъявлении документа. Вы можете оформить заказ на доставку и именинник при получении заказа предъявит документ. Приносим извинения за предоставленные неудобства.","['5', '']","['4.0', '']","['1', '']","Юрий Макеев
Level 4 Local Expert
Subscribe
September 16, 2025
16.09. купил на день рождения жене торт. По качеству нет никаких претензий. Все время покупаем только здесь торты. На стене плакат: ""Именинникам 10 % скидка"". Заранее спросил за сколько дней до, после. Специально взял у жены паспорт. ДР день в день. Оказывается надо…
more
2
1
Show business's response",0e0ee550-e7bc-4a32-92ae-3b263b90df25
"[None, 'Советова А']","['https://avatars.mds.yandex.net/get-yapic/6218514/Sa8QZ3iDlMuqrlCUiZx0gjGwW64-1/islands-68', '']","[None, 'Советова А']",,"[None, 'November 27, 2024']","['2024-11-27T06:32:19.341Z', '']","Советова А
Level 4 Local Expert
Subscribe
November 27, 2024
Всегда очень вкусно! Очень любим изделия данной кондитерской! Съеден не один десяток эклеров. Но сервис просто ужас. Со мной летом было два случая: пробили не тот товар и не то количество. В обоих случаях не то, что не извинились, ещё и меня обвинили, что плохо и тихо…
more
5
1
Show business's response",False,"Советова А
Level 4 Local Expert
Subscribe
November 27, 2024
Всегда очень вкусно! Очень любим изделия данной кондитерской! Съеден не один десяток эклеров. Но сервис просто ужас. Со мной летом было два случая: пробили не тот товар и не то количество. В обоих случаях не то, что не извинились, ещё и меня обвинили, что плохо и тихо…
more
5
1
Show business's response","Советова А
Level 4 Local Expert
Subscribe
November 27, 2024
Всегда очень вкусно! Очень любим изделия данной кондитерской! Съеден не один десяток эклеров. Но сервис просто ужас. Со мной летом было два случая: пробили не тот товар и не то количество. В обоих случаях не то, что не извинились, ещё и меня обвинили, что плохо и тихо…
more
5
1
Hide business's response
Official responseNovember 29, 2024
Добрый день! Благодарим Вас за обратную связь, нам очень жаль, что Вы испытали негативный опыт при посещении нашего кафе и приносим свои извинения. Мы обязательно проведём работу с сотрудниками! Уточните, пожалуйста, дату и примерное время посещения, чтобы мы могли тщательно разобраться в ситуации.","Советова А
Level 4 Local Expert
Subscribe
November 27, 2024
Всегда очень вкусно! Очень любим изделия данной кондитерской! Съеден не один десяток эклеров. Но сервис просто ужас. Со мной летом было два случая: пробили не тот товар и не то количество. В обоих случаях не то, что не извинились, ещё и меня обвинили, что плохо и тихо…
more
5
1
Hide business's response
Official responseNovember 29, 2024
Добрый день! Благодарим Вас за обратную связь, нам очень жаль, что Вы испытали негативный опыт при посещении нашего кафе и приносим свои извинения. Мы обязательно проведём работу с сотрудниками! Уточните, пожалуйста, дату и примерное время посещения, чтобы мы могли тщательно разобраться в ситуации.","['5', '']","['3.0', '']","['1', '']","Советова А
Level 4 Local Expert
Subscribe
November 27, 2024
Всегда очень вкусно! Очень любим изделия данной кондитерской! Съеден не один десяток эклеров. Но сервис просто ужас. Со мной летом было два случая: пробили не тот товар и не то количество. В обоих случаях не то, что не извинились, ещё и меня обвинили, что плохо и тихо…
more
5
1
Show business's response",467c671c-069e-4a8e-8198-444daf6c065b
"[None, 'Мария']","['https://avatars.mds.yandex.net/get-yapic/37154/ugxe1aYOHRHpaWjoj7cW3LBxq3k-1/islands-68', '']","[None, 'Мария']",,"[None, 'December 30, 2025']","['2025-12-30T14:19:58.219Z', '']","Мария
Level 17 Local Expert
Subscribe
December 30, 2025
Прекрасное место😍Часто сюда захожу. Очень большой выбор разных десертов! В самом кафе приятная, спокойная атмосфера, можно отдохнуть! Вежливый персонал.
Show business's response",False,"Мария
Level 17 Local Expert
Subscribe
December 30, 2025
Прекрасное место😍Часто сюда захожу. Очень большой выбор разных десертов! В самом кафе приятная, спокойная атмосфера, можно отдохнуть! Вежливый персонал.
Show business's response","Мария
Level 17 Local Expert
Subscribe
December 30, 2025
Прекрасное место😍Часто сюда захожу. Очень большой выбор разных десертов! В самом кафе приятная, спокойная атмосфера, можно отдохнуть! Вежливый персонал.
Hide business's response
Official responseJanuary 5
Мария, добрый день! Спасибо огромное за прекрасный отзыв и частое посещение нашего кафе! Нас действительно согревают такие слова поддержки и похвала за наш труд. Выбор десертов — это результат постоянных поисков лучших рецептов и свежих ингредиентов, и приятно, что вы отмечаете разнообразие ассортимента.
Атмосфера покоя и расслабленности — это то, к чему мы стремились при создании интерьера и общей обстановки. Пусть наши стены будут местом для приятного отдыха и восстановления энергии.
Вежливое общение — обязательная составляющая нашего сервиса, и мы ценим признание профессионального подхода сотрудников.
Приходите к нам чаще и наслаждайтесь отдыхом в приятной атмосфере!","Мария
Level 17 Local Expert
Subscribe
December 30, 2025
Прекрасное место😍Часто сюда захожу. Очень большой выбор разных десертов! В самом кафе приятная, спокойная атмосфера, можно отдохнуть! Вежливый персонал.
Hide business's response
Official responseJanuary 5
Мария, добрый день! Спасибо огромное за прекрасный отзыв и частое посещение нашего кафе! Нас действительно согревают такие слова поддержки и похвала за наш труд. Выбор десертов — это результат постоянных поисков лучших рецептов и свежих ингредиентов, и приятно, что вы отмечаете разнообразие ассортимента.
Атмосфера покоя и расслабленности — это то, к чему мы стремились при создании интерьера и общей обстановки. Пусть наши стены будут местом для приятного отдыха и восстановления энергии.
Вежливое общение — обязательная составляющая нашего сервиса, и мы ценим признание профессионального подхода сотрудников.
Приходите к нам чаще и наслаждайтесь отдыхом в приятной атмосфере!","['5', '']","['5.0', '']","['1', '']","Мария
Level 17 Local Expert
Subscribe
December 30, 2025
Прекрасное место😍Часто сюда захожу. Очень большой выбор разных десертов! В самом кафе приятная, спокойная атмосфера, можно отдохнуть! Вежливый персонал.
Show business's response",d6a02252-f299-4f91-afb0-215ebea8cfe6
"[None, 'Роман Бояршинов']","['https://avatars.mds.yandex.net/get-yapic/47747/h9L0VHlbwyRaI3Dh5TjpLNt6U4-1/islands-68', '']","[None, 'Роман Бояршинов']",,"[None, 'June 19, 2025']","['2025-06-19T15:21:16.901Z', '']","Роман Бояршинов
Level 8 Local Expert
Subscribe
June 19, 2025
Отличная кондитерская! Хорошее месторасположения! После прогулки по тихому компросу,зайти выпить чашку кофе,чая! Насладиться десертами! Есть детский уголок! Две кассы обслуживают!
Show business's response",False,"Роман Бояршинов
Level 8 Local Expert
Subscribe
June 19, 2025
Отличная кондитерская! Хорошее месторасположения! После прогулки по тихому компросу,зайти выпить чашку кофе,чая! Насладиться десертами! Есть детский уголок! Две кассы обслуживают!
Show business's response","Роман Бояршинов
Level 8 Local Expert
Subscribe
June 19, 2025
Отличная кондитерская! Хорошее месторасположения! После прогулки по тихому компросу,зайти выпить чашку кофе,чая! Насладиться десертами! Есть детский уголок! Две кассы обслуживают!
Hide business's response
Official responseJune 23, 2025
Доброе утро Роман! Спасибо за Ваш отзыв","Роман Бояршинов
Level 8 Local Expert
Subscribe
June 19, 2025
Отличная кондитерская! Хорошее месторасположения! После прогулки по тихому компросу,зайти выпить чашку кофе,чая! Насладиться десертами! Есть детский уголок! Две кассы обслуживают!
Hide business's response
Official responseJune 23, 2025
Доброе утро Роман! Спасибо за Ваш отзыв","['5', '']","['4.0', '']","['1', '']","Роман Бояршинов
Level 8 Local Expert
Subscribe
June 19, 2025
Отличная кондитерская! Хорошее месторасположения! После прогулки по тихому компросу,зайти выпить чашку кофе,чая! Насладиться десертами! Есть детский уголок! Две кассы обслуживают!
Show business's response",3d3aa09d-774e-4bb1-9430-76cf317bf858
"[None, 'Александра Михеева']","['https://avatars.mds.yandex.net/get-yapic/57243/0b-2/islands-68', '']","[None, 'Александра Михеева']",,"[None, 'November 12, 2025']","['2025-11-12T15:25:40.215Z', '']","Александра Михеева
Level 12 Local Expert
Subscribe
November 12, 2025
Прекрасное кафе с отличной выпечкой. Разнообразные торты и пирожное, пироги и киш. Уютная атмосфера
Show business's response",False,"Александра Михеева
Level 12 Local Expert
Subscribe
November 12, 2025
Прекрасное кафе с отличной выпечкой. Разнообразные торты и пирожное, пироги и киш. Уютная атмосфера
Show business's response","Александра Михеева
Level 12 Local Expert
Subscribe
November 12, 2025
Прекрасное кафе с отличной выпечкой. Разнообразные торты и пирожное, пироги и киш. Уютная атмосфера
Hide business's response
Official responseNovember 13, 2025
Александра, добрый день! Огромное спасибо за прекрасный отзыв! Мы очень гордимся тем, что смогли порадовать вас качественной выпечкой и разнообразием десертов. Ваша похвала значит для нас многое, ведь создание уютной атмосферы и угощение гостей вкусными блюдами — главная цель нашей команды. Будем рады видеть вас снова, чтобы подарить новые гастрономические впечатления и хорошее настроение!","Александра Михеева
Level 12 Local Expert
Subscribe
November 12, 2025
Прекрасное кафе с отличной выпечкой. Разнообразные торты и пирожное, пироги и киш. Уютная атмосфера
Hide business's response
Official responseNovember 13, 2025
Александра, добрый день! Огромное спасибо за прекрасный отзыв! Мы очень гордимся тем, что смогли порадовать вас качественной выпечкой и разнообразием десертов. Ваша похвала значит для нас многое, ведь создание уютной атмосферы и угощение гостей вкусными блюдами — главная цель нашей команды. Будем рады видеть вас снова, чтобы подарить новые гастрономические впечатления и хорошее настроение!","['5', '']","['5.0', '']","['1', '']","Александра Михеева
Level 12 Local Expert
Subscribe
November 12, 2025
Прекрасное кафе с отличной выпечкой. Разнообразные торты и пирожное, пироги и киш. Уютная атмосфера
Show business's response",1fb562c6-ec72-4a1d-a85b-0d120008383f
"[None, 'Матвей Астафьев']","['https://avatars.mds.yandex.net/get-yapic/30955/t1GsozJkUCYim3P4mvlSAGdEOI-1/islands-68', '']","[None, 'Матвей Астафьев']",,"[None, 'April 27']","['2026-04-27T11:30:57.240Z', '']","Матвей Астафьев
Level 6 Local Expert
Subscribe
April 27
«Потрясающий кондитер! Десерты — просто объедение, тают во рту. Выглядят как произведения искусства. Обязательно буду советовать друзьям и близким. Спасибо за ваш труд!»
Show business's response",False,"Матвей Астафьев
Level 6 Local Expert
Subscribe
April 27
«Потрясающий кондитер! Десерты — просто объедение, тают во рту. Выглядят как произведения искусства. Обязательно буду советовать друзьям и близким. Спасибо за ваш труд!»
Show business's response","Матвей Астафьев
Level 6 Local Expert
Subscribe
April 27
«Потрясающий кондитер! Десерты — просто объедение, тают во рту. Выглядят как произведения искусства. Обязательно буду советовать друзьям и близким. Спасибо за ваш труд!»
Hide business's response
Official response5 days ago
Добрый день Матвей! Ваш отзыв вдохновляет нас работать еще лучше. Мы будем рады видеть вас снова в нашем кафе. Приходите к нам за вкусной едой и хорошим настроением.","Матвей Астафьев
Level 6 Local Expert
Subscribe
April 27
«Потрясающий кондитер! Десерты — просто объедение, тают во рту. Выглядят как произведения искусства. Обязательно буду советовать друзьям и близким. Спасибо за ваш труд!»
Hide business's response
Official response5 days ago
Добрый день Матвей! Ваш отзыв вдохновляет нас работать еще лучше. Мы будем рады видеть вас снова в нашем кафе. Приходите к нам за вкусной едой и хорошим настроением.","['5', '']","['5.0', '']","['1', '']","Матвей Астафьев
Level 6 Local Expert
Subscribe
April 27
«Потрясающий кондитер! Десерты — просто объедение, тают во рту. Выглядят как произведения искусства. Обязательно буду советовать друзьям и близким. Спасибо за ваш труд!»
Show business's response",d791fc34-18ae-443d-ae64-1efb91dc0e7a
"[None, 'Юлия Мельникова']","['https://avatars.mds.yandex.net/get-yapic/36777/enc-564f99191f857c3c62c9a7a5e11f4448bb74eab5a9374220947e3e6460aab2f6/islands-68', '']","[None, 'Юлия Мельникова']",,"[None, 'October 25, 2025']","['2025-10-25T16:51:03.412Z', '']","Юлия Мельникова
Level 10 Local Expert
Subscribe
October 25, 2025
Часто сюда захожу, недавно сделали огромную площадь для столиков. Можно отдельно отдохнуть с ребёнком есть отдельная комната. Хороший ассортимент, большой выбор свежее все.
Show business's response",False,"Юлия Мельникова
Level 10 Local Expert
Subscribe
October 25, 2025
Часто сюда захожу, недавно сделали огромную площадь для столиков. Можно отдельно отдохнуть с ребёнком есть отдельная комната. Хороший ассортимент, большой выбор свежее все.
Show business's response","Юлия Мельникова
Level 10 Local Expert
Subscribe
October 25, 2025
Часто сюда захожу, недавно сделали огромную площадь для столиков. Можно отдельно отдохнуть с ребёнком есть отдельная комната. Хороший ассортимент, большой выбор свежее все.
Hide business's response
Official responseOctober 26, 2025
Юлия, добрый день! Спасибо большое за позитивный отзыв! Очень приятно осознавать, что наша кофейня стала любимым местом отдыха для вас и ваших близких. 
Мы внимательно следим за качеством продуктов и предлагаем широкий ассортимент свежих блюд и напитков, чтобы удовлетворить вкусы всех наших гостей. Надеемся продолжать радовать вас новыми предложениями и уютной атмосферой!
До встречи в нашем кафе! 😊🍵","Юлия Мельникова
Level 10 Local Expert
Subscribe
October 25, 2025
Часто сюда захожу, недавно сделали огромную площадь для столиков. Можно отдельно отдохнуть с ребёнком есть отдельная комната. Хороший ассортимент, большой выбор свежее все.
Hide business's response
Official responseOctober 26, 2025
Юлия, добрый день! Спасибо большое за позитивный отзыв! Очень приятно осознавать, что наша кофейня стала любимым местом отдыха для вас и ваших близких. 
Мы внимательно следим за качеством продуктов и предлагаем широкий ассортимент свежих блюд и напитков, чтобы удовлетворить вкусы всех наших гостей. Надеемся продолжать радовать вас новыми предложениями и уютной атмосферой!
До встречи в нашем кафе! 😊🍵","['5', '']","['5.0', '']","['1', '']","Юлия Мельникова
Level 10 Local Expert
Subscribe
October 25, 2025
Часто сюда захожу, недавно сделали огромную площадь для столиков. Можно отдельно отдохнуть с ребёнком есть отдельная комната. Хороший ассортимент, большой выбор свежее все.
Show business's response",ac1360e1-2343-452f-9988-6c35e00709a1
"[None, 'Олег']","['https://avatars.mds.yandex.net/get-yapic/28439/twKfEUge14BZYtgIVnubBcUw6As-1/islands-68', '']","[None, 'Олег']",,"[None, 'January 14, 2025']","['2025-01-14T18:54:45.333Z', '']","Олег
Level 14 Local Expert
Subscribe
January 14, 2025
Отличная сеть кондитерских! Всегда большой ассортимент свежих, вкусных, красивых сладостей на любой вкус и, причем, из натуральных продуктов. Но в праздничные и предпраздничные дни быстро разбирают торты.
3
Show business's response",False,"Олег
Level 14 Local Expert
Subscribe
January 14, 2025
Отличная сеть кондитерских! Всегда большой ассортимент свежих, вкусных, красивых сладостей на любой вкус и, причем, из натуральных продуктов. Но в праздничные и предпраздничные дни быстро разбирают торты.
3
Show business's response","Олег
Level 14 Local Expert
Subscribe
January 14, 2025
Отличная сеть кондитерских! Всегда большой ассортимент свежих, вкусных, красивых сладостей на любой вкус и, причем, из натуральных продуктов. Но в праздничные и предпраздничные дни быстро разбирают торты.
3
Hide business's response
Official responseJanuary 16, 2025
Спасибо за ваш отзыв","Олег
Level 14 Local Expert
Subscribe
January 14, 2025
Отличная сеть кондитерских! Всегда большой ассортимент свежих, вкусных, красивых сладостей на любой вкус и, причем, из натуральных продуктов. Но в праздничные и предпраздничные дни быстро разбирают торты.
3
Hide business's response
Official responseJanuary 16, 2025
Спасибо за ваш отзыв","['5', '']","['5.0', '']","['1', '']","Олег
Level 14 Local Expert
Subscribe
January 14, 2025
Отличная сеть кондитерских! Всегда большой ассортимент свежих, вкусных, красивых сладостей на любой вкус и, причем, из натуральных продуктов. Но в праздничные и предпраздничные дни быстро разбирают торты.
3
Show business's response",5b7bf758-6ef1-484a-8bb5-7aa0ebd3099c
"[None, 'Дарья Ужанкова']","['https://avatars.mds.yandex.net/get-yapic/45131/k1mqliY7w2MkJVvMhHcds9Vs1e4-1/islands-68', '']","[None, 'Дарья Ужанкова']",,"[None, 'April 8, 2025']","['2025-04-08T11:28:36.450Z', '']","Дарья Ужанкова
Level 10 Local Expert
Subscribe
April 8, 2025
Масса факторов, которые в последнее время побуждают сменить кондитерскую.
1. Формат продажи товара. Персонал наняли, вторую кассу открыли, а очереди стали только больше. Не понятно где заканчивается одна…
more
5
Show business's response",False,"Дарья Ужанкова
Level 10 Local Expert
Subscribe
April 8, 2025
Масса факторов, которые в последнее время побуждают сменить кондитерскую.
1. Формат продажи товара. Персонал наняли, вторую кассу открыли, а очереди стали только больше. Не понятно где заканчивается одна…
more
5
Show business's response","Дарья Ужанкова
Level 10 Local Expert
Subscribe
April 8, 2025
Масса факторов, которые в последнее время побуждают сменить кондитерскую.
1. Формат продажи товара. Персонал наняли, вторую кассу открыли, а очереди стали только больше. Не понятно где заканчивается одна…
more
5
Hide business's response
Official responseApril 18, 2025
Благодарим вас за развёрнутую и честную обратную связь. Нам действительно очень жаль, что ваш опыт общения с нашей кондитерской был омрачён такими ситуациями — и особенно тем, как с вами общались в процессе решения проблемы.
Вы абсолютно правы: важно не только качество продукта, но и сервис на всех этапах — от заказа до упаковки. Мы видим, что по каждому пункту, который вы упомянули, есть куда расти. Мы уже начали пересматривать внутренние процессы, чтобы избежать таких ситуаций впредь.
Мы искренне приносим вам извинения. 
Спасибо, что дали нам возможность услышать вас. Мы действительно это ценим.","Дарья Ужанкова
Level 10 Local Expert
Subscribe
April 8, 2025
Масса факторов, которые в последнее время побуждают сменить кондитерскую.
1. Формат продажи товара. Персонал наняли, вторую кассу открыли, а очереди стали только больше. Не понятно где заканчивается одна…
more
5
Hide business's response
Official responseApril 18, 2025
Благодарим вас за развёрнутую и честную обратную связь. Нам действительно очень жаль, что ваш опыт общения с нашей кондитерской был омрачён такими ситуациями — и особенно тем, как с вами общались в процессе решения проблемы.
Вы абсолютно правы: важно не только качество продукта, но и сервис на всех этапах — от заказа до упаковки. Мы видим, что по каждому пункту, который вы упомянули, есть куда расти. Мы уже начали пересматривать внутренние процессы, чтобы избежать таких ситуаций впредь.
Мы искренне приносим вам извинения. 
Спасибо, что дали нам возможность услышать вас. Мы действительно это ценим.","['5', '']","['1.0', '']","['1', '']","Дарья Ужанкова
Level 10 Local Expert
Subscribe
April 8, 2025
Масса факторов, которые в последнее время побуждают сменить кондитерскую.
1. Формат продажи товара. Персонал наняли, вторую кассу открыли, а очереди стали только больше. Не понятно где заканчивается одна…
more
5
Show business's response",a31edae8-c0a8-48eb-b57c-0bcfaef28ed5
"[None, 'А К']","['https://avatars.mds.yandex.net/get-yapic/37154/0s-8/islands-68', '']","[None, 'А К']",,"[None, 'January 14, 2025']","['2025-01-14T04:15:26.624Z', '']","А К
Level 10 Local Expert
Subscribe
January 14, 2025
Уютное местечко. Здесь можно посидеть в тишине и насладиться вкусной выпечкой и десертом!
Торты покупаем тут не первый раз. Нравится, что в составе нет неприятных добавок.
Продавцы доброжелательные.
3
Show business's response",False,"А К
Level 10 Local Expert
Subscribe
January 14, 2025
Уютное местечко. Здесь можно посидеть в тишине и насладиться вкусной выпечкой и десертом!
Торты покупаем тут не первый раз. Нравится, что в составе нет неприятных добавок.
Продавцы доброжелательные.
3
Show business's response","А К
Level 10 Local Expert
Subscribe
January 14, 2025
Уютное местечко. Здесь можно посидеть в тишине и насладиться вкусной выпечкой и десертом!
Торты покупаем тут не первый раз. Нравится, что в составе нет неприятных добавок.
Продавцы доброжелательные.
3
Hide business's response
Official responseJanuary 16, 2025
Благодарим за ваш отзыв","А К
Level 10 Local Expert
Subscribe
January 14, 2025
Уютное местечко. Здесь можно посидеть в тишине и насладиться вкусной выпечкой и десертом!
Торты покупаем тут не первый раз. Нравится, что в составе нет неприятных добавок.
Продавцы доброжелательные.
3
Hide business's response
Official responseJanuary 16, 2025
Благодарим за ваш отзыв","['5', '']","['5.0', '']","['1', '']","А К
Level 10 Local Expert
Subscribe
January 14, 2025
Уютное местечко. Здесь можно посидеть в тишине и насладиться вкусной выпечкой и десертом!
Торты покупаем тут не первый раз. Нравится, что в составе нет неприятных добавок.
Продавцы доброжелательные.
3
Show business's response",bbd4bf38-cfc9-44dc-9295-175cf3fe2014
"[None, 'Наталья С.']","['https://avatars.mds.yandex.net/get-yapic/38663/0g-1/islands-68', '']","[None, 'Наталья С.']",,"[None, 'November 3, 2025']","['2025-11-03T14:54:54.747Z', '']","Наталья С.
Level 8 Local Expert
Subscribe
November 3, 2025
Пришла сюда за медовиком. Но видимо популярное пироженое, всё разобрали😄
Взяла ""ШерАми"" -вкусная пироженка, похожа на медовик, ещё и с фруктами. Еще взяла рожок. Тоже очень…
more
Show business's response",False,"Наталья С.
Level 8 Local Expert
Subscribe
November 3, 2025
Пришла сюда за медовиком. Но видимо популярное пироженое, всё разобрали😄
Взяла ""ШерАми"" -вкусная пироженка, похожа на медовик, ещё и с фруктами. Еще взяла рожок. Тоже очень…
more
Show business's response","Наталья С.
Level 8 Local Expert
Subscribe
November 3, 2025
Пришла сюда за медовиком. Но видимо популярное пироженое, всё разобрали😄
Взяла ""ШерАми"" -вкусная пироженка, похожа на медовик, ещё и с фруктами. Еще взяла рожок. Тоже очень…
more
Hide business's response
Official responseNovember 5, 2025
Наталья, добрый день! Огромное спасибо за теплый отзыв о вкусе наших пирожных. Нам чрезвычайно приятно получать положительные отклики от наших любимых гостей.
Однако крайне огорчились, узнав о вашей неприятности с мухой на пирожном. Все наши помещения и оборудование проходят регулярную обработку и контроль соответствия СанПину, установлены специальные защитные средства.
По факту вашего обращения незамедлительно проведена проверка и приняты дополнительные профилактические меры для исключения повторного появления насекомых в зале и зоне обслуживания клиентов.
Примите наши самые искренние извинения за испорченное настроение и продукт. В качестве комплемента приглашаем вас на кружечку ароматного кофе!","Наталья С.
Level 8 Local Expert
Subscribe
November 3, 2025
Пришла сюда за медовиком. Но видимо популярное пироженое, всё разобрали😄
Взяла ""ШерАми"" -вкусная пироженка, похожа на медовик, ещё и с фруктами. Еще взяла рожок. Тоже очень…
more
Hide business's response
Official responseNovember 5, 2025
Наталья, добрый день! Огромное спасибо за теплый отзыв о вкусе наших пирожных. Нам чрезвычайно приятно получать положительные отклики от наших любимых гостей.
Однако крайне огорчились, узнав о вашей неприятности с мухой на пирожном. Все наши помещения и оборудование проходят регулярную обработку и контроль соответствия СанПину, установлены специальные защитные средства.
По факту вашего обращения незамедлительно проведена проверка и приняты дополнительные профилактические меры для исключения повторного появления насекомых в зале и зоне обслуживания клиентов.
Примите наши самые искренние извинения за испорченное настроение и продукт. В качестве комплемента приглашаем вас на кружечку ароматного кофе!","['5', '']","['4.0', '']","['1', '']","Наталья С.
Level 8 Local Expert
Subscribe
November 3, 2025
Пришла сюда за медовиком. Но видимо популярное пироженое, всё разобрали😄
Взяла ""ШерАми"" -вкусная пироженка, похожа на медовик, ещё и с фруктами. Еще взяла рожок. Тоже очень…
more
Show business's response",227bd469-c23f-4e1e-ac57-a047a8d647b3
"[None, 'Валерий Попов']","['https://avatars.mds.yandex.net/get-yapic/53031/enc-89276d89291b3e6629322e8150d55e8564bb0cae7a25e15a5a4d5b54a85f7727/islands-68', '']","[None, 'Валерий Попов']",,"[None, 'January 6, 2025']","['2025-01-06T05:59:02.035Z', '']","Валерий Попов
Level 6 Local Expert
Subscribe
January 6, 2025
Вау, самое чудное французское кафе!
Пирожные, торты, кофе, чай и другие вкусности. Отличное обслуживание. Приятный интерьер! Пройти мимо невозможно!
Show business's response",False,"Валерий Попов
Level 6 Local Expert
Subscribe
January 6, 2025
Вау, самое чудное французское кафе!
Пирожные, торты, кофе, чай и другие вкусности. Отличное обслуживание. Приятный интерьер! Пройти мимо невозможно!
Show business's response","Валерий Попов
Level 6 Local Expert
Subscribe
January 6, 2025
Вау, самое чудное французское кафе!
Пирожные, торты, кофе, чай и другие вкусности. Отличное обслуживание. Приятный интерьер! Пройти мимо невозможно!
Hide business's response
Official responseJanuary 8, 2025
Спасибо за приятный отклик","Валерий Попов
Level 6 Local Expert
Subscribe
January 6, 2025
Вау, самое чудное французское кафе!
Пирожные, торты, кофе, чай и другие вкусности. Отличное обслуживание. Приятный интерьер! Пройти мимо невозможно!
Hide business's response
Official responseJanuary 8, 2025
Спасибо за приятный отклик","['5', '']","['5.0', '']","['1', '']","Валерий Попов
Level 6 Local Expert
Subscribe
January 6, 2025
Вау, самое чудное французское кафе!
Пирожные, торты, кофе, чай и другие вкусности. Отличное обслуживание. Приятный интерьер! Пройти мимо невозможно!
Show business's response",8da581be-f2a2-4a95-adf7-12021432a66c
"[None, 'Айгуль Ш.']","['https://avatars.mds.yandex.net/get-yapic/45566/V383jfjF9woh0yHRAGSrEsoZc-1/islands-68', '']","[None, 'Айгуль Ш.']",,"[None, 'December 15, 2024']","['2024-12-15T10:15:28.884Z', '']","Айгуль Ш.
Level 12 Local Expert
Subscribe
December 15, 2024
Любимое кафе рядом с домом. С удовольствием приходим насладиться вкусными десертами и ароматным чаем. Неоднократно заказывали здесь торты для торжественных случаев. 
Рекомендую к посещению.
1
Show business's response",False,"Айгуль Ш.
Level 12 Local Expert
Subscribe
December 15, 2024
Любимое кафе рядом с домом. С удовольствием приходим насладиться вкусными десертами и ароматным чаем. Неоднократно заказывали здесь торты для торжественных случаев. 
Рекомендую к посещению.
1
Show business's response","Айгуль Ш.
Level 12 Local Expert
Subscribe
December 15, 2024
Любимое кафе рядом с домом. С удовольствием приходим насладиться вкусными десертами и ароматным чаем. Неоднократно заказывали здесь торты для торжественных случаев. 
Рекомендую к посещению.
1
Hide business's response
Official responseDecember 17, 2024
Спасибо за такой отзыв","Айгуль Ш.
Level 12 Local Expert
Subscribe
December 15, 2024
Любимое кафе рядом с домом. С удовольствием приходим насладиться вкусными десертами и ароматным чаем. Неоднократно заказывали здесь торты для торжественных случаев. 
Рекомендую к посещению.
1
Hide business's response
Official responseDecember 17, 2024
Спасибо за такой отзыв","['5', '']","['5.0', '']","['1', '']","Айгуль Ш.
Level 12 Local Expert
Subscribe
December 15, 2024
Любимое кафе рядом с домом. С удовольствием приходим насладиться вкусными десертами и ароматным чаем. Неоднократно заказывали здесь торты для торжественных случаев. 
Рекомендую к посещению.
1
Show business's response",943450ce-c1f7-4bb5-b1f2-08d01bdb9d84
"[None, 'Оксана П.']","['https://avatars.mds.yandex.net/get-yapic/64336/oqSABhf6vc53RNZVLdeP9DRNksw-1/islands-68', '']","[None, 'Оксана П.']",,"[None, 'October 11, 2025']","['2025-10-11T10:42:59.184Z', '']","Оксана П.
Level 9 Local Expert
Subscribe
October 11, 2025
Уютное местечко.Все вкусно как и всегда в этой сети кафе.Внутри приятная обстановка.Доступные цены и большой ассортимент десертов и выпечки! Рекомендую!
Show business's response",False,"Оксана П.
Level 9 Local Expert
Subscribe
October 11, 2025
Уютное местечко.Все вкусно как и всегда в этой сети кафе.Внутри приятная обстановка.Доступные цены и большой ассортимент десертов и выпечки! Рекомендую!
Show business's response","Оксана П.
Level 9 Local Expert
Subscribe
October 11, 2025
Уютное местечко.Все вкусно как и всегда в этой сети кафе.Внутри приятная обстановка.Доступные цены и большой ассортимент десертов и выпечки! Рекомендую!
Hide business's response
Official responseOctober 12, 2025
Оксана, добрый день! 
Спасибо за прекрасный отзыв! 🌷 Мы очень рады, что вам понравилась атмосфера и вкус наших блюд. Стараемся поддерживать уют и разнообразие ассортимента, чтобы каждому посетителю было приятно проводить время у нас. Приходите снова, будем рады вас видеть!","Оксана П.
Level 9 Local Expert
Subscribe
October 11, 2025
Уютное местечко.Все вкусно как и всегда в этой сети кафе.Внутри приятная обстановка.Доступные цены и большой ассортимент десертов и выпечки! Рекомендую!
Hide business's response
Official responseOctober 12, 2025
Оксана, добрый день! 
Спасибо за прекрасный отзыв! 🌷 Мы очень рады, что вам понравилась атмосфера и вкус наших блюд. Стараемся поддерживать уют и разнообразие ассортимента, чтобы каждому посетителю было приятно проводить время у нас. Приходите снова, будем рады вас видеть!","['5', '']","['5.0', '']","['1', '']","Оксана П.
Level 9 Local Expert
Subscribe
October 11, 2025
Уютное местечко.Все вкусно как и всегда в этой сети кафе.Внутри приятная обстановка.Доступные цены и большой ассортимент десертов и выпечки! Рекомендую!
Show business's response",fa3f3ed6-bb4c-4d1b-ba74-cea1ecccd2be
"[None, 'Екатерина Демидова']","['https://avatars.mds.yandex.net/get-yapic/6214067/rlvhwPkUIriuoPkCR7XPe2Upc-1/islands-68', '']","[None, 'Екатерина Демидова']",,"[None, 'January 19']","['2026-01-19T10:41:19.186Z', '']","Екатерина Демидова
Level 4 Local Expert
Subscribe
January 19
Хороша кондитерская. Приветливый персонал. Уютно, приятная атмосфера. Вкусная выпечка, торты. Всегда все свежее.
Show business's response",False,"Екатерина Демидова
Level 4 Local Expert
Subscribe
January 19
Хороша кондитерская. Приветливый персонал. Уютно, приятная атмосфера. Вкусная выпечка, торты. Всегда все свежее.
Show business's response","Екатерина Демидова
Level 4 Local Expert
Subscribe
January 19
Хороша кондитерская. Приветливый персонал. Уютно, приятная атмосфера. Вкусная выпечка, торты. Всегда все свежее.
Hide business's response
Official responseJanuary 25
Екатерина, добрый день! Спасибо большое за тёплые слова! Радует, что вы оценили нашу атмосферу, профессионализм персонала и качество напитков и десертов. Ваш комфорт и хорошее настроение — главная цель нашей работы. Ждём вас снова, чтобы подарить приятные эмоции и заряд бодрости","Екатерина Демидова
Level 4 Local Expert
Subscribe
January 19
Хороша кондитерская. Приветливый персонал. Уютно, приятная атмосфера. Вкусная выпечка, торты. Всегда все свежее.
Hide business's response
Official responseJanuary 25
Екатерина, добрый день! Спасибо большое за тёплые слова! Радует, что вы оценили нашу атмосферу, профессионализм персонала и качество напитков и десертов. Ваш комфорт и хорошее настроение — главная цель нашей работы. Ждём вас снова, чтобы подарить приятные эмоции и заряд бодрости","['5', '']","['5.0', '']","['1', '']","Екатерина Демидова
Level 4 Local Expert
Subscribe
January 19
Хороша кондитерская. Приветливый персонал. Уютно, приятная атмосфера. Вкусная выпечка, торты. Всегда все свежее.
Show business's response",b8bc1a6e-10ff-40c3-97e7-d45ebf66f2a8
"[None, 'Алексей Сидоренков']","['https://avatars.mds.yandex.net/get-yapic/36777/NSlUYbjYpFtQgymR66upS3UMuw-1/islands-68', '']","[None, 'Алексей Сидоренков']",,"[None, 'April 25']","['2026-04-25T15:10:59.537Z', '']","Алексей Сидоренков
Level 17 Local Expert
Subscribe
April 25
Торты и пирожные как всегда на высоте, но зачем-то навязывают приложение в Телеге, которая не работает, чтобы подтвердить скидку на именины...Чего то Вы там ребята перемудрили, видимо какой-то ""одарённый"" манагер насоветовал эту суету...
Show business's response",False,"Алексей Сидоренков
Level 17 Local Expert
Subscribe
April 25
Торты и пирожные как всегда на высоте, но зачем-то навязывают приложение в Телеге, которая не работает, чтобы подтвердить скидку на именины...Чего то Вы там ребята перемудрили, видимо какой-то ""одарённый"" манагер насоветовал эту суету...
Show business's response","Алексей Сидоренков
Level 17 Local Expert
Subscribe
April 25
Торты и пирожные как всегда на высоте, но зачем-то навязывают приложение в Телеге, которая не работает, чтобы подтвердить скидку на именины...Чего то Вы там ребята перемудрили, видимо какой-то ""одарённый"" манагер насоветовал эту суету...
Hide business's response
Official response6 days ago
Алексей, добрый день! Спасибо за обратную связь. Программа лояльности действительно требует доработки — мы это видим и сейчас активно работаем над улучшениями.","Алексей Сидоренков
Level 17 Local Expert
Subscribe
April 25
Торты и пирожные как всегда на высоте, но зачем-то навязывают приложение в Телеге, которая не работает, чтобы подтвердить скидку на именины...Чего то Вы там ребята перемудрили, видимо какой-то ""одарённый"" манагер насоветовал эту суету...
Hide business's response
Official response6 days ago
Алексей, добрый день! Спасибо за обратную связь. Программа лояльности действительно требует доработки — мы это видим и сейчас активно работаем над улучшениями.","['5', '']","['4.0', '']","['1', '']","Алексей Сидоренков
Level 17 Local Expert
Subscribe
April 25
Торты и пирожные как всегда на высоте, но зачем-то навязывают приложение в Телеге, которая не работает, чтобы подтвердить скидку на именины...Чего то Вы там ребята перемудрили, видимо какой-то ""одарённый"" манагер насоветовал эту суету...
Show business's response",3f3604bd-1304-4f65-aff4-21ae18cbf877
"[None, 'Марина Фомина']","['https://avatars.mds.yandex.net/get-yapic/33202/miXKz0sc2sKRQP8PB5ok4t2AjAY-1/islands-68', '']","[None, 'Марина Фомина']",,"[None, 'January 23, 2025']","['2025-01-23T17:45:42.407Z', '']","Марина Фомина
Level 11 Local Expert
Subscribe
January 23, 2025
Очень люблю это кафе! Нравится все - обстановка, внимательное обслуживание и вкусная еда! Жаль, что такого чудесного кафе нет в других городах. Попробуйте торт "" Три молока"" - это очень вкусно!
Show business's response",False,"Марина Фомина
Level 11 Local Expert
Subscribe
January 23, 2025
Очень люблю это кафе! Нравится все - обстановка, внимательное обслуживание и вкусная еда! Жаль, что такого чудесного кафе нет в других городах. Попробуйте торт "" Три молока"" - это очень вкусно!
Show business's response","Марина Фомина
Level 11 Local Expert
Subscribe
January 23, 2025
Очень люблю это кафе! Нравится все - обстановка, внимательное обслуживание и вкусная еда! Жаль, что такого чудесного кафе нет в других городах. Попробуйте торт "" Три молока"" - это очень вкусно!
Hide business's response
Official responseApril 1, 2025
Благодарим за ваш отзыв","Марина Фомина
Level 11 Local Expert
Subscribe
January 23, 2025
Очень люблю это кафе! Нравится все - обстановка, внимательное обслуживание и вкусная еда! Жаль, что такого чудесного кафе нет в других городах. Попробуйте торт "" Три молока"" - это очень вкусно!
Hide business's response
Official responseApril 1, 2025
Благодарим за ваш отзыв","['5', '']","['5.0', '']","['1', '']","Марина Фомина
Level 11 Local Expert
Subscribe
January 23, 2025
Очень люблю это кафе! Нравится все - обстановка, внимательное обслуживание и вкусная еда! Жаль, что такого чудесного кафе нет в других городах. Попробуйте торт "" Три молока"" - это очень вкусно!
Show business's response",db75b39e-b46f-4363-8382-cee14cae3676
"[None, 'Ольга Демидова']","['https://avatars.mds.yandex.net/get-yapic/26311/0u-1/islands-68', '']","[None, 'Ольга Демидова']",,"[None, 'January 4']","['2026-01-04T11:10:03.671Z', '']","Ольга Демидова
Level 9 Local Expert
Subscribe
January 4
Любимая кондитерская. Всегда вкусная, свежая выпечка. Очень нравится нашей семье пироженное шу.
Show business's response",False,"Ольга Демидова
Level 9 Local Expert
Subscribe
January 4
Любимая кондитерская. Всегда вкусная, свежая выпечка. Очень нравится нашей семье пироженное шу.
Show business's response","Ольга Демидова
Level 9 Local Expert
Subscribe
January 4
Любимая кондитерская. Всегда вкусная, свежая выпечка. Очень нравится нашей семье пироженное шу.
Hide business's response
Official responseJanuary 5
Ольга, добрый день!Благодарим вас за прекрасные слова и постоянную любовь к нашей кондитерской! Особенно приятно, что вы выделили пирожное ""Шу"" — этот нежнейший десерт стал одним из символов нашего мастерства.
Благодарим всю вашу семью за выбор нашего заведения и приглашаем попробовать новинки и сезонные предложения.
Пусть визиты к нам станут неотъемлемой частью семейных традиций и праздников!","Ольга Демидова
Level 9 Local Expert
Subscribe
January 4
Любимая кондитерская. Всегда вкусная, свежая выпечка. Очень нравится нашей семье пироженное шу.
Hide business's response
Official responseJanuary 5
Ольга, добрый день!Благодарим вас за прекрасные слова и постоянную любовь к нашей кондитерской! Особенно приятно, что вы выделили пирожное ""Шу"" — этот нежнейший десерт стал одним из символов нашего мастерства.
Благодарим всю вашу семью за выбор нашего заведения и приглашаем попробовать новинки и сезонные предложения.
Пусть визиты к нам станут неотъемлемой частью семейных традиций и праздников!","['5', '']","['5.0', '']","['1', '']","Ольга Демидова
Level 9 Local Expert
Subscribe
January 4
Любимая кондитерская. Всегда вкусная, свежая выпечка. Очень нравится нашей семье пироженное шу.
Show business's response",911519f1-028d-4de7-a23e-7ce24c4103e1
"[None, 'Вероника Чегодаева']","['https://avatars.mds.yandex.net/get-yapic/44850/tCxtoGW2gRWonfIYGNfQywXnGQ-1/islands-68', '']","[None, 'Вероника Чегодаева']",,"[None, 'February 9']","['2026-02-09T08:05:23.124Z', '']","Вероника Чегодаева
Level 4 Local Expert
Subscribe
February 9
Очень любила всем сердцем это место до сегодняшнего дня.
Сегодня мой день рождения и пришла за сладостями на стол. Пробили и упаковали не то пироженое заметила после оплаты.
Когда я сказала что мне нужно другое молодой человек начал обвинять…
more
1
Show business's response",False,"Вероника Чегодаева
Level 4 Local Expert
Subscribe
February 9
Очень любила всем сердцем это место до сегодняшнего дня.
Сегодня мой день рождения и пришла за сладостями на стол. Пробили и упаковали не то пироженое заметила после оплаты.
Когда я сказала что мне нужно другое молодой человек начал обвинять…
more
1
Show business's response","Вероника Чегодаева
Level 4 Local Expert
Subscribe
February 9
Очень любила всем сердцем это место до сегодняшнего дня.
Сегодня мой день рождения и пришла за сладостями на стол. Пробили и упаковали не то пироженое заметила после оплаты.
Когда я сказала что мне нужно другое молодой человек начал обвинять…
more
1
Hide business's response
Official responseFebruary 15
Здравствуйте. Прежде всего — примите наши искренние поздравления с днём рождения и извинения за ситуацию, которая испортила вам настроение в такой важный день. Нам очень жаль, что вы столкнулись с подобным отношением — это недопустимо и не соответствует стандартам сервиса, которых мы придерживаемся.
Мы обязательно разберёмся в произошедшем и проведём работу с сотрудником, чтобы подобные ситуации не повторялись. Для этого, пожалуйста, подскажите примерное время визита — это поможет нам проверить смену.
Нам важно восстановить ваше доверие. Еще раз приносим свои извинения.","Вероника Чегодаева
Level 4 Local Expert
Subscribe
February 9
Очень любила всем сердцем это место до сегодняшнего дня.
Сегодня мой день рождения и пришла за сладостями на стол. Пробили и упаковали не то пироженое заметила после оплаты.
Когда я сказала что мне нужно другое молодой человек начал обвинять…
more
1
Hide business's response
Official responseFebruary 15
Здравствуйте. Прежде всего — примите наши искренние поздравления с днём рождения и извинения за ситуацию, которая испортила вам настроение в такой важный день. Нам очень жаль, что вы столкнулись с подобным отношением — это недопустимо и не соответствует стандартам сервиса, которых мы придерживаемся.
Мы обязательно разберёмся в произошедшем и проведём работу с сотрудником, чтобы подобные ситуации не повторялись. Для этого, пожалуйста, подскажите примерное время визита — это поможет нам проверить смену.
Нам важно восстановить ваше доверие. Еще раз приносим свои извинения.","['5', '']","['1.0', '']","['1', '']","Вероника Чегодаева
Level 4 Local Expert
Subscribe
February 9
Очень любила всем сердцем это место до сегодняшнего дня.
Сегодня мой день рождения и пришла за сладостями на стол. Пробили и упаковали не то пироженое заметила после оплаты.
Когда я сказала что мне нужно другое молодой человек начал обвинять…
more
1
Show business's response",cd7f209e-2bd4-4544-9094-67645b12fb36
"[None, 'Дима Гриб']","['https://avatars.mds.yandex.net/get-yapic/6218514/GU2ujwi8cjqVJW9CNk3oKtzmhZ8-1/islands-68', '']","[None, 'Дима Гриб']",,"[None, 'January 21, 2025']","['2025-01-21T16:16:26.652Z', '']","Дима Гриб
Level 10 Local Expert
Subscribe
January 21, 2025
Да всё очень вкусно и свежее, большой ассортимент очень всё нравится👍👍👍Но в последнее время начал замечать наберу обычный для себя ассортимент а выходит всё дороже и дороже.🤗🤗пришлось сократить а то как то 2500т за пироги не знаю? конечно брать не перестал но беру уже меньше😂😂😂😂
Show business's response",False,"Дима Гриб
Level 10 Local Expert
Subscribe
January 21, 2025
Да всё очень вкусно и свежее, большой ассортимент очень всё нравится👍👍👍Но в последнее время начал замечать наберу обычный для себя ассортимент а выходит всё дороже и дороже.🤗🤗пришлось сократить а то как то 2500т за пироги не знаю? конечно брать не перестал но беру уже меньше😂😂😂😂
Show business's response","Дима Гриб
Level 10 Local Expert
Subscribe
January 21, 2025
Да всё очень вкусно и свежее, большой ассортимент очень всё нравится👍👍👍Но в последнее время начал замечать наберу обычный для себя ассортимент а выходит всё дороже и дороже.🤗🤗пришлось сократить а то как то 2500т за пироги не знаю? конечно брать не перестал но беру уже меньше😂😂😂😂
Hide business's response
Official responseJanuary 24, 2025
Благодарим за отзыв! Учтём","Дима Гриб
Level 10 Local Expert
Subscribe
January 21, 2025
Да всё очень вкусно и свежее, большой ассортимент очень всё нравится👍👍👍Но в последнее время начал замечать наберу обычный для себя ассортимент а выходит всё дороже и дороже.🤗🤗пришлось сократить а то как то 2500т за пироги не знаю? конечно брать не перестал но беру уже меньше😂😂😂😂
Hide business's response
Official responseJanuary 24, 2025
Благодарим за отзыв! Учтём","['5', '']","['4.0', '']","['1', '']","Дима Гриб
Level 10 Local Expert
Subscribe
January 21, 2025
Да всё очень вкусно и свежее, большой ассортимент очень всё нравится👍👍👍Но в последнее время начал замечать наберу обычный для себя ассортимент а выходит всё дороже и дороже.🤗🤗пришлось сократить а то как то 2500т за пироги не знаю? конечно брать не перестал но беру уже меньше😂😂😂😂
Show business's response",ab27ffcb-6a22-44d1-8fca-d48770d40cce
"[None, 'Муслакова Екатерина']","['https://avatars.mds.yandex.net/get-yapic/59871/0f-9/islands-68', '']","[None, 'Муслакова Екатерина']",,"[None, 'January 5, 2025']","['2025-01-05T10:11:40.949Z', '']","Муслакова Екатерина
Level 3 Local Expert
Subscribe
January 5, 2025
Интерьер-уютный и стильный.
Меню - разнообразное.
Обслуживание - быстрое и дружелюбное. 
Цены - вполне разумные для качества блюд.
В общем, рекомендую это кафе всем, кто ищет приятное место!
1
Show business's response",False,"Муслакова Екатерина
Level 3 Local Expert
Subscribe
January 5, 2025
Интерьер-уютный и стильный.
Меню - разнообразное.
Обслуживание - быстрое и дружелюбное. 
Цены - вполне разумные для качества блюд.
В общем, рекомендую это кафе всем, кто ищет приятное место!
1
Show business's response","Муслакова Екатерина
Level 3 Local Expert
Subscribe
January 5, 2025
Интерьер-уютный и стильный.
Меню - разнообразное.
Обслуживание - быстрое и дружелюбное. 
Цены - вполне разумные для качества блюд.
В общем, рекомендую это кафе всем, кто ищет приятное место!
1
Hide business's response
Official responseJanuary 8, 2025
Спасибо за приятный отзыв","Муслакова Екатерина
Level 3 Local Expert
Subscribe
January 5, 2025
Интерьер-уютный и стильный.
Меню - разнообразное.
Обслуживание - быстрое и дружелюбное. 
Цены - вполне разумные для качества блюд.
В общем, рекомендую это кафе всем, кто ищет приятное место!
1
Hide business's response
Official responseJanuary 8, 2025
Спасибо за приятный отзыв","['5', '']","['5.0', '']","['1', '']","Муслакова Екатерина
Level 3 Local Expert
Subscribe
January 5, 2025
Интерьер-уютный и стильный.
Меню - разнообразное.
Обслуживание - быстрое и дружелюбное. 
Цены - вполне разумные для качества блюд.
В общем, рекомендую это кафе всем, кто ищет приятное место!
1
Show business's response",355a794b-d099-40b6-862b-99ae87963f4a
"[None, 'Елена Киселева']","['https://avatars.mds.yandex.net/get-yapic/49368/0m-2/islands-68', '']","[None, 'Елена Киселева']",,"[None, 'June 1, 2025']","['2025-06-01T11:31:06.081Z', '']","Елена Киселева
Level 6 Local Expert
Subscribe
June 1, 2025
Хотела воспользоваться скидкой ко дню рождения мужа. Показала штамп в паспорте, но продавец отказала в скидке, т.к. нужно, чтобы именинник пришел лично. Странное требование, обстоятельства могут быть разные, почему именинник не пошел сам за тортом. Поищем более лояльную кондитерскую.
1
2
Show business's response",False,"Елена Киселева
Level 6 Local Expert
Subscribe
June 1, 2025
Хотела воспользоваться скидкой ко дню рождения мужа. Показала штамп в паспорте, но продавец отказала в скидке, т.к. нужно, чтобы именинник пришел лично. Странное требование, обстоятельства могут быть разные, почему именинник не пошел сам за тортом. Поищем более лояльную кондитерскую.
1
2
Show business's response","Елена Киселева
Level 6 Local Expert
Subscribe
June 1, 2025
Хотела воспользоваться скидкой ко дню рождения мужа. Показала штамп в паспорте, но продавец отказала в скидке, т.к. нужно, чтобы именинник пришел лично. Странное требование, обстоятельства могут быть разные, почему именинник не пошел сам за тортом. Поищем более лояльную кондитерскую.
1
2
Hide business's response
Official responseJune 9, 2025
Добрый день Елена! Спасибо за Ваш отзыв. Скидка предоставляется только лично имениннику, не предоставляем скидку согласно ст 9 ФЗ от 27.07.2006 № 152-ФЗ, ред от 01.09.2022г «О персональных данных»","Елена Киселева
Level 6 Local Expert
Subscribe
June 1, 2025
Хотела воспользоваться скидкой ко дню рождения мужа. Показала штамп в паспорте, но продавец отказала в скидке, т.к. нужно, чтобы именинник пришел лично. Странное требование, обстоятельства могут быть разные, почему именинник не пошел сам за тортом. Поищем более лояльную кондитерскую.
1
2
Hide business's response
Official responseJune 9, 2025
Добрый день Елена! Спасибо за Ваш отзыв. Скидка предоставляется только лично имениннику, не предоставляем скидку согласно ст 9 ФЗ от 27.07.2006 № 152-ФЗ, ред от 01.09.2022г «О персональных данных»","['5', '']","['3.0', '']","['1', '']","Елена Киселева
Level 6 Local Expert
Subscribe
June 1, 2025
Хотела воспользоваться скидкой ко дню рождения мужа. Показала штамп в паспорте, но продавец отказала в скидке, т.к. нужно, чтобы именинник пришел лично. Странное требование, обстоятельства могут быть разные, почему именинник не пошел сам за тортом. Поищем более лояльную кондитерскую.
1
2
Show business's response",8a9fdc71-1450-47e4-8fc9-f714f0268153
"[None, 'Ирина Самойлова']","['https://avatars.mds.yandex.net/get-yapic/63032/0d-9/islands-68', '']","[None, 'Ирина Самойлова']",,"[None, 'November 15, 2025']","['2025-11-15T15:04:18.596Z', '']","Ирина Самойлова
Level 4 Local Expert
Subscribe
November 15, 2025
Уютное местечко, попить чай с вкусняшками в непогоду. Всегда все свежее, персонал приветливый
3
Show business's response",False,"Ирина Самойлова
Level 4 Local Expert
Subscribe
November 15, 2025
Уютное местечко, попить чай с вкусняшками в непогоду. Всегда все свежее, персонал приветливый
3
Show business's response","Ирина Самойлова
Level 4 Local Expert
Subscribe
November 15, 2025
Уютное местечко, попить чай с вкусняшками в непогоду. Всегда все свежее, персонал приветливый
3
Hide business's response
Official responseNovember 16, 2025
Ирина, добрый день!Сердечно благодарим вас за приятный отзыв и тёплые слова о нашей кондитерской! Нас искренне радует, что вы нашли здесь уютное пространство, где можно насладиться чашечкой чая и любимыми лакомствами, особенно в ненастье.
Качество продуктов и дружелюбие сотрудников — важные составляющие комфорта и удовольствия от посещения любого заведения, и мы гордимся тем, что смогли оправдать ваши ожидания.
Пусть плохая погода останется за окном, а в вашей душе царят тепло и радость! Ждём вас снова с удовольствием.","Ирина Самойлова
Level 4 Local Expert
Subscribe
November 15, 2025
Уютное местечко, попить чай с вкусняшками в непогоду. Всегда все свежее, персонал приветливый
3
Hide business's response
Official responseNovember 16, 2025
Ирина, добрый день!Сердечно благодарим вас за приятный отзыв и тёплые слова о нашей кондитерской! Нас искренне радует, что вы нашли здесь уютное пространство, где можно насладиться чашечкой чая и любимыми лакомствами, особенно в ненастье.
Качество продуктов и дружелюбие сотрудников — важные составляющие комфорта и удовольствия от посещения любого заведения, и мы гордимся тем, что смогли оправдать ваши ожидания.
Пусть плохая погода останется за окном, а в вашей душе царят тепло и радость! Ждём вас снова с удовольствием.","['5', '']","['5.0', '']","['1', '']","Ирина Самойлова
Level 4 Local Expert
Subscribe
November 15, 2025
Уютное местечко, попить чай с вкусняшками в непогоду. Всегда все свежее, персонал приветливый
3
Show business's response",5e4516ef-bc4b-4ac3-95ed-8f91a6419f8b
"[None, 'оксана вдовина']","['https://avatars.mds.yandex.net/get-yapic/59871/0y-5/islands-68', '']","[None, 'оксана вдовина']",,"[None, 'May 11, 2025']","['2025-05-11T15:40:39.436Z', '']","оксана вдовина
Level 6 Local Expert
Subscribe
May 11, 2025
Очень милая кондитерская!
Можно и там посидеть и с собой много вкусного взять! Большой выбор пирожного, торты, пироги и всякие вкусности!
Show business's response",False,"оксана вдовина
Level 6 Local Expert
Subscribe
May 11, 2025
Очень милая кондитерская!
Можно и там посидеть и с собой много вкусного взять! Большой выбор пирожного, торты, пироги и всякие вкусности!
Show business's response","оксана вдовина
Level 6 Local Expert
Subscribe
May 11, 2025
Очень милая кондитерская!
Можно и там посидеть и с собой много вкусного взять! Большой выбор пирожного, торты, пироги и всякие вкусности!
Hide business's response
Official responseMay 15, 2025
Спасибо большое за ваш отзыв! Мы рады, что вам понравилась наша кондитерская и наш ассортимент. Нам очень важно, чтобы у наших гостей была возможность не только насладиться вкусностями на месте, но и взять что-то с собой. Будем рады видеть вас снова!","оксана вдовина
Level 6 Local Expert
Subscribe
May 11, 2025
Очень милая кондитерская!
Можно и там посидеть и с собой много вкусного взять! Большой выбор пирожного, торты, пироги и всякие вкусности!
Hide business's response
Official responseMay 15, 2025
Спасибо большое за ваш отзыв! Мы рады, что вам понравилась наша кондитерская и наш ассортимент. Нам очень важно, чтобы у наших гостей была возможность не только насладиться вкусностями на месте, но и взять что-то с собой. Будем рады видеть вас снова!","['5', '']","['5.0', '']","['1', '']","оксана вдовина
Level 6 Local Expert
Subscribe
May 11, 2025
Очень милая кондитерская!
Можно и там посидеть и с собой много вкусного взять! Большой выбор пирожного, торты, пироги и всякие вкусности!
Show business's response",f2eb81b6-e2f3-4ea1-b570-6701232fe693
"[None, 'Солнечный лучик']","['https://avatars.mds.yandex.net/get-yapic/20706/enc-ee28b6f49cb89d4d8e4617d155a60c8698eee9008467e0d4eb455d6405be2647/islands-68', '']","[None, 'Солнечный лучик']",,"[None, 'November 25, 2025']","['2025-11-25T18:24:47.910Z', '']","Солнечный лучик
Level 11 Local Expert
Subscribe
November 25, 2025
Хорошая кондитерская, любим там пить чай с пироженками, во время прогулки. Часто берём торты на праздник.
Show business's response",False,"Солнечный лучик
Level 11 Local Expert
Subscribe
November 25, 2025
Хорошая кондитерская, любим там пить чай с пироженками, во время прогулки. Часто берём торты на праздник.
Show business's response","Солнечный лучик
Level 11 Local Expert
Subscribe
November 25, 2025
Хорошая кондитерская, любим там пить чай с пироженками, во время прогулки. Часто берём торты на праздник.
Hide business's response
Official responseNovember 26, 2025
Добрый день! Огромное спасибо за тёплый отзыв и приятные слова о нашей кондитерской! Нам невероятно приятно слышать, что именно наше заведение стало любимым местом отдыха и источником вкуснейших угощений для Вас и Ваших близких.
Знать, что наши гости ценят уют атмосферы, аромат свежезаваренного чая и неповторимый вкус домашней выпечки, вдохновляет нас ещё больше заботиться о качестве продукции и внимании к каждому клиенту.
Пусть каждая прогулка радует новыми открытиями, а праздники будут наполнены теплом и улыбками. Будем рады видеть вас снова!
Искренне благодарим за выбор нашей кондитерской и желаем всего самого доброго!","Солнечный лучик
Level 11 Local Expert
Subscribe
November 25, 2025
Хорошая кондитерская, любим там пить чай с пироженками, во время прогулки. Часто берём торты на праздник.
Hide business's response
Official responseNovember 26, 2025
Добрый день! Огромное спасибо за тёплый отзыв и приятные слова о нашей кондитерской! Нам невероятно приятно слышать, что именно наше заведение стало любимым местом отдыха и источником вкуснейших угощений для Вас и Ваших близких.
Знать, что наши гости ценят уют атмосферы, аромат свежезаваренного чая и неповторимый вкус домашней выпечки, вдохновляет нас ещё больше заботиться о качестве продукции и внимании к каждому клиенту.
Пусть каждая прогулка радует новыми открытиями, а праздники будут наполнены теплом и улыбками. Будем рады видеть вас снова!
Искренне благодарим за выбор нашей кондитерской и желаем всего самого доброго!","['5', '']","['5.0', '']","['1', '']","Солнечный лучик
Level 11 Local Expert
Subscribe
November 25, 2025
Хорошая кондитерская, любим там пить чай с пироженками, во время прогулки. Часто берём торты на праздник.
Show business's response",f6d01cad-7170-4ddf-b94e-cbde9c455b6d
"[None, 'Света И.']","['https://avatars.mds.yandex.net/get-yapic/69015/4dvRgQyqPrZnirsBivq7XnXKttQ-1/islands-68', '']","[None, 'Света И.']",,"[None, 'May 1, 2025']","['2025-05-01T09:36:33.265Z', '']","Света И.
Level 4 Local Expert
Subscribe
May 1, 2025
Приятное кафе, вежливый персонал, вкусная еда, большой выбор разных и вкусных пироженых, обслуживание на высшем уровне
3
Show business's response",False,"Света И.
Level 4 Local Expert
Subscribe
May 1, 2025
Приятное кафе, вежливый персонал, вкусная еда, большой выбор разных и вкусных пироженых, обслуживание на высшем уровне
3
Show business's response","Света И.
Level 4 Local Expert
Subscribe
May 1, 2025
Приятное кафе, вежливый персонал, вкусная еда, большой выбор разных и вкусных пироженых, обслуживание на высшем уровне
3
Hide business's response
Official responseMay 5, 2025
Спасибо большое за ваш отзыв! Мы очень рады, что вам понравилось наше кафе, и что вы оценили вежливый персонал и разнообразие нашей выпечки. Ваши слова вдохновляют нас продолжать работать на высшем уровне. Будем рады видеть вас снова и угостить новыми вкусностями!","Света И.
Level 4 Local Expert
Subscribe
May 1, 2025
Приятное кафе, вежливый персонал, вкусная еда, большой выбор разных и вкусных пироженых, обслуживание на высшем уровне
3
Hide business's response
Official responseMay 5, 2025
Спасибо большое за ваш отзыв! Мы очень рады, что вам понравилось наше кафе, и что вы оценили вежливый персонал и разнообразие нашей выпечки. Ваши слова вдохновляют нас продолжать работать на высшем уровне. Будем рады видеть вас снова и угостить новыми вкусностями!","['5', '']","['5.0', '']","['1', '']","Света И.
Level 4 Local Expert
Subscribe
May 1, 2025
Приятное кафе, вежливый персонал, вкусная еда, большой выбор разных и вкусных пироженых, обслуживание на высшем уровне
3
Show business's response",7ab536e6-f1ff-4d2b-b66f-cfba8652aebd
"[None, 'Ирина Олехова']","['https://avatars.mds.yandex.net/get-yapic/41409/n0actKkjBJDRxGXIEmiYMz8TgM-1/islands-68', '']","[None, 'Ирина Олехова']",,"[None, 'June 13, 2025']","['2025-06-13T11:22:45.212Z', '']","Ирина Олехова
Level 12 Local Expert
Subscribe
June 13, 2025
Чистое кафе, можно посидеть попить чай, кофе, можно купить торики, пироги, все вкусно. Дороговато, но это стоит того, качественные продукты. Рекомендую
Show business's response",False,"Ирина Олехова
Level 12 Local Expert
Subscribe
June 13, 2025
Чистое кафе, можно посидеть попить чай, кофе, можно купить торики, пироги, все вкусно. Дороговато, но это стоит того, качественные продукты. Рекомендую
Show business's response","Ирина Олехова
Level 12 Local Expert
Subscribe
June 13, 2025
Чистое кафе, можно посидеть попить чай, кофе, можно купить торики, пироги, все вкусно. Дороговато, но это стоит того, качественные продукты. Рекомендую
Hide business's response
Official responseJune 18, 2025
Добрый день Ирина! Благодарим Вас за отзыв и ждем Вас снова","Ирина Олехова
Level 12 Local Expert
Subscribe
June 13, 2025
Чистое кафе, можно посидеть попить чай, кофе, можно купить торики, пироги, все вкусно. Дороговато, но это стоит того, качественные продукты. Рекомендую
Hide business's response
Official responseJune 18, 2025
Добрый день Ирина! Благодарим Вас за отзыв и ждем Вас снова","['5', '']","['5.0', '']","['1', '']","Ирина Олехова
Level 12 Local Expert
Subscribe
June 13, 2025
Чистое кафе, можно посидеть попить чай, кофе, можно купить торики, пироги, все вкусно. Дороговато, но это стоит того, качественные продукты. Рекомендую
Show business's response",16a786a5-b812-4902-94f9-c49336e92a10
"[None, 'Ольга К']","['https://avatars.mds.yandex.net/get-yapic/53031/0a-1/islands-68', '']","[None, 'Ольга К']",,"[None, 'July 25, 2025']","['2025-07-25T16:28:27.150Z', '']","Ольга К
Level 11 Local Expert
Subscribe
July 25, 2025
Очень вкусные вкусняшки, очень разнообразный ассортимент, красивое и уютное помещение, быстрое обслуживание, вежливые продавцы! 👍👍
1
Show business's response",False,"Ольга К
Level 11 Local Expert
Subscribe
July 25, 2025
Очень вкусные вкусняшки, очень разнообразный ассортимент, красивое и уютное помещение, быстрое обслуживание, вежливые продавцы! 👍👍
1
Show business's response","Ольга К
Level 11 Local Expert
Subscribe
July 25, 2025
Очень вкусные вкусняшки, очень разнообразный ассортимент, красивое и уютное помещение, быстрое обслуживание, вежливые продавцы! 👍👍
1
Hide business's response
Official responseJuly 28, 2025
Добрый день Ольга! Большое спасибо за Ваш такой подробный и восторженный отзыв! Мы очень рады, что Вам понравились наши вкусняшки, ассортимент, уютная атмосфера и быстрое обслуживание. Отдельно приятно, что Вы отметили вежливость наших продавцов!
Ваши слова – лучшая мотивация для нас! Будем стараться и дальше радовать вас. Ждем вас снова!","Ольга К
Level 11 Local Expert
Subscribe
July 25, 2025
Очень вкусные вкусняшки, очень разнообразный ассортимент, красивое и уютное помещение, быстрое обслуживание, вежливые продавцы! 👍👍
1
Hide business's response
Official responseJuly 28, 2025
Добрый день Ольга! Большое спасибо за Ваш такой подробный и восторженный отзыв! Мы очень рады, что Вам понравились наши вкусняшки, ассортимент, уютная атмосфера и быстрое обслуживание. Отдельно приятно, что Вы отметили вежливость наших продавцов!
Ваши слова – лучшая мотивация для нас! Будем стараться и дальше радовать вас. Ждем вас снова!","['5', '']","['5.0', '']","['1', '']","Ольга К
Level 11 Local Expert
Subscribe
July 25, 2025
Очень вкусные вкусняшки, очень разнообразный ассортимент, красивое и уютное помещение, быстрое обслуживание, вежливые продавцы! 👍👍
1
Show business's response",dc37fc2f-e121-4896-803b-33e099497b5f
"[None, 'Polina.Kree']","['https://avatars.mds.yandex.net/get-yapic/62162/3YHqbkxr95i9Uvnm8ZPA4uXlM-1/islands-68', '']","[None, 'Polina.Kree']",,"[None, 'January 21']","['2026-01-21T08:04:27.010Z', '']","Polina.Kree
Level 4 Local Expert
Subscribe
January 21
Самые вкусные эклеры. Всегда чисто, дружелюбные сотрудники и удобное расположение.
1
Show business's response",False,"Polina.Kree
Level 4 Local Expert
Subscribe
January 21
Самые вкусные эклеры. Всегда чисто, дружелюбные сотрудники и удобное расположение.
1
Show business's response","Polina.Kree
Level 4 Local Expert
Subscribe
January 21
Самые вкусные эклеры. Всегда чисто, дружелюбные сотрудники и удобное расположение.
1
Hide business's response
Official responseJanuary 25
Полина, добрый день! Спасибо большое за тёплый отзыв! Очень приятно, что наши эклеры стали вашим фаворитом, а атмосфера и обслуживание оставили приятное впечатление. Мы стараемся создавать уютное пространство, где гости чувствуют себя комфортно и радостно. Приходите снова наслаждаться вкусными десертами и приятной атмосферой!","Polina.Kree
Level 4 Local Expert
Subscribe
January 21
Самые вкусные эклеры. Всегда чисто, дружелюбные сотрудники и удобное расположение.
1
Hide business's response
Official responseJanuary 25
Полина, добрый день! Спасибо большое за тёплый отзыв! Очень приятно, что наши эклеры стали вашим фаворитом, а атмосфера и обслуживание оставили приятное впечатление. Мы стараемся создавать уютное пространство, где гости чувствуют себя комфортно и радостно. Приходите снова наслаждаться вкусными десертами и приятной атмосферой!","['5', '']","['5.0', '']","['1', '']","Polina.Kree
Level 4 Local Expert
Subscribe
January 21
Самые вкусные эклеры. Всегда чисто, дружелюбные сотрудники и удобное расположение.
1
Show business's response",7a726e4a-8e77-4436-8296-daf935f9901d
"[None, 'Санек Пирус']","['https://avatars.mds.yandex.net/get-yapic/28439/Z6bgHt7cQK3a84bwOTzxxNcePI-1/islands-68', '']","[None, 'Санек Пирус']",,"[None, 'December 10, 2024']","['2024-12-10T16:58:27.950Z', '']","Санек Пирус
Level 4 Local Expert
Subscribe
December 10, 2024
Очень понравилось. Выпечка как всегда высшего качества. Разнообразный ассортимент. После ремонта стало ещё уютнее. Спасибо персоналу.
1
Show business's response",False,"Санек Пирус
Level 4 Local Expert
Subscribe
December 10, 2024
Очень понравилось. Выпечка как всегда высшего качества. Разнообразный ассортимент. После ремонта стало ещё уютнее. Спасибо персоналу.
1
Show business's response","Санек Пирус
Level 4 Local Expert
Subscribe
December 10, 2024
Очень понравилось. Выпечка как всегда высшего качества. Разнообразный ассортимент. После ремонта стало ещё уютнее. Спасибо персоналу.
1
Hide business's response
Official responseDecember 13, 2024
Спасибо за приятный отзыв","Санек Пирус
Level 4 Local Expert
Subscribe
December 10, 2024
Очень понравилось. Выпечка как всегда высшего качества. Разнообразный ассортимент. После ремонта стало ещё уютнее. Спасибо персоналу.
1
Hide business's response
Official responseDecember 13, 2024
Спасибо за приятный отзыв","['5', '']","['5.0', '']","['1', '']","Санек Пирус
Level 4 Local Expert
Subscribe
December 10, 2024
Очень понравилось. Выпечка как всегда высшего качества. Разнообразный ассортимент. После ремонта стало ещё уютнее. Спасибо персоналу.
1
Show business's response",4626bc0d-6d74-4755-84a0-91cc3ccfdbe8
"[None, 'Ирина Макарова']","['https://avatars.mds.yandex.net/get-yapic/53031/Y3HrgYtHx9Ti3X61Q2Cki3sAI-1/islands-68', '']","[None, 'Ирина Макарова']",,"[None, 'May 28, 2025']","['2025-05-28T04:49:15.632Z', '']","Ирина Макарова
Level 6 Local Expert
Subscribe
May 28, 2025
Торты не плохие, но обслуживание полный провал... С утра заехали выбрать торт на день рождения дочери. Сначала заказали на пробу четыре вида пирожных, на кассе была девушка, и она почему - то решила разговаривать в грубой форме. Это что!?? Так у вас принято? Первый раз к вам зашли по рекомендации, но видимо и последний.
3
1",False,"Ирина Макарова
Level 6 Local Expert
Subscribe
May 28, 2025
Торты не плохие, но обслуживание полный провал... С утра заехали выбрать торт на день рождения дочери. Сначала заказали на пробу четыре вида пирожных, на кассе была девушка, и она почему - то решила разговаривать в грубой форме. Это что!?? Так у вас принято? Первый раз к вам зашли по рекомендации, но видимо и последний.
3
1",,,"['5', '']","['1.0', '']","['1', '']","Ирина Макарова
Level 6 Local Expert
Subscribe
May 28, 2025
Торты не плохие, но обслуживание полный провал... С утра заехали выбрать торт на день рождения дочери. Сначала заказали на пробу четыре вида пирожных, на кассе была девушка, и она почему - то решила разговаривать в грубой форме. Это что!?? Так у вас принято? Первый раз к вам зашли по рекомендации, но видимо и последний.
3
1",57417ebf-0461-44d2-bb95-e886a60bd2cf
"[None, 'Александр Александров']","['https://avatars.mds.yandex.net/get-yapic/69015/0t-5/islands-68', '']","[None, 'Александр Александров']",,"[None, 'April 12']","['2026-04-12T08:12:24.212Z', '']","Александр Александров
Level 12 Local Expert
Subscribe
April 12
Все вкусно. Выбор богатый. Интерьер лаконичный, веселенький. Но в зале душно. Есть кондиционер, но он свежий воздух не подает.
Show business's response",False,"Александр Александров
Level 12 Local Expert
Subscribe
April 12
Все вкусно. Выбор богатый. Интерьер лаконичный, веселенький. Но в зале душно. Есть кондиционер, но он свежий воздух не подает.
Show business's response","Александр Александров
Level 12 Local Expert
Subscribe
April 12
Все вкусно. Выбор богатый. Интерьер лаконичный, веселенький. Но в зале душно. Есть кондиционер, но он свежий воздух не подает.
Hide business's response
Official responseApril 15
Спасибо вам за отзыв ❤️
Очень рады, что вы оценили вкус, ассортимент и интерьер — нам это приятно.

Отдельное спасибо за замечание по температуре в зале. Понимаем, как это влияет на комфорт — обязательно проверим работу кондиционера и режимы вентиляции, чтобы гостям было уютно находиться в зале.

Если не сложно, подскажите, пожалуйста, дату и время визита — это поможет нам точнее разобраться.","Александр Александров
Level 12 Local Expert
Subscribe
April 12
Все вкусно. Выбор богатый. Интерьер лаконичный, веселенький. Но в зале душно. Есть кондиционер, но он свежий воздух не подает.
Hide business's response
Official responseApril 15
Спасибо вам за отзыв ❤️
Очень рады, что вы оценили вкус, ассортимент и интерьер — нам это приятно.

Отдельное спасибо за замечание по температуре в зале. Понимаем, как это влияет на комфорт — обязательно проверим работу кондиционера и режимы вентиляции, чтобы гостям было уютно находиться в зале.

Если не сложно, подскажите, пожалуйста, дату и время визита — это поможет нам точнее разобраться.","['5', '']","['5.0', '']","['1', '']","Александр Александров
Level 12 Local Expert
Subscribe
April 12
Все вкусно. Выбор богатый. Интерьер лаконичный, веселенький. Но в зале душно. Есть кондиционер, но он свежий воздух не подает.
Show business's response",2b9abdc6-99db-464e-b4eb-7a8bcdb4e1c3
"[None, 'Андрей Городовой']","['https://avatars.mds.yandex.net/get-yapic/27503/OAbl2FKjPCbc0b6ylAgMzEaXHg-1/islands-68', '']","[None, 'Андрей Городовой']",,"[None, 'June 4, 2024']","['2024-06-04T17:44:23.829Z', '']","Андрей Городовой
Level 15 Local Expert
Subscribe
June 4, 2024
Пирожные «Шу» и грушёвый пирог из кондитерской «Сант Оноре» — отличный выбор для любителей сладкого. Пирожные «Шу» имеют нежный вкус и воздушный крем, а грушёвый пирог — сочную начинку из крема и хрустящую корочку. Оба десерта прекрасно дополняют чашку ароматного чая или кофе. Рекомендую попробовать!
2
Show business's response",False,"Андрей Городовой
Level 15 Local Expert
Subscribe
June 4, 2024
Пирожные «Шу» и грушёвый пирог из кондитерской «Сант Оноре» — отличный выбор для любителей сладкого. Пирожные «Шу» имеют нежный вкус и воздушный крем, а грушёвый пирог — сочную начинку из крема и хрустящую корочку. Оба десерта прекрасно дополняют чашку ароматного чая или кофе. Рекомендую попробовать!
2
Show business's response","Андрей Городовой
Level 15 Local Expert
Subscribe
June 4, 2024
Пирожные «Шу» и грушёвый пирог из кондитерской «Сант Оноре» — отличный выбор для любителей сладкого. Пирожные «Шу» имеют нежный вкус и воздушный крем, а грушёвый пирог — сочную начинку из крема и хрустящую корочку. Оба десерта прекрасно дополняют чашку ароматного чая или кофе. Рекомендую попробовать!
2
Hide business's response
Official responseJune 5, 2024
Благодарим за ваш отзыв","Андрей Городовой
Level 15 Local Expert
Subscribe
June 4, 2024
Пирожные «Шу» и грушёвый пирог из кондитерской «Сант Оноре» — отличный выбор для любителей сладкого. Пирожные «Шу» имеют нежный вкус и воздушный крем, а грушёвый пирог — сочную начинку из крема и хрустящую корочку. Оба десерта прекрасно дополняют чашку ароматного чая или кофе. Рекомендую попробовать!
2
Hide business's response
Official responseJune 5, 2024
Благодарим за ваш отзыв","['5', '']","['5.0', '']","['1', '']","Андрей Городовой
Level 15 Local Expert
Subscribe
June 4, 2024
Пирожные «Шу» и грушёвый пирог из кондитерской «Сант Оноре» — отличный выбор для любителей сладкого. Пирожные «Шу» имеют нежный вкус и воздушный крем, а грушёвый пирог — сочную начинку из крема и хрустящую корочку. Оба десерта прекрасно дополняют чашку ароматного чая или кофе. Рекомендую попробовать!
2
Show business's response",6bdf2fd4-09aa-455c-9f32-f92a2a56276c
"[None, 'Татьяна']","['https://avatars.mds.yandex.net/get-yapic/36689/PZSG51CULPqOFzHkXStM5zFMJE-1/islands-68', '']","[None, 'Татьяна']",,"[None, 'December 4, 2023']","['2023-12-04T11:02:04.435Z', '']","Татьяна
Level 5 Local Expert
Subscribe
December 4, 2023
Всегда вежливый персонал, ненавязчивая приятная музыка. Красивый интерьер. Десерты всегда красиво оформлены, свежие и вкусные. Есть места с розетками, где можно подзарядить телефон)) Столики вовремя убираются после посетителей и протираются.…
more
3
1
Show business's response",False,"Татьяна
Level 5 Local Expert
Subscribe
December 4, 2023
Всегда вежливый персонал, ненавязчивая приятная музыка. Красивый интерьер. Десерты всегда красиво оформлены, свежие и вкусные. Есть места с розетками, где можно подзарядить телефон)) Столики вовремя убираются после посетителей и протираются.…
more
3
1
Show business's response","Татьяна
Level 5 Local Expert
Subscribe
December 4, 2023
Всегда вежливый персонал, ненавязчивая приятная музыка. Красивый интерьер. Десерты всегда красиво оформлены, свежие и вкусные. Есть места с розетками, где можно подзарядить телефон)) Столики вовремя убираются после посетителей и протираются.…
more
3
1
Hide business's response
Official responseDecember 7, 2023
Спасибо за приятный отклик","Татьяна
Level 5 Local Expert
Subscribe
December 4, 2023
Всегда вежливый персонал, ненавязчивая приятная музыка. Красивый интерьер. Десерты всегда красиво оформлены, свежие и вкусные. Есть места с розетками, где можно подзарядить телефон)) Столики вовремя убираются после посетителей и протираются.…
more
3
1
Hide business's response
Official responseDecember 7, 2023
Спасибо за приятный отклик","['5', '']","['5.0', '']","['1', '']","Татьяна
Level 5 Local Expert
Subscribe
December 4, 2023
Всегда вежливый персонал, ненавязчивая приятная музыка. Красивый интерьер. Десерты всегда красиво оформлены, свежие и вкусные. Есть места с розетками, где можно подзарядить телефон)) Столики вовремя убираются после посетителей и протираются.…
more
3
1
Show business's response",aa55fb04-d591-4f9a-8d2a-cb71d0bf9c20
"[None, 'андрей зайцев']","['https://avatars.mds.yandex.net/get-yapic/47747/0f-6/islands-68', '']","[None, 'андрей зайцев']",,"[None, 'March 27']","['2026-03-26T19:18:26.860Z', '']","андрей зайцев
Level 7 Local Expert
Subscribe
March 27
Самые вкусные тортики и выпечка. Очень нравится эта сеть кондитерских.
Конечно хотелось бы чуть пониже цену.
Show business's response",False,"андрей зайцев
Level 7 Local Expert
Subscribe
March 27
Самые вкусные тортики и выпечка. Очень нравится эта сеть кондитерских.
Конечно хотелось бы чуть пониже цену.
Show business's response","андрей зайцев
Level 7 Local Expert
Subscribe
March 27
Самые вкусные тортики и выпечка. Очень нравится эта сеть кондитерских.
Конечно хотелось бы чуть пониже цену.
Hide business's response
Official responseMarch 30
Добрый день!

Большое спасибо за такой тёплый отзыв 😊 Нам очень приятно, что вам нравятся наши торты и выпечка.

Понимаем ваше замечание по цене — мы формируем её, исходя из качества ингредиентов, собственного производства и соблюдения технологий приготовления.

Будем рады видеть вас снова в СантОноре!","андрей зайцев
Level 7 Local Expert
Subscribe
March 27
Самые вкусные тортики и выпечка. Очень нравится эта сеть кондитерских.
Конечно хотелось бы чуть пониже цену.
Hide business's response
Official responseMarch 30
Добрый день!

Большое спасибо за такой тёплый отзыв 😊 Нам очень приятно, что вам нравятся наши торты и выпечка.

Понимаем ваше замечание по цене — мы формируем её, исходя из качества ингредиентов, собственного производства и соблюдения технологий приготовления.

Будем рады видеть вас снова в СантОноре!","['5', '']","['5.0', '']","['1', '']","андрей зайцев
Level 7 Local Expert
Subscribe
March 27
Самые вкусные тортики и выпечка. Очень нравится эта сеть кондитерских.
Конечно хотелось бы чуть пониже цену.
Show business's response",757284df-2024-495c-a8d7-90aa04edf96c
"[None, 'Инкогнито 3116']","['https://avatars.mds.yandex.net/get-yapic/57243/0t-9/islands-68', '']","[None, 'Инкогнито 3116']",,"[None, 'November 30, 2024']","['2024-11-30T11:42:10.017Z', '']","Инкогнито 3116
Level 12 Local Expert
Subscribe
November 30, 2024
Очень вкусно! Замечательный рецепт от сегодняшней погоды на большую компанию! Всегда радует их продукция и еда и десерты
Show business's response",False,"Инкогнито 3116
Level 12 Local Expert
Subscribe
November 30, 2024
Очень вкусно! Замечательный рецепт от сегодняшней погоды на большую компанию! Всегда радует их продукция и еда и десерты
Show business's response","Инкогнито 3116
Level 12 Local Expert
Subscribe
November 30, 2024
Очень вкусно! Замечательный рецепт от сегодняшней погоды на большую компанию! Всегда радует их продукция и еда и десерты
Hide business's response
Official responseDecember 1, 2024
Спасибо за такой отзыв","Инкогнито 3116
Level 12 Local Expert
Subscribe
November 30, 2024
Очень вкусно! Замечательный рецепт от сегодняшней погоды на большую компанию! Всегда радует их продукция и еда и десерты
Hide business's response
Official responseDecember 1, 2024
Спасибо за такой отзыв","['5', '']","['5.0', '']","['1', '']","Инкогнито 3116
Level 12 Local Expert
Subscribe
November 30, 2024
Очень вкусно! Замечательный рецепт от сегодняшней погоды на большую компанию! Всегда радует их продукция и еда и десерты
Show business's response",34228c68-b894-4ad1-81b4-6436c6704cbf
"[None, 'Разида Миниахметова']","['https://avatars.mds.yandex.net/get-yapic/53031/0s-5/islands-68', '']","[None, 'Разида Миниахметова']",,"[None, 'November 4, 2024']","['2024-11-04T07:22:07.066Z', '']","Разида Миниахметова
Level 2 Local Expert
Subscribe
November 4, 2024
Добрый день, была в этом заведении первый раз , очень красивый дизайн кафе .Хорошо что есть отдельное место для детей .
Персонал отзывчивый и доброжелательный.
Всем советую посетить это прекрасное заведения
1
Show business's response",False,"Разида Миниахметова
Level 2 Local Expert
Subscribe
November 4, 2024
Добрый день, была в этом заведении первый раз , очень красивый дизайн кафе .Хорошо что есть отдельное место для детей .
Персонал отзывчивый и доброжелательный.
Всем советую посетить это прекрасное заведения
1
Show business's response","Разида Миниахметова
Level 2 Local Expert
Subscribe
November 4, 2024
Добрый день, была в этом заведении первый раз , очень красивый дизайн кафе .Хорошо что есть отдельное место для детей .
Персонал отзывчивый и доброжелательный.
Всем советую посетить это прекрасное заведения
1
Hide business's response
Official responseNovember 7, 2024
Спасибо за приятный отклик","Разида Миниахметова
Level 2 Local Expert
Subscribe
November 4, 2024
Добрый день, была в этом заведении первый раз , очень красивый дизайн кафе .Хорошо что есть отдельное место для детей .
Персонал отзывчивый и доброжелательный.
Всем советую посетить это прекрасное заведения
1
Hide business's response
Official responseNovember 7, 2024
Спасибо за приятный отклик","['5', '']","['5.0', '']","['1', '']","Разида Миниахметова
Level 2 Local Expert
Subscribe
November 4, 2024
Добрый день, была в этом заведении первый раз , очень красивый дизайн кафе .Хорошо что есть отдельное место для детей .
Персонал отзывчивый и доброжелательный.
Всем советую посетить это прекрасное заведения
1
Show business's response",231c78cc-fff1-4812-a191-7341588b2646
"[None, 'NIKITA B.']","['https://avatars.mds.yandex.net/get-yapic/27503/w7M4X7XnJpiyP0FE6DfZNRy03Rg-1/islands-68', '']","[None, 'NIKITA B.']",,"[None, 'October 26, 2025']","['2025-10-26T06:22:09.107Z', '']","NIKITA B.
Level 6 Local Expert
Subscribe
October 26, 2025
Сделал заказ на чизкейк сан себастьян через группу ВК за день. Заказ приняли. По приеду оказалось, что чизкейк они не делают и написали об этом менеджеру. Зря потратил бензин и простоял час в пробках. Спасибо за испорченное настроение в годовщину свадьбы…
more
3
1
Show business's response",False,"NIKITA B.
Level 6 Local Expert
Subscribe
October 26, 2025
Сделал заказ на чизкейк сан себастьян через группу ВК за день. Заказ приняли. По приеду оказалось, что чизкейк они не делают и написали об этом менеджеру. Зря потратил бензин и простоял час в пробках. Спасибо за испорченное настроение в годовщину свадьбы…
more
3
1
Show business's response","NIKITA B.
Level 6 Local Expert
Subscribe
October 26, 2025
Сделал заказ на чизкейк сан себастьян через группу ВК за день. Заказ приняли. По приеду оказалось, что чизкейк они не делают и написали об этом менеджеру. Зря потратил бензин и простоял час в пробках. Спасибо за испорченное настроение в годовщину свадьбы…
more
3
1
Hide business's response
Official responseOctober 27, 2025
Никита, добрый день! После вашей ситуации мы провели тщательное расследование и выяснили, что наши операторы пытались с вами связаться, но к сожалению, безрезультатно!
Мы ценим доверие наших клиентов и дорожим каждым мнением. Именно поэтому предлагаем в качестве комплемента кружечку ароматного кофе с эклером!
Еще раз приносим глубочайшие извинения за доставленные неудобства и гарантируем приложить максимум усилий, чтобы подобные случаи больше не повторялись.
Заранее спасибо за понимание и желаем хорошего настроения и приятных моментов впереди!","NIKITA B.
Level 6 Local Expert
Subscribe
October 26, 2025
Сделал заказ на чизкейк сан себастьян через группу ВК за день. Заказ приняли. По приеду оказалось, что чизкейк они не делают и написали об этом менеджеру. Зря потратил бензин и простоял час в пробках. Спасибо за испорченное настроение в годовщину свадьбы…
more
3
1
Hide business's response
Official responseOctober 27, 2025
Никита, добрый день! После вашей ситуации мы провели тщательное расследование и выяснили, что наши операторы пытались с вами связаться, но к сожалению, безрезультатно!
Мы ценим доверие наших клиентов и дорожим каждым мнением. Именно поэтому предлагаем в качестве комплемента кружечку ароматного кофе с эклером!
Еще раз приносим глубочайшие извинения за доставленные неудобства и гарантируем приложить максимум усилий, чтобы подобные случаи больше не повторялись.
Заранее спасибо за понимание и желаем хорошего настроения и приятных моментов впереди!","['5', '']","['1.0', '']","['1', '']","NIKITA B.
Level 6 Local Expert
Subscribe
October 26, 2025
Сделал заказ на чизкейк сан себастьян через группу ВК за день. Заказ приняли. По приеду оказалось, что чизкейк они не делают и написали об этом менеджеру. Зря потратил бензин и простоял час в пробках. Спасибо за испорченное настроение в годовщину свадьбы…
more
3
1
Show business's response",42cfc9ec-a778-4ace-bd11-7575a9f199fc
"[None, 'Полина Б.']","['https://avatars.mds.yandex.net/get-yapic/53031/0s-5/islands-68', '']","[None, 'Полина Б.']",,"[None, 'August 27, 2025']","['2025-08-27T04:44:08.435Z', '']","Полина Б.
Level 7 Local Expert
Subscribe
August 27, 2025
Вкусная выпечка и десерты, но обслуживание и наличие всегда… Пришла на завтрак, на витрине нет ничего…. Тем временем мужчине рабочему, который пришел из фирменной газели вынесли на выбор киш…
2
Show business's response",False,"Полина Б.
Level 7 Local Expert
Subscribe
August 27, 2025
Вкусная выпечка и десерты, но обслуживание и наличие всегда… Пришла на завтрак, на витрине нет ничего…. Тем временем мужчине рабочему, который пришел из фирменной газели вынесли на выбор киш…
2
Show business's response","Полина Б.
Level 7 Local Expert
Subscribe
August 27, 2025
Вкусная выпечка и десерты, но обслуживание и наличие всегда… Пришла на завтрак, на витрине нет ничего…. Тем временем мужчине рабочему, который пришел из фирменной газели вынесли на выбор киш…
2
Hide business's response
Official responseSeptember 4, 2025
Полина, добрый день! Мы сердечно благодарим вас за столь подробный отзыв и важные наблюдения. Приятно сознавать, что наши десерты и выпечка нравятся вам, но совершенно ясно, что ситуация с отсутствием выбора утром требует немедленного внимания.
Давайте попробуем объяснить: утром продукция только выходит из печи, и порой случается, что часть свежевыпеченных изделий уходят на заранее заказанную доставку.
Мы осознаем, что это вызывает дискомфорт, и приняли меры для исправления положения: расширяем ассортимент выпечки, поступающей на витрину с самого раннего утра.
Так же уточним, что в раннее утреннее время ассортимент может немного отличаться от привычного дневного разнообразия, но обещаем приложить максимум усилий, чтобы минимизировать подобные ситуации.
Еще раз благодарим за отзыв и ждем вас снова попробовать новые вкусы и оценить обновленное обслуживание.","Полина Б.
Level 7 Local Expert
Subscribe
August 27, 2025
Вкусная выпечка и десерты, но обслуживание и наличие всегда… Пришла на завтрак, на витрине нет ничего…. Тем временем мужчине рабочему, который пришел из фирменной газели вынесли на выбор киш…
2
Hide business's response
Official responseSeptember 4, 2025
Полина, добрый день! Мы сердечно благодарим вас за столь подробный отзыв и важные наблюдения. Приятно сознавать, что наши десерты и выпечка нравятся вам, но совершенно ясно, что ситуация с отсутствием выбора утром требует немедленного внимания.
Давайте попробуем объяснить: утром продукция только выходит из печи, и порой случается, что часть свежевыпеченных изделий уходят на заранее заказанную доставку.
Мы осознаем, что это вызывает дискомфорт, и приняли меры для исправления положения: расширяем ассортимент выпечки, поступающей на витрину с самого раннего утра.
Так же уточним, что в раннее утреннее время ассортимент может немного отличаться от привычного дневного разнообразия, но обещаем приложить максимум усилий, чтобы минимизировать подобные ситуации.
Еще раз благодарим за отзыв и ждем вас снова попробовать новые вкусы и оценить обновленное обслуживание.","['5', '']","['2.0', '']","['1', '']","Полина Б.
Level 7 Local Expert
Subscribe
August 27, 2025
Вкусная выпечка и десерты, но обслуживание и наличие всегда… Пришла на завтрак, на витрине нет ничего…. Тем временем мужчине рабочему, который пришел из фирменной газели вынесли на выбор киш…
2
Show business's response",8607fc11-9d80-4027-b431-b10dfecfb6a6
"[None, 'Ta_Dasha']","['https://avatars.mds.yandex.net/get-yapic/59871/VhdL7fsijX4JmdbwxFZNioNUq4I-1/islands-68', '']","[None, 'Ta_Dasha']",,"[None, 'June 17, 2024']","['2024-06-17T10:41:32.578Z', '']","Ta_Dasha
Level 13 Local Expert
Subscribe
June 17, 2024
Уютное место
Чисто, спокойная музыка, приятная обстановка, удобное местоположение
Дружелюбный персонал
Классный лимонад огурец-базилик, для лета самое то
Вкусные, свежие десерты
3
Show business's response",False,"Ta_Dasha
Level 13 Local Expert
Subscribe
June 17, 2024
Уютное место
Чисто, спокойная музыка, приятная обстановка, удобное местоположение
Дружелюбный персонал
Классный лимонад огурец-базилик, для лета самое то
Вкусные, свежие десерты
3
Show business's response","Ta_Dasha
Level 13 Local Expert
Subscribe
June 17, 2024
Уютное место
Чисто, спокойная музыка, приятная обстановка, удобное местоположение
Дружелюбный персонал
Классный лимонад огурец-базилик, для лета самое то
Вкусные, свежие десерты
3
Hide business's response
Official responseJune 24, 2024
Спасибо за ваш отзыв","Ta_Dasha
Level 13 Local Expert
Subscribe
June 17, 2024
Уютное место
Чисто, спокойная музыка, приятная обстановка, удобное местоположение
Дружелюбный персонал
Классный лимонад огурец-базилик, для лета самое то
Вкусные, свежие десерты
3
Hide business's response
Official responseJune 24, 2024
Спасибо за ваш отзыв","['5', '']","['5.0', '']","['1', '']","Ta_Dasha
Level 13 Local Expert
Subscribe
June 17, 2024
Уютное место
Чисто, спокойная музыка, приятная обстановка, удобное местоположение
Дружелюбный персонал
Классный лимонад огурец-базилик, для лета самое то
Вкусные, свежие десерты
3
Show business's response",06992296-e484-42c9-9c23-81f5a7f79e0b
"[None, 'Наталья Мелинг']","['https://avatars.mds.yandex.net/get-yapic/20706/enc-a1170d04e6bc4d7a9100ffd489ab84abd733726ecc4a0453c3c5a8965aefa4e4/islands-68', '']","[None, 'Наталья Мелинг']",,"[None, 'April 28, 2025']","['2025-04-28T11:52:30.611Z', '']","Наталья Мелинг
Level 11 Local Expert
Subscribe
April 28, 2025
Просторная уютная кондитерская с двумя залами и туалетами. Разнообразие выпечки, пирожных и тортов! Очень вкусно!
3
Show business's response",False,"Наталья Мелинг
Level 11 Local Expert
Subscribe
April 28, 2025
Просторная уютная кондитерская с двумя залами и туалетами. Разнообразие выпечки, пирожных и тортов! Очень вкусно!
3
Show business's response","Наталья Мелинг
Level 11 Local Expert
Subscribe
April 28, 2025
Просторная уютная кондитерская с двумя залами и туалетами. Разнообразие выпечки, пирожных и тортов! Очень вкусно!
3
Hide business's response
Official responseMay 5, 2025
Спасибо большое за ваш отзыв! Мы рады слышать, что вам понравилась наша кондитерская и наше разнообразие выпечки. Нам важно создавать уютную атмосферу для наших гостей, и приятно знать, что вы это оценили. Ждем вас снова, чтобы угостить новыми вкусными десертами!","Наталья Мелинг
Level 11 Local Expert
Subscribe
April 28, 2025
Просторная уютная кондитерская с двумя залами и туалетами. Разнообразие выпечки, пирожных и тортов! Очень вкусно!
3
Hide business's response
Official responseMay 5, 2025
Спасибо большое за ваш отзыв! Мы рады слышать, что вам понравилась наша кондитерская и наше разнообразие выпечки. Нам важно создавать уютную атмосферу для наших гостей, и приятно знать, что вы это оценили. Ждем вас снова, чтобы угостить новыми вкусными десертами!","['5', '']","['5.0', '']","['1', '']","Наталья Мелинг
Level 11 Local Expert
Subscribe
April 28, 2025
Просторная уютная кондитерская с двумя залами и туалетами. Разнообразие выпечки, пирожных и тортов! Очень вкусно!
3
Show business's response",68800caa-469b-4862-8cb5-b57a5474122a
"[None, 'Анастасия Ощепкова']","['https://avatars.mds.yandex.net/get-yapic/61207/0h-9/islands-68', '']","[None, 'Анастасия Ощепкова']",,"[None, 'November 14, 2024']","['2024-11-14T04:45:51.355Z', '']","Анастасия Ощепкова
Level 2 Local Expert
Subscribe
November 14, 2024
Потрясающее место, уютно, атмосферно. Очень вкусный кофе, пирожные, приветливый и дружелюбный персонал😊
Всем советую
1
Show business's response",False,"Анастасия Ощепкова
Level 2 Local Expert
Subscribe
November 14, 2024
Потрясающее место, уютно, атмосферно. Очень вкусный кофе, пирожные, приветливый и дружелюбный персонал😊
Всем советую
1
Show business's response","Анастасия Ощепкова
Level 2 Local Expert
Subscribe
November 14, 2024
Потрясающее место, уютно, атмосферно. Очень вкусный кофе, пирожные, приветливый и дружелюбный персонал😊
Всем советую
1
Hide business's response
Official responseNovember 18, 2024
Спасибо за приятный отзыв","Анастасия Ощепкова
Level 2 Local Expert
Subscribe
November 14, 2024
Потрясающее место, уютно, атмосферно. Очень вкусный кофе, пирожные, приветливый и дружелюбный персонал😊
Всем советую
1
Hide business's response
Official responseNovember 18, 2024
Спасибо за приятный отзыв","['5', '']","['5.0', '']","['1', '']","Анастасия Ощепкова
Level 2 Local Expert
Subscribe
November 14, 2024
Потрясающее место, уютно, атмосферно. Очень вкусный кофе, пирожные, приветливый и дружелюбный персонал😊
Всем советую
1
Show business's response",31d0cdfd-49e4-4c9f-8030-83137ec98337
"[None, 'Вадим Ковалев']","['https://avatars.mds.yandex.net/get-yapic/58107/0d-2/islands-68', '']","[None, 'Вадим Ковалев']",,"[None, 'April 1, 2025']","['2025-03-31T19:39:04.272Z', '']","Вадим Ковалев
Level 4 Local Expert
Subscribe
April 1, 2025
Прикольная кондитерская. Все было вкусно, поел прямо там. Вроде все хорошо. Сам из Санкт Петербурга, был проездом на машине. Поставил 5 звезд, хотя чего то не хватало. Персонал дружелюбный. Так держать.
Show business's response",False,"Вадим Ковалев
Level 4 Local Expert
Subscribe
April 1, 2025
Прикольная кондитерская. Все было вкусно, поел прямо там. Вроде все хорошо. Сам из Санкт Петербурга, был проездом на машине. Поставил 5 звезд, хотя чего то не хватало. Персонал дружелюбный. Так держать.
Show business's response","Вадим Ковалев
Level 4 Local Expert
Subscribe
April 1, 2025
Прикольная кондитерская. Все было вкусно, поел прямо там. Вроде все хорошо. Сам из Санкт Петербурга, был проездом на машине. Поставил 5 звезд, хотя чего то не хватало. Персонал дружелюбный. Так держать.
Hide business's response
Official responseApril 20, 2025
Здравствуйте!

Спасибо большое за ваш отзыв! Нам очень приятно слышать, что вам понравилась наша кондитерская и что вы оценили вкус нашей продукции и дружелюбие персонала. 

Мы всегда стремимся к совершенству и рады, что вы оставили 5 звезд, даже если чего-то не хватало. Мы будем работать над тем, чтобы в следующий раз ваш опыт был еще более незабываемым. 

Надеемся увидеть вас снова, если вы будете проездом!","Вадим Ковалев
Level 4 Local Expert
Subscribe
April 1, 2025
Прикольная кондитерская. Все было вкусно, поел прямо там. Вроде все хорошо. Сам из Санкт Петербурга, был проездом на машине. Поставил 5 звезд, хотя чего то не хватало. Персонал дружелюбный. Так держать.
Hide business's response
Official responseApril 20, 2025
Здравствуйте!

Спасибо большое за ваш отзыв! Нам очень приятно слышать, что вам понравилась наша кондитерская и что вы оценили вкус нашей продукции и дружелюбие персонала. 

Мы всегда стремимся к совершенству и рады, что вы оставили 5 звезд, даже если чего-то не хватало. Мы будем работать над тем, чтобы в следующий раз ваш опыт был еще более незабываемым. 

Надеемся увидеть вас снова, если вы будете проездом!","['5', '']","['5.0', '']","['1', '']","Вадим Ковалев
Level 4 Local Expert
Subscribe
April 1, 2025
Прикольная кондитерская. Все было вкусно, поел прямо там. Вроде все хорошо. Сам из Санкт Петербурга, был проездом на машине. Поставил 5 звезд, хотя чего то не хватало. Персонал дружелюбный. Так держать.
Show business's response",abbfdd8a-2922-47af-bcf1-ec65a247e8b5
"[None, 'Андрей Б']","['https://avatars.mds.yandex.net/get-yapic/58107/ahxIcKf02ICX3ygcxlHZ4zigBs-1/islands-68', '']","[None, 'Андрей Б']",,"[None, 'July 22, 2024']","['2024-07-21T20:16:54.257Z', '']","Андрей Б
Level 30 Local Expert
Subscribe
July 22, 2024
Продают торты и выпечку собственного производства отличного качества. Относятся к сети ""пироги"". Вкусный кофе. Удобные столики, Приятная обстановка, быстрый вежливый персонал.
2
Show business's response",False,"Андрей Б
Level 30 Local Expert
Subscribe
July 22, 2024
Продают торты и выпечку собственного производства отличного качества. Относятся к сети ""пироги"". Вкусный кофе. Удобные столики, Приятная обстановка, быстрый вежливый персонал.
2
Show business's response","Андрей Б
Level 30 Local Expert
Subscribe
July 22, 2024
Продают торты и выпечку собственного производства отличного качества. Относятся к сети ""пироги"". Вкусный кофе. Удобные столики, Приятная обстановка, быстрый вежливый персонал.
2
Hide business's response
Official responseJuly 24, 2024
Спасибо за вашу оценку","Андрей Б
Level 30 Local Expert
Subscribe
July 22, 2024
Продают торты и выпечку собственного производства отличного качества. Относятся к сети ""пироги"". Вкусный кофе. Удобные столики, Приятная обстановка, быстрый вежливый персонал.
2
Hide business's response
Official responseJuly 24, 2024
Спасибо за вашу оценку","['5', '']","['5.0', '']","['1', '']","Андрей Б
Level 30 Local Expert
Subscribe
July 22, 2024
Продают торты и выпечку собственного производства отличного качества. Относятся к сети ""пироги"". Вкусный кофе. Удобные столики, Приятная обстановка, быстрый вежливый персонал.
2
Show business's response",494a0711-3323-4e25-a676-38714ac956d4
"[None, 'Denis Pishchalnikov']","['https://avatars.mds.yandex.net/get-yapic/57243/YjiwKuL5zSULbW4lX7245opBc-1/islands-68', '']","[None, 'Denis Pishchalnikov']",,"[None, 'September 16, 2024']","['2024-09-16T04:26:21.679Z', '']","Denis Pishchalnikov
Level 7 Local Expert
Subscribe
September 16, 2024
Прекрасное уютное место в центре города. Меню для вегетарианцев, восхитительный кофе, прекрасные сборы чаев, для тех кто следит за здоровьем и не ест сахар-прекрасный выбор десертов. Вкусная еда, есть уголок для детей.
3
Show business's response",False,"Denis Pishchalnikov
Level 7 Local Expert
Subscribe
September 16, 2024
Прекрасное уютное место в центре города. Меню для вегетарианцев, восхитительный кофе, прекрасные сборы чаев, для тех кто следит за здоровьем и не ест сахар-прекрасный выбор десертов. Вкусная еда, есть уголок для детей.
3
Show business's response","Denis Pishchalnikov
Level 7 Local Expert
Subscribe
September 16, 2024
Прекрасное уютное место в центре города. Меню для вегетарианцев, восхитительный кофе, прекрасные сборы чаев, для тех кто следит за здоровьем и не ест сахар-прекрасный выбор десертов. Вкусная еда, есть уголок для детей.
3
Hide business's response
Official responseSeptember 18, 2024
Спасибо за оценку! Доброго дня)","Denis Pishchalnikov
Level 7 Local Expert
Subscribe
September 16, 2024
Прекрасное уютное место в центре города. Меню для вегетарианцев, восхитительный кофе, прекрасные сборы чаев, для тех кто следит за здоровьем и не ест сахар-прекрасный выбор десертов. Вкусная еда, есть уголок для детей.
3
Hide business's response
Official responseSeptember 18, 2024
Спасибо за оценку! Доброго дня)","['5', '']","['5.0', '']","['1', '']","Denis Pishchalnikov
Level 7 Local Expert
Subscribe
September 16, 2024
Прекрасное уютное место в центре города. Меню для вегетарианцев, восхитительный кофе, прекрасные сборы чаев, для тех кто следит за здоровьем и не ест сахар-прекрасный выбор десертов. Вкусная еда, есть уголок для детей.
3
Show business's response",847542cf-7965-44ca-95e9-bfe3d9c861e4
"[None, 'Валентина']","['https://avatars.mds.yandex.net/get-yapic/50595/a5KN4K1pB3mfYSp4EICc6gpQE-1/islands-68', '']","[None, 'Валентина']",,"[None, 'December 14, 2024']","['2024-12-14T16:27:00.975Z', '']","Валентина
Level 8 Local Expert
Subscribe
December 14, 2024
Вкусные торты, пирожные! Заказывала на день рождения. Всегда все свежее. Есть возможность заказать с доставкой.
3
Show business's response",False,"Валентина
Level 8 Local Expert
Subscribe
December 14, 2024
Вкусные торты, пирожные! Заказывала на день рождения. Всегда все свежее. Есть возможность заказать с доставкой.
3
Show business's response","Валентина
Level 8 Local Expert
Subscribe
December 14, 2024
Вкусные торты, пирожные! Заказывала на день рождения. Всегда все свежее. Есть возможность заказать с доставкой.
3
Hide business's response
Official responseDecember 17, 2024
Спасибо за приятный отзыв","Валентина
Level 8 Local Expert
Subscribe
December 14, 2024
Вкусные торты, пирожные! Заказывала на день рождения. Всегда все свежее. Есть возможность заказать с доставкой.
3
Hide business's response
Official responseDecember 17, 2024
Спасибо за приятный отзыв","['5', '']","['5.0', '']","['1', '']","Валентина
Level 8 Local Expert
Subscribe
December 14, 2024
Вкусные торты, пирожные! Заказывала на день рождения. Всегда все свежее. Есть возможность заказать с доставкой.
3
Show business's response",dc6a8513-f161-469f-abd9-8a9914797869
"[None, 'Инкогнито 3756']","['https://avatars.mds.yandex.net/get-yapic/40841/1BE5kp0xFTVwFfGcNzmZAPzyGl0-1/islands-68', '']","[None, 'Инкогнито 3756']",,"[None, 'December 2, 2024']","['2024-12-02T11:02:10.535Z', '']","Инкогнито 3756
Level 5 Local Expert
Subscribe
December 2, 2024
Отличное кафе, ассортимент большой, хорошее место для комфортного, семейного поглощения сладостей, отзывчивый персонал
3
Show business's response",False,"Инкогнито 3756
Level 5 Local Expert
Subscribe
December 2, 2024
Отличное кафе, ассортимент большой, хорошее место для комфортного, семейного поглощения сладостей, отзывчивый персонал
3
Show business's response","Инкогнито 3756
Level 5 Local Expert
Subscribe
December 2, 2024
Отличное кафе, ассортимент большой, хорошее место для комфортного, семейного поглощения сладостей, отзывчивый персонал
3
Hide business's response
Official responseDecember 4, 2024
Благодарим за ваш отзыв","Инкогнито 3756
Level 5 Local Expert
Subscribe
December 2, 2024
Отличное кафе, ассортимент большой, хорошее место для комфортного, семейного поглощения сладостей, отзывчивый персонал
3
Hide business's response
Official responseDecember 4, 2024
Благодарим за ваш отзыв","['5', '']","['5.0', '']","['1', '']","Инкогнито 3756
Level 5 Local Expert
Subscribe
December 2, 2024
Отличное кафе, ассортимент большой, хорошее место для комфортного, семейного поглощения сладостей, отзывчивый персонал
3
Show business's response",e8269499-8dec-425c-8494-d596268421d9
"[None, 'Любовь Ф']","['https://avatars.mds.yandex.net/get-yapic/27274/z8lEwYV7tSDb47NIZANvxdG5K4-1/islands-68', '']","[None, 'Любовь Ф']",,"[None, 'December 20, 2023']","['2023-12-20T11:50:43.086Z', '']","Любовь Ф
Level 6 Local Expert
Subscribe
December 20, 2023
Обожаю это кафе!! Чисто и красиво, звучит приятная музыка, но главное- это вкуснейшие пирожные, торты и выпечка!
Часто бываю именно на Компросе, но и на Пермской тоже нравится! Важно, что есть возможность попить вкусный чай или кофе,…
more
4
1
Show business's response",False,"Любовь Ф
Level 6 Local Expert
Subscribe
December 20, 2023
Обожаю это кафе!! Чисто и красиво, звучит приятная музыка, но главное- это вкуснейшие пирожные, торты и выпечка!
Часто бываю именно на Компросе, но и на Пермской тоже нравится! Важно, что есть возможность попить вкусный чай или кофе,…
more
4
1
Show business's response","Любовь Ф
Level 6 Local Expert
Subscribe
December 20, 2023
Обожаю это кафе!! Чисто и красиво, звучит приятная музыка, но главное- это вкуснейшие пирожные, торты и выпечка!
Часто бываю именно на Компросе, но и на Пермской тоже нравится! Важно, что есть возможность попить вкусный чай или кофе,…
more
4
1
Hide business's response
Official responseDecember 22, 2023
Спасибо за такой отзыв","Любовь Ф
Level 6 Local Expert
Subscribe
December 20, 2023
Обожаю это кафе!! Чисто и красиво, звучит приятная музыка, но главное- это вкуснейшие пирожные, торты и выпечка!
Часто бываю именно на Компросе, но и на Пермской тоже нравится! Важно, что есть возможность попить вкусный чай или кофе,…
more
4
1
Hide business's response
Official responseDecember 22, 2023
Спасибо за такой отзыв","['5', '']","['5.0', '']","['1', '']","Любовь Ф
Level 6 Local Expert
Subscribe
December 20, 2023
Обожаю это кафе!! Чисто и красиво, звучит приятная музыка, но главное- это вкуснейшие пирожные, торты и выпечка!
Часто бываю именно на Компросе, но и на Пермской тоже нравится! Важно, что есть возможность попить вкусный чай или кофе,…
more
4
1
Show business's response",d51e14d7-e3f1-4361-b45a-5eb91b04faf2
"[None, 'Марк М.']","['https://avatars.mds.yandex.net/get-yapic/37154/0d-1/islands-68', '']","[None, 'Марк М.']",,"[None, 'November 4, 2024']","['2024-11-04T07:22:36.545Z', '']","Марк М.
Level 5 Local Expert
Subscribe
November 4, 2024
Все торты очень вкусные. Часто сюда хожу. Заведение очень красивое. Здорово что сделали зону для детей
1
Show business's response",False,"Марк М.
Level 5 Local Expert
Subscribe
November 4, 2024
Все торты очень вкусные. Часто сюда хожу. Заведение очень красивое. Здорово что сделали зону для детей
1
Show business's response","Марк М.
Level 5 Local Expert
Subscribe
November 4, 2024
Все торты очень вкусные. Часто сюда хожу. Заведение очень красивое. Здорово что сделали зону для детей
1
Hide business's response
Official responseNovember 7, 2024
Спасибо за ваш отклик","Марк М.
Level 5 Local Expert
Subscribe
November 4, 2024
Все торты очень вкусные. Часто сюда хожу. Заведение очень красивое. Здорово что сделали зону для детей
1
Hide business's response
Official responseNovember 7, 2024
Спасибо за ваш отклик","['5', '']","['5.0', '']","['1', '']","Марк М.
Level 5 Local Expert
Subscribe
November 4, 2024
Все торты очень вкусные. Часто сюда хожу. Заведение очень красивое. Здорово что сделали зону для детей
1
Show business's response",9be3a56d-62a2-4348-98ff-492d12e10831
"[None, 'Елена Махнач']","['https://avatars.mds.yandex.net/get-yapic/63032/brtrJjJPXDnhJ1bbrqgEi4qzdDA-1/islands-68', '']","[None, 'Елена Махнач']",,"[None, 'October 17, 2025']","['2025-10-17T11:00:47.687Z', '']","Елена Махнач
Level 4 Local Expert
Subscribe
October 17, 2025
Ужас как испортитили настроение в день рождения. А всего хотела купить тортик в день рождения и получить предлагаемую скидку . Чувствовала себя Дурочкой . С расстройства оставила банковскую карточку , за которой даже возвращаться не хочется. Для меня лучше ее заблокировать и сделать новую.
2
1
Show business's response",False,"Елена Махнач
Level 4 Local Expert
Subscribe
October 17, 2025
Ужас как испортитили настроение в день рождения. А всего хотела купить тортик в день рождения и получить предлагаемую скидку . Чувствовала себя Дурочкой . С расстройства оставила банковскую карточку , за которой даже возвращаться не хочется. Для меня лучше ее заблокировать и сделать новую.
2
1
Show business's response","Елена Махнач
Level 4 Local Expert
Subscribe
October 17, 2025
Ужас как испортитили настроение в день рождения. А всего хотела купить тортик в день рождения и получить предлагаемую скидку . Чувствовала себя Дурочкой . С расстройства оставила банковскую карточку , за которой даже возвращаться не хочется. Для меня лучше ее заблокировать и сделать новую.
2
1
Hide business's response
Official responseOctober 18, 2025
Елена, добрый день!Нам очень жаль, что ваше посещение оставило такое неприятное впечатление, особенно в такой важный день, как день рождения.Да действительно изменились правила предоставление скидки. Скидку мы предоставляем лично имениннику, как наш комплимент на его день рождения. Предоставляем скидку только при предъявлении документа. Вы можете оформить заказ на доставку и именинник при получении заказа предъявит документ. Приносим извинения за предоставленные неудобства. Надеемся, что сможем вернуть ваше доверие и снова заслужить вашу улыбку.","Елена Махнач
Level 4 Local Expert
Subscribe
October 17, 2025
Ужас как испортитили настроение в день рождения. А всего хотела купить тортик в день рождения и получить предлагаемую скидку . Чувствовала себя Дурочкой . С расстройства оставила банковскую карточку , за которой даже возвращаться не хочется. Для меня лучше ее заблокировать и сделать новую.
2
1
Hide business's response
Official responseOctober 18, 2025
Елена, добрый день!Нам очень жаль, что ваше посещение оставило такое неприятное впечатление, особенно в такой важный день, как день рождения.Да действительно изменились правила предоставление скидки. Скидку мы предоставляем лично имениннику, как наш комплимент на его день рождения. Предоставляем скидку только при предъявлении документа. Вы можете оформить заказ на доставку и именинник при получении заказа предъявит документ. Приносим извинения за предоставленные неудобства. Надеемся, что сможем вернуть ваше доверие и снова заслужить вашу улыбку.","['5', '']","['1.0', '']","['1', '']","Елена Махнач
Level 4 Local Expert
Subscribe
October 17, 2025
Ужас как испортитили настроение в день рождения. А всего хотела купить тортик в день рождения и получить предлагаемую скидку . Чувствовала себя Дурочкой . С расстройства оставила банковскую карточку , за которой даже возвращаться не хочется. Для меня лучше ее заблокировать и сделать новую.
2
1
Show business's response",fd75ebc2-4ab7-4209-afb4-57e5c56341a4
"[None, 'Ольга Ефремова']","['https://avatars.mds.yandex.net/get-yapic/29310/0d-3/islands-68', '']","[None, 'Ольга Ефремова']",,"[None, 'November 12, 2024']","['2024-11-12T03:29:04.155Z', '']","Ольга Ефремова
Level 5 Local Expert
Subscribe
November 12, 2024
Прекрамное место, вкусные десерты.
Есть недостаток-это не вежливый персонал. Разговаривают резко, а хочется доброжелательности и отзывчивости. Потому что в хорошем настроении купить больше хочется!
3
Show business's response",False,"Ольга Ефремова
Level 5 Local Expert
Subscribe
November 12, 2024
Прекрамное место, вкусные десерты.
Есть недостаток-это не вежливый персонал. Разговаривают резко, а хочется доброжелательности и отзывчивости. Потому что в хорошем настроении купить больше хочется!
3
Show business's response","Ольга Ефремова
Level 5 Local Expert
Subscribe
November 12, 2024
Прекрамное место, вкусные десерты.
Есть недостаток-это не вежливый персонал. Разговаривают резко, а хочется доброжелательности и отзывчивости. Потому что в хорошем настроении купить больше хочется!
3
Hide business's response
Official responseNovember 13, 2024
Спасибо за ваш отклик, мы обязательно проведем работу с нашими сотрудниками!","Ольга Ефремова
Level 5 Local Expert
Subscribe
November 12, 2024
Прекрамное место, вкусные десерты.
Есть недостаток-это не вежливый персонал. Разговаривают резко, а хочется доброжелательности и отзывчивости. Потому что в хорошем настроении купить больше хочется!
3
Hide business's response
Official responseNovember 13, 2024
Спасибо за ваш отклик, мы обязательно проведем работу с нашими сотрудниками!","['5', '']","['5.0', '']","['1', '']","Ольга Ефремова
Level 5 Local Expert
Subscribe
November 12, 2024
Прекрамное место, вкусные десерты.
Есть недостаток-это не вежливый персонал. Разговаривают резко, а хочется доброжелательности и отзывчивости. Потому что в хорошем настроении купить больше хочется!
3
Show business's response",6ba1a7b6-6b4f-44fe-ab82-6549248461de
"[None, 'Елена Захарова']","['https://avatars.mds.yandex.net/get-yapic/40841/zEEnIrY5rk2hZPMGjnWdRXt6Sg-1/islands-68', '']","[None, 'Елена Захарова']",,"[None, 'October 1, 2024']","['2024-10-01T18:20:45.110Z', '']","Елена Захарова
Level 16 Local Expert
Subscribe
October 1, 2024
Ребята, у вас самые вкусные в городе эклеры! Особенно с шоколадным кремом. И торт Три шоколада просто супер! 

А вот места в кофейне на Компросе маловато. Когда длинная очередь в…
more
1
Show business's response",False,"Елена Захарова
Level 16 Local Expert
Subscribe
October 1, 2024
Ребята, у вас самые вкусные в городе эклеры! Особенно с шоколадным кремом. И торт Три шоколада просто супер! 

А вот места в кофейне на Компросе маловато. Когда длинная очередь в…
more
1
Show business's response","Елена Захарова
Level 16 Local Expert
Subscribe
October 1, 2024
Ребята, у вас самые вкусные в городе эклеры! Особенно с шоколадным кремом. И торт Три шоколада просто супер! 

А вот места в кофейне на Компросе маловато. Когда длинная очередь в…
more
1
Hide business's response
Official responseOctober 8, 2024
Здравствуйте, Елена! Мы уже занялись расширением нашего кафе)","Елена Захарова
Level 16 Local Expert
Subscribe
October 1, 2024
Ребята, у вас самые вкусные в городе эклеры! Особенно с шоколадным кремом. И торт Три шоколада просто супер! 

А вот места в кофейне на Компросе маловато. Когда длинная очередь в…
more
1
Hide business's response
Official responseOctober 8, 2024
Здравствуйте, Елена! Мы уже занялись расширением нашего кафе)","['5', '']","['4.0', '']","['1', '']","Елена Захарова
Level 16 Local Expert
Subscribe
October 1, 2024
Ребята, у вас самые вкусные в городе эклеры! Особенно с шоколадным кремом. И торт Три шоколада просто супер! 

А вот места в кофейне на Компросе маловато. Когда длинная очередь в…
more
1
Show business's response",5d1a2c54-accf-4c3b-8b22-da6e01d8aacf
"[None, 'Ирина П']","['https://avatars.mds.yandex.net/get-yapic/30061/y97FO3oCzg5lcCwxNE5s8ho0v8c-1/islands-68', '']","[None, 'Ирина П']",,"[None, 'December 10, 2025']","['2025-12-10T16:00:08.955Z', '']","Ирина П
Level 12 Local Expert
Subscribe
December 10, 2025
Очень вкусные пирожные. Покупали торт ""Три молока"", вся семья в восторге 😋
Show business's response",False,"Ирина П
Level 12 Local Expert
Subscribe
December 10, 2025
Очень вкусные пирожные. Покупали торт ""Три молока"", вся семья в восторге 😋
Show business's response","Ирина П
Level 12 Local Expert
Subscribe
December 10, 2025
Очень вкусные пирожные. Покупали торт ""Три молока"", вся семья в восторге 😋
Hide business's response
Official responseDecember 11, 2025
Ирина, добрый день! Какой замечательный отзыв! Большое спасибо за тёплые слова и доверие к нашему десерту. Особенно приятно слышать, что торт ""Три молока"" понравился всей вашей семье. Это вдохновляет нас продолжать творить кулинарные шедевры и радовать наших любимых клиентов такими сладкими впечатлениями. Ждём вас снова в гости! 😉🍰","Ирина П
Level 12 Local Expert
Subscribe
December 10, 2025
Очень вкусные пирожные. Покупали торт ""Три молока"", вся семья в восторге 😋
Hide business's response
Official responseDecember 11, 2025
Ирина, добрый день! Какой замечательный отзыв! Большое спасибо за тёплые слова и доверие к нашему десерту. Особенно приятно слышать, что торт ""Три молока"" понравился всей вашей семье. Это вдохновляет нас продолжать творить кулинарные шедевры и радовать наших любимых клиентов такими сладкими впечатлениями. Ждём вас снова в гости! 😉🍰","['5', '']","['5.0', '']","['1', '']","Ирина П
Level 12 Local Expert
Subscribe
December 10, 2025
Очень вкусные пирожные. Покупали торт ""Три молока"", вся семья в восторге 😋
Show business's response",84d46658-5e27-485f-845f-69b63babc3e1
"[None, 'Светлана Шарова']","['https://avatars.mds.yandex.net/get-yapic/69015/0t-5/islands-68', '']","[None, 'Светлана Шарова']",,"[None, 'September 16, 2024']","['2024-09-16T16:40:03.269Z', '']","Светлана Шарова
Level 7 Local Expert
Subscribe
September 16, 2024
Хорошая кондитерская. Бываем очень часто, внучка очень любит шоколадные эклеры , правда их быстро раскупают , побольше хотелось бы , рядом наша школа прихожу кофе попить , пока жду.
1
Show business's response",False,"Светлана Шарова
Level 7 Local Expert
Subscribe
September 16, 2024
Хорошая кондитерская. Бываем очень часто, внучка очень любит шоколадные эклеры , правда их быстро раскупают , побольше хотелось бы , рядом наша школа прихожу кофе попить , пока жду.
1
Show business's response","Светлана Шарова
Level 7 Local Expert
Subscribe
September 16, 2024
Хорошая кондитерская. Бываем очень часто, внучка очень любит шоколадные эклеры , правда их быстро раскупают , побольше хотелось бы , рядом наша школа прихожу кофе попить , пока жду.
1
Hide business's response
Official responseSeptember 18, 2024
Спасибо за приятный отклик! Будем ждать Вас снова)","Светлана Шарова
Level 7 Local Expert
Subscribe
September 16, 2024
Хорошая кондитерская. Бываем очень часто, внучка очень любит шоколадные эклеры , правда их быстро раскупают , побольше хотелось бы , рядом наша школа прихожу кофе попить , пока жду.
1
Hide business's response
Official responseSeptember 18, 2024
Спасибо за приятный отклик! Будем ждать Вас снова)","['5', '']","['5.0', '']","['1', '']","Светлана Шарова
Level 7 Local Expert
Subscribe
September 16, 2024
Хорошая кондитерская. Бываем очень часто, внучка очень любит шоколадные эклеры , правда их быстро раскупают , побольше хотелось бы , рядом наша школа прихожу кофе попить , пока жду.
1
Show business's response",5d639b05-a824-45f3-b18f-537aa684410d
"[None, 'Людмила Уткина']","['https://avatars.mds.yandex.net/get-yapic/61207/QuZpgpi4ujrWyRLe1cczedj3Iw-1/islands-68', '']","[None, 'Людмила Уткина']",,"[None, 'November 14, 2024']","['2024-11-14T10:32:57.304Z', '']","Людмила Уткина
Level 6 Local Expert
Subscribe
November 14, 2024
я осталась в полном восторге от визита. Обязательно вернусь сюда снова и рекомендую всем, кто ценит качественные десерты и отличный сервис!
3
Show business's response",False,"Людмила Уткина
Level 6 Local Expert
Subscribe
November 14, 2024
я осталась в полном восторге от визита. Обязательно вернусь сюда снова и рекомендую всем, кто ценит качественные десерты и отличный сервис!
3
Show business's response","Людмила Уткина
Level 6 Local Expert
Subscribe
November 14, 2024
я осталась в полном восторге от визита. Обязательно вернусь сюда снова и рекомендую всем, кто ценит качественные десерты и отличный сервис!
3
Hide business's response
Official responseNovember 15, 2024
Благодарим за ваш отзыв","Людмила Уткина
Level 6 Local Expert
Subscribe
November 14, 2024
я осталась в полном восторге от визита. Обязательно вернусь сюда снова и рекомендую всем, кто ценит качественные десерты и отличный сервис!
3
Hide business's response
Official responseNovember 15, 2024
Благодарим за ваш отзыв","['5', '']","['5.0', '']","['1', '']","Людмила Уткина
Level 6 Local Expert
Subscribe
November 14, 2024
я осталась в полном восторге от визита. Обязательно вернусь сюда снова и рекомендую всем, кто ценит качественные десерты и отличный сервис!
3
Show business's response",90ecd402-7622-42a3-9bee-0ea4f1f213a0
"[None, 'Оксана Бандурко']",,"[None, 'Оксана Бандурко']",,"[None, 'June 25, 2024']","['2024-06-25T18:14:34.210Z', '']","О
Оксана Бандурко
Level 4 Local Expert
Subscribe
June 25, 2024
Любимая кофейня!!! Спасибо, что вы есть! Нравится большой выбор кондитерских изделий. Они все сбалансированы по сахаоу, на мой вкус, конечно! Очень приветливый персонал. Есть возможность покушать и не только сладкое). Рекомендую!
3
Show business's response",False,"О
Оксана Бандурко
Level 4 Local Expert
Subscribe
June 25, 2024
Любимая кофейня!!! Спасибо, что вы есть! Нравится большой выбор кондитерских изделий. Они все сбалансированы по сахаоу, на мой вкус, конечно! Очень приветливый персонал. Есть возможность покушать и не только сладкое). Рекомендую!
3
Show business's response","О
Оксана Бандурко
Level 4 Local Expert
Subscribe
June 25, 2024
Любимая кофейня!!! Спасибо, что вы есть! Нравится большой выбор кондитерских изделий. Они все сбалансированы по сахаоу, на мой вкус, конечно! Очень приветливый персонал. Есть возможность покушать и не только сладкое). Рекомендую!
3
Hide business's response
Official responseJuly 11, 2024
Спасибо за приятный отзыв","О
Оксана Бандурко
Level 4 Local Expert
Subscribe
June 25, 2024
Любимая кофейня!!! Спасибо, что вы есть! Нравится большой выбор кондитерских изделий. Они все сбалансированы по сахаоу, на мой вкус, конечно! Очень приветливый персонал. Есть возможность покушать и не только сладкое). Рекомендую!
3
Hide business's response
Official responseJuly 11, 2024
Спасибо за приятный отзыв","['5', '']","['5.0', '']","['1', '']","О
Оксана Бандурко
Level 4 Local Expert
Subscribe
June 25, 2024
Любимая кофейня!!! Спасибо, что вы есть! Нравится большой выбор кондитерских изделий. Они все сбалансированы по сахаоу, на мой вкус, конечно! Очень приветливый персонал. Есть возможность покушать и не только сладкое). Рекомендую!
3
Show business's response",866b1aee-aad4-411f-85d9-e763832339b6
"[None, 'Андрей']","['https://avatars.mds.yandex.net/get-yapic/61207/0r-5/islands-68', '']","[None, 'Андрей']",,"[None, 'October 18, 2024']","['2024-10-18T16:32:20.672Z', '']","Андрей
Level 7 Local Expert
Subscribe
October 18, 2024
Самые вкусные, свежие торты и пирожные. Всегда большой выбор десертов. Вежливый персонал. Уютная обстановка. Действует система скидок.
Show business's response",False,"Андрей
Level 7 Local Expert
Subscribe
October 18, 2024
Самые вкусные, свежие торты и пирожные. Всегда большой выбор десертов. Вежливый персонал. Уютная обстановка. Действует система скидок.
Show business's response","Андрей
Level 7 Local Expert
Subscribe
October 18, 2024
Самые вкусные, свежие торты и пирожные. Всегда большой выбор десертов. Вежливый персонал. Уютная обстановка. Действует система скидок.
Hide business's response
Official responseOctober 23, 2024
Спасибо за приятный отзыв","Андрей
Level 7 Local Expert
Subscribe
October 18, 2024
Самые вкусные, свежие торты и пирожные. Всегда большой выбор десертов. Вежливый персонал. Уютная обстановка. Действует система скидок.
Hide business's response
Official responseOctober 23, 2024
Спасибо за приятный отзыв","['5', '']","['5.0', '']","['1', '']","Андрей
Level 7 Local Expert
Subscribe
October 18, 2024
Самые вкусные, свежие торты и пирожные. Всегда большой выбор десертов. Вежливый персонал. Уютная обстановка. Действует система скидок.
Show business's response",eeaff12d-67c9-4713-92bc-a4cb29fb85ca
,"['https://avatars.mds.yandex.net/get-yapic/68143/0s-4/islands-68', '']","[None, 'Наталья Г.']",,"[None, 'April 22']","['2026-04-22T06:02:04.431Z', '']","Наталья Г.
Level 4 Local Expert
April 22
Купила сегодня торт в 20 часов. Не посмотрела дату изготовления. Написано 15.04.26 и срок годности 72 часа. Т.е срок годности заканчивается сегодня. Предполагается, что до завтра весь торт (по факту ночером) должен быть съеден? Продавец не предупредила об…
more",False,"Наталья Г.
Level 4 Local Expert
April 22
Купила сегодня торт в 20 часов. Не посмотрела дату изготовления. Написано 15.04.26 и срок годности 72 часа. Т.е срок годности заканчивается сегодня. Предполагается, что до завтра весь торт (по факту ночером) должен быть съеден? Продавец не предупредила об…
more",,,"['5', '']","['1.0', '']","['1', '']","Наталья Г.
Level 4 Local Expert
April 22
Купила сегодня торт в 20 часов. Не посмотрела дату изготовления. Написано 15.04.26 и срок годности 72 часа. Т.е срок годности заканчивается сегодня. Предполагается, что до завтра весь торт (по факту ночером) должен быть съеден? Продавец не предупредила об…
more",f8e775f8-ec24-4d63-9232-0fce9025dff4
"[None, 'Дарья']","['https://avatars.mds.yandex.net/get-yapic/25358/0d-8/islands-68', '']","[None, 'Дарья']",,"[None, 'September 10, 2024']","['2024-09-10T18:16:11.341Z', '']","Дарья
Level 10 Local Expert
Subscribe
September 10, 2024
Отличная сеть кондитерских! Вкуснейшие торты и выпечка! Уютная атмосфера кафе, в котором можно приятно провести время, как в кругу семьи, так и с друзьями.
3
Show business's response",False,"Дарья
Level 10 Local Expert
Subscribe
September 10, 2024
Отличная сеть кондитерских! Вкуснейшие торты и выпечка! Уютная атмосфера кафе, в котором можно приятно провести время, как в кругу семьи, так и с друзьями.
3
Show business's response","Дарья
Level 10 Local Expert
Subscribe
September 10, 2024
Отличная сеть кондитерских! Вкуснейшие торты и выпечка! Уютная атмосфера кафе, в котором можно приятно провести время, как в кругу семьи, так и с друзьями.
3
Hide business's response
Official responseSeptember 18, 2024
Спасибо за ваш отклик)","Дарья
Level 10 Local Expert
Subscribe
September 10, 2024
Отличная сеть кондитерских! Вкуснейшие торты и выпечка! Уютная атмосфера кафе, в котором можно приятно провести время, как в кругу семьи, так и с друзьями.
3
Hide business's response
Official responseSeptember 18, 2024
Спасибо за ваш отклик)","['5', '']","['5.0', '']","['1', '']","Дарья
Level 10 Local Expert
Subscribe
September 10, 2024
Отличная сеть кондитерских! Вкуснейшие торты и выпечка! Уютная атмосфера кафе, в котором можно приятно провести время, как в кругу семьи, так и с друзьями.
3
Show business's response",392f072a-c044-48b0-81a0-9be37760c8c1
"[None, 'Артём Власов']","['https://avatars.mds.yandex.net/get-yapic/39249/enc-e83affc215f2b45d88665a796d3461eb6180891e44ca0083f511c6775e33c62c/islands-68', '']","[None, 'Артём Власов']",,"[None, 'March 7, 2024']","['2024-03-07T08:47:28.055Z', '']","Артём Власов
Level 5 Local Expert
Subscribe
March 7, 2024
Всегда вежливый персонал девчонки Умнички Дарья , Виктория, Юлия , Ксения 

Красивый интерьер , Десерты всегда Красиво вовремя…
more
6
1
Show business's response",False,"Артём Власов
Level 5 Local Expert
Subscribe
March 7, 2024
Всегда вежливый персонал девчонки Умнички Дарья , Виктория, Юлия , Ксения 

Красивый интерьер , Десерты всегда Красиво вовремя…
more
6
1
Show business's response","Артём Власов
Level 5 Local Expert
Subscribe
March 7, 2024
Всегда вежливый персонал девчонки Умнички Дарья , Виктория, Юлия , Ксения 

Красивый интерьер , Десерты всегда Красиво вовремя…
more
6
1
Hide business's response
Official responseMarch 12, 2024
Спасибо за приятный отклик","Артём Власов
Level 5 Local Expert
Subscribe
March 7, 2024
Всегда вежливый персонал девчонки Умнички Дарья , Виктория, Юлия , Ксения 

Красивый интерьер , Десерты всегда Красиво вовремя…
more
6
1
Hide business's response
Official responseMarch 12, 2024
Спасибо за приятный отклик","['5', '']","['5.0', '']","['1', '']","Артём Власов
Level 5 Local Expert
Subscribe
March 7, 2024
Всегда вежливый персонал девчонки Умнички Дарья , Виктория, Юлия , Ксения 

Красивый интерьер , Десерты всегда Красиво вовремя…
more
6
1
Show business's response",419b2785-9c92-4cda-bb1f-0fe80aecc1cf
"[None, 'Наталья Плюснина']","['https://avatars.mds.yandex.net/get-yapic/54535/EjCzNsXSZb0Q9Wzwmq3ZAAWF3M-1/islands-68', '']","[None, 'Наталья Плюснина']",,"[None, 'September 15, 2024']","['2024-09-15T07:00:37.532Z', '']","Наталья Плюснина
Level 15 Local Expert
Subscribe
September 15, 2024
Потрясающая кондитерская. Цены вообще не высокие, всегда есть свежие пирожные, самое то, чтобы зайти и посидеть. Причем все очень вкусно, надеюсь так будет продолжаться еще долго ахах
3
Show business's response",False,"Наталья Плюснина
Level 15 Local Expert
Subscribe
September 15, 2024
Потрясающая кондитерская. Цены вообще не высокие, всегда есть свежие пирожные, самое то, чтобы зайти и посидеть. Причем все очень вкусно, надеюсь так будет продолжаться еще долго ахах
3
Show business's response","Наталья Плюснина
Level 15 Local Expert
Subscribe
September 15, 2024
Потрясающая кондитерская. Цены вообще не высокие, всегда есть свежие пирожные, самое то, чтобы зайти и посидеть. Причем все очень вкусно, надеюсь так будет продолжаться еще долго ахах
3
Hide business's response
Official responseSeptember 18, 2024
Благодарим за ваш отзыв!","Наталья Плюснина
Level 15 Local Expert
Subscribe
September 15, 2024
Потрясающая кондитерская. Цены вообще не высокие, всегда есть свежие пирожные, самое то, чтобы зайти и посидеть. Причем все очень вкусно, надеюсь так будет продолжаться еще долго ахах
3
Hide business's response
Official responseSeptember 18, 2024
Благодарим за ваш отзыв!","['5', '']","['5.0', '']","['1', '']","Наталья Плюснина
Level 15 Local Expert
Subscribe
September 15, 2024
Потрясающая кондитерская. Цены вообще не высокие, всегда есть свежие пирожные, самое то, чтобы зайти и посидеть. Причем все очень вкусно, надеюсь так будет продолжаться еще долго ахах
3
Show business's response",19b7c899-cea7-4484-b113-90799dd58bf2
,"['https://avatars.mds.yandex.net/get-yapic/30061/azSCopSeyQHgYESWF1xeiJyWMc-1/islands-68', '']","[None, 'Lone Rabbit']",,"[None, 'January 5, 2025']","['2025-01-05T15:28:59.890Z', '']","Lone Rabbit
Level 9 Local Expert
January 5, 2025
Отличное место! Очень здорово, что есть детский уголок, за это большое спасибо владельцам! Но, пожалуйста, проведите ревизию детских игрушек- очень много грязных( мы были вечером, но это явно не за один день так)..и шарики в бассейне, было бы круто, если бы их тоже…
more
1
Show business's response",False,"Lone Rabbit
Level 9 Local Expert
January 5, 2025
Отличное место! Очень здорово, что есть детский уголок, за это большое спасибо владельцам! Но, пожалуйста, проведите ревизию детских игрушек- очень много грязных( мы были вечером, но это явно не за один день так)..и шарики в бассейне, было бы круто, если бы их тоже…
more
1
Show business's response","Lone Rabbit
Level 9 Local Expert
January 5, 2025
Отличное место! Очень здорово, что есть детский уголок, за это большое спасибо владельцам! Но, пожалуйста, проведите ревизию детских игрушек- очень много грязных( мы были вечером, но это явно не за один день так)..и шарики в бассейне, было бы круто, если бы их тоже…
more
1
Hide business's response
Official responseJanuary 8, 2025
Здравствуйте! Благодарим Вас, что уделили время и оставили подробный отзыв!
Обязательно проведем работу! Будем ждать Вас вновь)","Lone Rabbit
Level 9 Local Expert
January 5, 2025
Отличное место! Очень здорово, что есть детский уголок, за это большое спасибо владельцам! Но, пожалуйста, проведите ревизию детских игрушек- очень много грязных( мы были вечером, но это явно не за один день так)..и шарики в бассейне, было бы круто, если бы их тоже…
more
1
Hide business's response
Official responseJanuary 8, 2025
Здравствуйте! Благодарим Вас, что уделили время и оставили подробный отзыв!
Обязательно проведем работу! Будем ждать Вас вновь)","['5', '']","['4.0', '']","['1', '']","Lone Rabbit
Level 9 Local Expert
January 5, 2025
Отличное место! Очень здорово, что есть детский уголок, за это большое спасибо владельцам! Но, пожалуйста, проведите ревизию детских игрушек- очень много грязных( мы были вечером, но это явно не за один день так)..и шарики в бассейне, было бы круто, если бы их тоже…
more
1
Show business's response",b78ffab6-7326-4a2d-af24-286327618ca7
"[None, 'Татьяна Ежова']","['https://avatars.mds.yandex.net/get-yapic/57243/0s-6/islands-68', '']","[None, 'Татьяна Ежова']",,"[None, 'November 24, 2024']","['2024-11-24T17:11:52.703Z', '']","Татьяна Ежова
Level 7 Local Expert
Subscribe
November 24, 2024
Очень приятно посетить с семьей, детьми. Место просто проходное, не проедешь рядом. Тем более ничего подобного в таком многолюдном районе нет! Ассортимент широкий. 
Ждём расширения площади!
Show business's response",False,"Татьяна Ежова
Level 7 Local Expert
Subscribe
November 24, 2024
Очень приятно посетить с семьей, детьми. Место просто проходное, не проедешь рядом. Тем более ничего подобного в таком многолюдном районе нет! Ассортимент широкий. 
Ждём расширения площади!
Show business's response","Татьяна Ежова
Level 7 Local Expert
Subscribe
November 24, 2024
Очень приятно посетить с семьей, детьми. Место просто проходное, не проедешь рядом. Тем более ничего подобного в таком многолюдном районе нет! Ассортимент широкий. 
Ждём расширения площади!
Hide business's response
Official responseNovember 27, 2024
Спасибо за такой отзыв","Татьяна Ежова
Level 7 Local Expert
Subscribe
November 24, 2024
Очень приятно посетить с семьей, детьми. Место просто проходное, не проедешь рядом. Тем более ничего подобного в таком многолюдном районе нет! Ассортимент широкий. 
Ждём расширения площади!
Hide business's response
Official responseNovember 27, 2024
Спасибо за такой отзыв","['5', '']","['5.0', '']","['1', '']","Татьяна Ежова
Level 7 Local Expert
Subscribe
November 24, 2024
Очень приятно посетить с семьей, детьми. Место просто проходное, не проедешь рядом. Тем более ничего подобного в таком многолюдном районе нет! Ассортимент широкий. 
Ждём расширения площади!
Show business's response",f87a3f00-a5c7-482d-a161-db90ee9cd9d7
"[None, 'serg fadeev']","['https://avatars.mds.yandex.net/get-yapic/45131/0r-8/islands-68', '']","[None, 'serg fadeev']",,"[None, 'July 13, 2024']","['2024-07-13T14:17:27.674Z', '']","serg fadeev
Level 6 Local Expert
Subscribe
July 13, 2024
Крайне не приветливый персонал. Что касается тортов. Они очень вкусные!!! Но мне пытались продать не свежий, с растрескавшимся кремом сверху. На просьбу заменить продавце отреагировала негативно , но поменяла. Персонал решает всё, как бы вкусно у вас не было.
5
2
Show business's response",False,"serg fadeev
Level 6 Local Expert
Subscribe
July 13, 2024
Крайне не приветливый персонал. Что касается тортов. Они очень вкусные!!! Но мне пытались продать не свежий, с растрескавшимся кремом сверху. На просьбу заменить продавце отреагировала негативно , но поменяла. Персонал решает всё, как бы вкусно у вас не было.
5
2
Show business's response","serg fadeev
Level 6 Local Expert
Subscribe
July 13, 2024
Крайне не приветливый персонал. Что касается тортов. Они очень вкусные!!! Но мне пытались продать не свежий, с растрескавшимся кремом сверху. На просьбу заменить продавце отреагировала негативно , но поменяла. Персонал решает всё, как бы вкусно у вас не было.
5
2
Hide business's response
Official responseJuly 17, 2024
Добрый день большое спасибо Вам за отзыв обязательно проведем работу с персоналом. Приходите вновь, обещаем такое не повториться","serg fadeev
Level 6 Local Expert
Subscribe
July 13, 2024
Крайне не приветливый персонал. Что касается тортов. Они очень вкусные!!! Но мне пытались продать не свежий, с растрескавшимся кремом сверху. На просьбу заменить продавце отреагировала негативно , но поменяла. Персонал решает всё, как бы вкусно у вас не было.
5
2
Hide business's response
Official responseJuly 17, 2024
Добрый день большое спасибо Вам за отзыв обязательно проведем работу с персоналом. Приходите вновь, обещаем такое не повториться","['5', '']","['3.0', '']","['1', '']","serg fadeev
Level 6 Local Expert
Subscribe
July 13, 2024
Крайне не приветливый персонал. Что касается тортов. Они очень вкусные!!! Но мне пытались продать не свежий, с растрескавшимся кремом сверху. На просьбу заменить продавце отреагировала негативно , но поменяла. Персонал решает всё, как бы вкусно у вас не было.
5
2
Show business's response",21bc167f-47ec-4252-843c-596cc61e9b78
"[None, 'Александра Коренева']","['https://avatars.mds.yandex.net/get-yapic/68143/0y-7/islands-68', '']","[None, 'Александра Коренева']",,"[None, 'June 24, 2023']","['2023-06-24T16:34:08.942Z', '']","Александра Коренева
Level 5 Local Expert
Subscribe
June 24, 2023
Прекрасный выбор, отличные десерты. Очень приятные люди и все красиво оформлено. Очередей нет. Работают быстро, готовы помочь с выбором. Выпечка прекрасного качества. А главное очень вкусная
3
Show business's response",False,"Александра Коренева
Level 5 Local Expert
Subscribe
June 24, 2023
Прекрасный выбор, отличные десерты. Очень приятные люди и все красиво оформлено. Очередей нет. Работают быстро, готовы помочь с выбором. Выпечка прекрасного качества. А главное очень вкусная
3
Show business's response","Александра Коренева
Level 5 Local Expert
Subscribe
June 24, 2023
Прекрасный выбор, отличные десерты. Очень приятные люди и все красиво оформлено. Очередей нет. Работают быстро, готовы помочь с выбором. Выпечка прекрасного качества. А главное очень вкусная
3
Hide business's response
Official responseJune 30, 2023
Спасибо, что оценили! Рады видеть Вас в наших кондитерских","Александра Коренева
Level 5 Local Expert
Subscribe
June 24, 2023
Прекрасный выбор, отличные десерты. Очень приятные люди и все красиво оформлено. Очередей нет. Работают быстро, готовы помочь с выбором. Выпечка прекрасного качества. А главное очень вкусная
3
Hide business's response
Official responseJune 30, 2023
Спасибо, что оценили! Рады видеть Вас в наших кондитерских","['5', '']","['5.0', '']","['1', '']","Александра Коренева
Level 5 Local Expert
Subscribe
June 24, 2023
Прекрасный выбор, отличные десерты. Очень приятные люди и все красиво оформлено. Очередей нет. Работают быстро, готовы помочь с выбором. Выпечка прекрасного качества. А главное очень вкусная
3
Show business's response",702c3f87-eedb-487f-8c83-dc30683a738a
"[None, 'Ксения Котова']","['https://avatars.mds.yandex.net/get-yapic/54535/d5HwRNDlR2SJefqx874czFuLALs-1/islands-68', '']","[None, 'Ксения Котова']",,"[None, 'December 26, 2024']","['2024-12-26T15:25:10.515Z', '']","Ксения Котова
Level 13 Local Expert
Subscribe
December 26, 2024
Тут вкусно))) приятный люди, много сладких штучек - глаза разбегаются))) кофе тут пить интересно 🤍
3
Show business's response",False,"Ксения Котова
Level 13 Local Expert
Subscribe
December 26, 2024
Тут вкусно))) приятный люди, много сладких штучек - глаза разбегаются))) кофе тут пить интересно 🤍
3
Show business's response","Ксения Котова
Level 13 Local Expert
Subscribe
December 26, 2024
Тут вкусно))) приятный люди, много сладких штучек - глаза разбегаются))) кофе тут пить интересно 🤍
3
Hide business's response
Official responseDecember 29, 2024
Благодарим за ваш отзыв","Ксения Котова
Level 13 Local Expert
Subscribe
December 26, 2024
Тут вкусно))) приятный люди, много сладких штучек - глаза разбегаются))) кофе тут пить интересно 🤍
3
Hide business's response
Official responseDecember 29, 2024
Благодарим за ваш отзыв","['5', '']","['5.0', '']","['1', '']","Ксения Котова
Level 13 Local Expert
Subscribe
December 26, 2024
Тут вкусно))) приятный люди, много сладких штучек - глаза разбегаются))) кофе тут пить интересно 🤍
3
Show business's response",5f131c34-c5b1-4dfa-b531-0e57b368776d
"[None, 'Светлана Кобелева']","['https://avatars.mds.yandex.net/get-yapic/47747/0h-2/islands-68', '']","[None, 'Светлана Кобелева']",,"[None, 'January 17, 2025']","['2025-01-17T14:19:53.669Z', '']","Светлана Кобелева
Level 4 Local Expert
Subscribe
January 17, 2025
Вкусные Торты, Великолепная атмосфера, Обслуживание на высоте, рекомендую всем)
3
Show business's response",False,"Светлана Кобелева
Level 4 Local Expert
Subscribe
January 17, 2025
Вкусные Торты, Великолепная атмосфера, Обслуживание на высоте, рекомендую всем)
3
Show business's response","Светлана Кобелева
Level 4 Local Expert
Subscribe
January 17, 2025
Вкусные Торты, Великолепная атмосфера, Обслуживание на высоте, рекомендую всем)
3
Hide business's response
Official responseJanuary 20, 2025
Спасибо за приятный отклик","Светлана Кобелева
Level 4 Local Expert
Subscribe
January 17, 2025
Вкусные Торты, Великолепная атмосфера, Обслуживание на высоте, рекомендую всем)
3
Hide business's response
Official responseJanuary 20, 2025
Спасибо за приятный отклик","['5', '']","['5.0', '']","['1', '']","Светлана Кобелева
Level 4 Local Expert
Subscribe
January 17, 2025
Вкусные Торты, Великолепная атмосфера, Обслуживание на высоте, рекомендую всем)
3
Show business's response",3a82a4b2-953d-4a0e-acba-d89ad78f69c3
"[None, 'Ваня Кобяков']","['https://avatars.mds.yandex.net/get-yapic/62162/0k-7/islands-68', '']","[None, 'Ваня Кобяков']",,"[None, 'April 16']","['2026-04-16T16:25:57.678Z', '']","Ваня Кобяков
Level 7 Local Expert
Subscribe
April 16
Очень уважительные сотрудники, еда и час вкусные и сахара отдельно с чаем не жалеют.
Show business's response",False,"Ваня Кобяков
Level 7 Local Expert
Subscribe
April 16
Очень уважительные сотрудники, еда и час вкусные и сахара отдельно с чаем не жалеют.
Show business's response","Ваня Кобяков
Level 7 Local Expert
Subscribe
April 16
Очень уважительные сотрудники, еда и час вкусные и сахара отдельно с чаем не жалеют.
Hide business's response
Official responseApril 17
Спасибо Вам за такие тёплые слова! 🌟 Нам очень приятно, что Вы оценили наше гостеприимство, вкус блюд и чая.
Ваши добрые слова — лучшая мотивация для нашей команды. Будем ждать Вас снова — у нас всегда вкусно, уютно и с душой!","Ваня Кобяков
Level 7 Local Expert
Subscribe
April 16
Очень уважительные сотрудники, еда и час вкусные и сахара отдельно с чаем не жалеют.
Hide business's response
Official responseApril 17
Спасибо Вам за такие тёплые слова! 🌟 Нам очень приятно, что Вы оценили наше гостеприимство, вкус блюд и чая.
Ваши добрые слова — лучшая мотивация для нашей команды. Будем ждать Вас снова — у нас всегда вкусно, уютно и с душой!","['5', '']","['5.0', '']","['1', '']","Ваня Кобяков
Level 7 Local Expert
Subscribe
April 16
Очень уважительные сотрудники, еда и час вкусные и сахара отдельно с чаем не жалеют.
Show business's response",458826e7-a9ff-4b75-987d-9f1a4f0e4b6b
"[None, 'Светлана Коньшина']","['https://avatars.mds.yandex.net/get-yapic/26057/0t-7/islands-68', '']","[None, 'Светлана Коньшина']",,"[None, 'August 28, 2023']","['2023-08-28T11:51:42.905Z', '']","Светлана Коньшина
Level 11 Local Expert
Subscribe
August 28, 2023
Уютное местечко с очень вкусными десертами и выпечкой! Радует большой выбор. Приятная атмосфера и персонал. С порога идет манящий зарах свежесваренного кофе и десертов! Всегда выбираем на семейные праздники ваши торты!
Show business's response",False,"Светлана Коньшина
Level 11 Local Expert
Subscribe
August 28, 2023
Уютное местечко с очень вкусными десертами и выпечкой! Радует большой выбор. Приятная атмосфера и персонал. С порога идет манящий зарах свежесваренного кофе и десертов! Всегда выбираем на семейные праздники ваши торты!
Show business's response","Светлана Коньшина
Level 11 Local Expert
Subscribe
August 28, 2023
Уютное местечко с очень вкусными десертами и выпечкой! Радует большой выбор. Приятная атмосфера и персонал. С порога идет манящий зарах свежесваренного кофе и десертов! Всегда выбираем на семейные праздники ваши торты!
Hide business's response
Official responseAugust 31, 2023
Благодарим за ваш отзыв","Светлана Коньшина
Level 11 Local Expert
Subscribe
August 28, 2023
Уютное местечко с очень вкусными десертами и выпечкой! Радует большой выбор. Приятная атмосфера и персонал. С порога идет манящий зарах свежесваренного кофе и десертов! Всегда выбираем на семейные праздники ваши торты!
Hide business's response
Official responseAugust 31, 2023
Благодарим за ваш отзыв","['5', '']","['5.0', '']","['1', '']","Светлана Коньшина
Level 11 Local Expert
Subscribe
August 28, 2023
Уютное местечко с очень вкусными десертами и выпечкой! Радует большой выбор. Приятная атмосфера и персонал. С порога идет манящий зарах свежесваренного кофе и десертов! Всегда выбираем на семейные праздники ваши торты!
Show business's response",e44bdfd9-f750-4714-80a4-bf446ccb98ac
"[None, 'Марина Марамыгина']","['https://avatars.mds.yandex.net/get-yapic/49368/RWvZgmAUllm5ELtZUnZQr2ROGk-1/islands-68', '']","[None, 'Марина Марамыгина']",,"[None, 'May 16, 2024']","['2024-05-16T06:16:54.990Z', '']","Марина Марамыгина
Level 9 Local Expert
Subscribe
May 16, 2024
Очень вкусная выпечка (как сладкая, так и нет), приятный интерьер помогают отвлечься от будних дел. Обслуживают очень быстро и вежливо.
3
Show business's response",False,"Марина Марамыгина
Level 9 Local Expert
Subscribe
May 16, 2024
Очень вкусная выпечка (как сладкая, так и нет), приятный интерьер помогают отвлечься от будних дел. Обслуживают очень быстро и вежливо.
3
Show business's response","Марина Марамыгина
Level 9 Local Expert
Subscribe
May 16, 2024
Очень вкусная выпечка (как сладкая, так и нет), приятный интерьер помогают отвлечься от будних дел. Обслуживают очень быстро и вежливо.
3
Hide business's response
Official responseMay 21, 2024
Спасибо за вашу оценку","Марина Марамыгина
Level 9 Local Expert
Subscribe
May 16, 2024
Очень вкусная выпечка (как сладкая, так и нет), приятный интерьер помогают отвлечься от будних дел. Обслуживают очень быстро и вежливо.
3
Hide business's response
Official responseMay 21, 2024
Спасибо за вашу оценку","['5', '']","['5.0', '']","['1', '']","Марина Марамыгина
Level 9 Local Expert
Subscribe
May 16, 2024
Очень вкусная выпечка (как сладкая, так и нет), приятный интерьер помогают отвлечься от будних дел. Обслуживают очень быстро и вежливо.
3
Show business's response",520113fa-1e4f-4561-a0f8-49d5d19ef549
"[None, 'Марина Г.']","['https://avatars.mds.yandex.net/get-yapic/40138/UxLiBRj6sOVBZya4dsPNADdTyQ-1/islands-68', '']","[None, 'Марина Г.']",,"[None, 'July 20, 2025']","['2025-07-20T16:04:00.649Z', '']","Марина Г.
Level 10 Local Expert
Subscribe
July 20, 2025
Торт «Три молока» просто шикарен по вкусу, хотя визуально совсем ничего особенного…
Show business's response",False,"Марина Г.
Level 10 Local Expert
Subscribe
July 20, 2025
Торт «Три молока» просто шикарен по вкусу, хотя визуально совсем ничего особенного…
Show business's response","Марина Г.
Level 10 Local Expert
Subscribe
July 20, 2025
Торт «Три молока» просто шикарен по вкусу, хотя визуально совсем ничего особенного…
Hide business's response
Official responseJuly 23, 2025
Добрый день Марина! Благодарим Вас за отзыв. Мы рады, что вам понравился торт ""Три Молока"". Будем рады видеть вас снова!","Марина Г.
Level 10 Local Expert
Subscribe
July 20, 2025
Торт «Три молока» просто шикарен по вкусу, хотя визуально совсем ничего особенного…
Hide business's response
Official responseJuly 23, 2025
Добрый день Марина! Благодарим Вас за отзыв. Мы рады, что вам понравился торт ""Три Молока"". Будем рады видеть вас снова!","['5', '']","['5.0', '']","['1', '']","Марина Г.
Level 10 Local Expert
Subscribe
July 20, 2025
Торт «Три молока» просто шикарен по вкусу, хотя визуально совсем ничего особенного…
Show business's response",2bb5ec67-acca-4215-b5ed-ffde36f79b26
"[None, 'АННА ЛАВРОВА']","['https://avatars.mds.yandex.net/get-yapic/36777/enc-b099688842d3be16259d4625a1e42c1c676eca6a8cca37d23f5266f42fcf357b/islands-68', '']","[None, 'АННА ЛАВРОВА']",,"[None, 'June 10, 2023']","['2023-06-10T15:42:43.217Z', '']","АННА ЛАВРОВА
Level 9 Local Expert
Subscribe
June 10, 2023
Уютная обстановка, дружелюбный персонал. Ассортимент большой, но не всё так вкусно как хотелось бы. Круасаны отвратительные, лучше убрать их из меню. В тортах перебор с желатином. Остальные торты, где нет желатина, очень вкусные.
1
Show business's response",False,"АННА ЛАВРОВА
Level 9 Local Expert
Subscribe
June 10, 2023
Уютная обстановка, дружелюбный персонал. Ассортимент большой, но не всё так вкусно как хотелось бы. Круасаны отвратительные, лучше убрать их из меню. В тортах перебор с желатином. Остальные торты, где нет желатина, очень вкусные.
1
Show business's response","АННА ЛАВРОВА
Level 9 Local Expert
Subscribe
June 10, 2023
Уютная обстановка, дружелюбный персонал. Ассортимент большой, но не всё так вкусно как хотелось бы. Круасаны отвратительные, лучше убрать их из меню. В тортах перебор с желатином. Остальные торты, где нет желатина, очень вкусные.
1
Hide business's response
Official responseJune 13, 2023
Доброго дня вам Анна! В первую очередь мы благодарим вас за обратную связь, ведь ваша обратная связь помогает нам становится лучше! Расскажите пожалуйта что вам не понравилось в круаасанах? И в каких наименованиях тортов присутствует желатин?","АННА ЛАВРОВА
Level 9 Local Expert
Subscribe
June 10, 2023
Уютная обстановка, дружелюбный персонал. Ассортимент большой, но не всё так вкусно как хотелось бы. Круасаны отвратительные, лучше убрать их из меню. В тортах перебор с желатином. Остальные торты, где нет желатина, очень вкусные.
1
Hide business's response
Official responseJune 13, 2023
Доброго дня вам Анна! В первую очередь мы благодарим вас за обратную связь, ведь ваша обратная связь помогает нам становится лучше! Расскажите пожалуйта что вам не понравилось в круаасанах? И в каких наименованиях тортов присутствует желатин?","['5', '']","['4.0', '']","['1', '']","АННА ЛАВРОВА
Level 9 Local Expert
Subscribe
June 10, 2023
Уютная обстановка, дружелюбный персонал. Ассортимент большой, но не всё так вкусно как хотелось бы. Круасаны отвратительные, лучше убрать их из меню. В тортах перебор с желатином. Остальные торты, где нет желатина, очень вкусные.
1
Show business's response",2ead94c3-b08f-4bc7-a40d-b8ed67c97be9
"[None, 'Ольга Ш.']","['https://avatars.mds.yandex.net/get-yapic/45131/0l-6/islands-68', '']","[None, 'Ольга Ш.']",,"[None, 'February 17, 2025']","['2025-02-17T16:33:09.553Z', '']","Ольга Ш.
Level 11 Local Expert
Subscribe
February 17, 2025
Моя любовь это торт ""три молока""! 
Вся ваша продукция качественная и безумно вкусная 
Благодарю 
Желаю процветания❤
4
Show business's response",False,"Ольга Ш.
Level 11 Local Expert
Subscribe
February 17, 2025
Моя любовь это торт ""три молока""! 
Вся ваша продукция качественная и безумно вкусная 
Благодарю 
Желаю процветания❤
4
Show business's response","Ольга Ш.
Level 11 Local Expert
Subscribe
February 17, 2025
Моя любовь это торт ""три молока""! 
Вся ваша продукция качественная и безумно вкусная 
Благодарю 
Желаю процветания❤
4
Hide business's response
Official responseApril 1, 2025
Спасибо за приятный отзыв","Ольга Ш.
Level 11 Local Expert
Subscribe
February 17, 2025
Моя любовь это торт ""три молока""! 
Вся ваша продукция качественная и безумно вкусная 
Благодарю 
Желаю процветания❤
4
Hide business's response
Official responseApril 1, 2025
Спасибо за приятный отзыв","['5', '']","['5.0', '']","['1', '']","Ольга Ш.
Level 11 Local Expert
Subscribe
February 17, 2025
Моя любовь это торт ""три молока""! 
Вся ваша продукция качественная и безумно вкусная 
Благодарю 
Желаю процветания❤
4
Show business's response",94e56511-4401-4e35-92d6-3b3fa57c4be6
"[None, 'Ирина Мерзлякова']","['https://avatars.mds.yandex.net/get-yapic/26057/kVHlOU5nKRgvV1POAm8jZ8xTzA-1/islands-68', '']","[None, 'Ирина Мерзлякова']",,"[None, 'May 14, 2024']","['2024-05-14T07:39:04.985Z', '']","Ирина Мерзлякова
Level 10 Local Expert
Subscribe
May 14, 2024
Сегодня брала лапшу гречневую со свининой и морс облепиховый- это ужас! 
Лапша невозможно солёная, есть нереально. 
В морсе плавала плесень, видимо не следят за сроками реализации.…
more
3
2
Show business's response",False,"Ирина Мерзлякова
Level 10 Local Expert
Subscribe
May 14, 2024
Сегодня брала лапшу гречневую со свининой и морс облепиховый- это ужас! 
Лапша невозможно солёная, есть нереально. 
В морсе плавала плесень, видимо не следят за сроками реализации.…
more
3
2
Show business's response","Ирина Мерзлякова
Level 10 Local Expert
Subscribe
May 14, 2024
Сегодня брала лапшу гречневую со свининой и морс облепиховый- это ужас! 
Лапша невозможно солёная, есть нереально. 
В морсе плавала плесень, видимо не следят за сроками реализации.…
more
3
2
Hide business's response
Official responseJune 5, 2024
Здравствуйте, Ирина! Проведем работу по данной ситуации! Приносим извинения за предоставленные неудобства","Ирина Мерзлякова
Level 10 Local Expert
Subscribe
May 14, 2024
Сегодня брала лапшу гречневую со свининой и морс облепиховый- это ужас! 
Лапша невозможно солёная, есть нереально. 
В морсе плавала плесень, видимо не следят за сроками реализации.…
more
3
2
Hide business's response
Official responseJune 5, 2024
Здравствуйте, Ирина! Проведем работу по данной ситуации! Приносим извинения за предоставленные неудобства","['5', '']","['2.0', '']","['1', '']","Ирина Мерзлякова
Level 10 Local Expert
Subscribe
May 14, 2024
Сегодня брала лапшу гречневую со свининой и морс облепиховый- это ужас! 
Лапша невозможно солёная, есть нереально. 
В морсе плавала плесень, видимо не следят за сроками реализации.…
more
3
2
Show business's response",82034cb1-92bb-4dc2-8655-185cf8291ae4
"[None, 'Александр Поносов']","['https://avatars.mds.yandex.net/get-yapic/59871/CAmONGHrT9iGn6wDbSjnk3cBUw-1/islands-68', '']","[None, 'Александр Поносов']",,"[None, 'September 3, 2023']","['2023-09-03T08:43:46.959Z', '']","Александр Поносов
Level 12 Local Expert
Subscribe
September 3, 2023
Капец как медленно. При любой возможности буду избегать заказа тортов тут.

Чтобы выкупить торт нужно стоять в очереди 15 минут и ждать пока…
more
3
2
Show business's response",False,"Александр Поносов
Level 12 Local Expert
Subscribe
September 3, 2023
Капец как медленно. При любой возможности буду избегать заказа тортов тут.

Чтобы выкупить торт нужно стоять в очереди 15 минут и ждать пока…
more
3
2
Show business's response","Александр Поносов
Level 12 Local Expert
Subscribe
September 3, 2023
Капец как медленно. При любой возможности буду избегать заказа тортов тут.

Чтобы выкупить торт нужно стоять в очереди 15 минут и ждать пока…
more
3
2
Hide business's response
Official responseSeptember 20, 2023
Доброго времени суток, Александр! Приносим извинения за данную ситуацию и в тоже время благодарим за обратную связь! На данный момент мы думаем, как нам решить назревшую проблему и прилагаем к этому все усилия. Возьмем во внимание вашу просьбу!","Александр Поносов
Level 12 Local Expert
Subscribe
September 3, 2023
Капец как медленно. При любой возможности буду избегать заказа тортов тут.

Чтобы выкупить торт нужно стоять в очереди 15 минут и ждать пока…
more
3
2
Hide business's response
Official responseSeptember 20, 2023
Доброго времени суток, Александр! Приносим извинения за данную ситуацию и в тоже время благодарим за обратную связь! На данный момент мы думаем, как нам решить назревшую проблему и прилагаем к этому все усилия. Возьмем во внимание вашу просьбу!","['5', '']","['1.0', '']","['1', '']","Александр Поносов
Level 12 Local Expert
Subscribe
September 3, 2023
Капец как медленно. При любой возможности буду избегать заказа тортов тут.

Чтобы выкупить торт нужно стоять в очереди 15 минут и ждать пока…
more
3
2
Show business's response",e7a38215-f32a-4b2c-8a9b-49a7108a66d9
"[None, 'Дмитрий Чебыкин']","['https://avatars.mds.yandex.net/get-yapic/60687/3KZQRUcSuCgN8BRtytNNBPfRAs-1573785723/islands-68', '']","[None, 'Дмитрий Чебыкин']",,"[None, 'December 6, 2024']","['2024-12-06T08:09:25.207Z', '']","Дмитрий Чебыкин
Level 5 Local Expert
Subscribe
December 6, 2024
Уютно, хорошая музыка, вкусная выпечка и десерты, широкий выбор напитков
3
Show business's response",False,"Дмитрий Чебыкин
Level 5 Local Expert
Subscribe
December 6, 2024
Уютно, хорошая музыка, вкусная выпечка и десерты, широкий выбор напитков
3
Show business's response","Дмитрий Чебыкин
Level 5 Local Expert
Subscribe
December 6, 2024
Уютно, хорошая музыка, вкусная выпечка и десерты, широкий выбор напитков
3
Hide business's response
Official responseDecember 9, 2024
Спасибо за ваш отзыв","Дмитрий Чебыкин
Level 5 Local Expert
Subscribe
December 6, 2024
Уютно, хорошая музыка, вкусная выпечка и десерты, широкий выбор напитков
3
Hide business's response
Official responseDecember 9, 2024
Спасибо за ваш отзыв","['5', '']","['5.0', '']","['1', '']","Дмитрий Чебыкин
Level 5 Local Expert
Subscribe
December 6, 2024
Уютно, хорошая музыка, вкусная выпечка и десерты, широкий выбор напитков
3
Show business's response",6a74b7cb-9e30-4c46-84e7-42d6b15cfd59
"[None, 'Елена Угринова']","['https://avatars.mds.yandex.net/get-yapic/21377/enc-dece9376d9ceaafb8e5b7a36586c0e6798eee9008467e0d4eb455d6405be2647/islands-68', '']","[None, 'Елена Угринова']",,"[None, 'November 22, 2024']","['2024-11-22T06:23:04.767Z', '']","Елена Угринова
Level 7 Local Expert
Subscribe
November 22, 2024
Очень всё там вкусное. Атмосферно. Хожу регулярно. Моё любимое заведение. Талия стала шире и вес идёт плюсом. Всем рекомендую!
3
Show business's response",False,"Елена Угринова
Level 7 Local Expert
Subscribe
November 22, 2024
Очень всё там вкусное. Атмосферно. Хожу регулярно. Моё любимое заведение. Талия стала шире и вес идёт плюсом. Всем рекомендую!
3
Show business's response","Елена Угринова
Level 7 Local Expert
Subscribe
November 22, 2024
Очень всё там вкусное. Атмосферно. Хожу регулярно. Моё любимое заведение. Талия стала шире и вес идёт плюсом. Всем рекомендую!
3
Hide business's response
Official responseNovember 24, 2024
Спасибо за приятный отзыв","Елена Угринова
Level 7 Local Expert
Subscribe
November 22, 2024
Очень всё там вкусное. Атмосферно. Хожу регулярно. Моё любимое заведение. Талия стала шире и вес идёт плюсом. Всем рекомендую!
3
Hide business's response
Official responseNovember 24, 2024
Спасибо за приятный отзыв","['5', '']","['5.0', '']","['1', '']","Елена Угринова
Level 7 Local Expert
Subscribe
November 22, 2024
Очень всё там вкусное. Атмосферно. Хожу регулярно. Моё любимое заведение. Талия стала шире и вес идёт плюсом. Всем рекомендую!
3
Show business's response",1c4c292f-6d2d-49e0-95f2-613b287b8ad6
"[None, 'Алла']","['https://avatars.mds.yandex.net/get-yapic/68143/VOgor1y3g6dBPfVkJDvmnpgoyI0-1571599860/islands-68', '']","[None, 'Алла']",,"[None, 'March 17, 2025']","['2025-03-17T12:19:20.636Z', '']","Алла
Level 4 Local Expert
Subscribe
March 17, 2025
Не вкусный торт, при этом цена 1200, считаю цена завышена, состав как и везде нездоровый...очень слабый сервис доставки.
2
1
Show business's response",False,"Алла
Level 4 Local Expert
Subscribe
March 17, 2025
Не вкусный торт, при этом цена 1200, считаю цена завышена, состав как и везде нездоровый...очень слабый сервис доставки.
2
1
Show business's response","Алла
Level 4 Local Expert
Subscribe
March 17, 2025
Не вкусный торт, при этом цена 1200, считаю цена завышена, состав как и везде нездоровый...очень слабый сервис доставки.
2
1
Hide business's response
Official responseApril 1, 2025
Добрый день, в составе мы указываем все составляющие продуктов, к примеру сметаны без консервантов не продают вообще. И мы указываем эти данные. У нас цена тортов начинается от 700 рублей, Вы можете выбрать торт подходящий по вкусу и цене. По качеству работы сервиса доставки согласны, активно ведем работу над его улучшением. Спасибо за обратную связь","Алла
Level 4 Local Expert
Subscribe
March 17, 2025
Не вкусный торт, при этом цена 1200, считаю цена завышена, состав как и везде нездоровый...очень слабый сервис доставки.
2
1
Hide business's response
Official responseApril 1, 2025
Добрый день, в составе мы указываем все составляющие продуктов, к примеру сметаны без консервантов не продают вообще. И мы указываем эти данные. У нас цена тортов начинается от 700 рублей, Вы можете выбрать торт подходящий по вкусу и цене. По качеству работы сервиса доставки согласны, активно ведем работу над его улучшением. Спасибо за обратную связь","['5', '']","['3.0', '']","['1', '']","Алла
Level 4 Local Expert
Subscribe
March 17, 2025
Не вкусный торт, при этом цена 1200, считаю цена завышена, состав как и везде нездоровый...очень слабый сервис доставки.
2
1
Show business's response",8bdba1bb-15ff-4e9d-bbf1-1e80dea2d0c3
"[None, 'Константин Р']","['https://avatars.mds.yandex.net/get-yapic/39249/enc-0045db97fe868a6bc7b6ca7696e3ed678ac9e302989629982bd7b58538625964/islands-68', '']","[None, 'Константин Р']",,"[None, 'August 2, 2023']","['2023-08-02T15:37:52.673Z', '']","Константин Р
Level 26 Local Expert
Subscribe
August 2, 2023
Уютная атмосфера, вкусный кофе, большой выбор чая и вкуснейшие десерты на любой вкус. Часто заходим на чашечку кофе с эклером. Более трёх лет предпочитаем покупать торты именно здесь.
Очень рекомендую!
Show business's response",False,"Константин Р
Level 26 Local Expert
Subscribe
August 2, 2023
Уютная атмосфера, вкусный кофе, большой выбор чая и вкуснейшие десерты на любой вкус. Часто заходим на чашечку кофе с эклером. Более трёх лет предпочитаем покупать торты именно здесь.
Очень рекомендую!
Show business's response","Константин Р
Level 26 Local Expert
Subscribe
August 2, 2023
Уютная атмосфера, вкусный кофе, большой выбор чая и вкуснейшие десерты на любой вкус. Часто заходим на чашечку кофе с эклером. Более трёх лет предпочитаем покупать торты именно здесь.
Очень рекомендую!
Hide business's response
Official responseAugust 7, 2023
Спасибо за приятный отклик! Ждем Вас снова в наших кондитерских","Константин Р
Level 26 Local Expert
Subscribe
August 2, 2023
Уютная атмосфера, вкусный кофе, большой выбор чая и вкуснейшие десерты на любой вкус. Часто заходим на чашечку кофе с эклером. Более трёх лет предпочитаем покупать торты именно здесь.
Очень рекомендую!
Hide business's response
Official responseAugust 7, 2023
Спасибо за приятный отклик! Ждем Вас снова в наших кондитерских","['5', '']","['5.0', '']","['1', '']","Константин Р
Level 26 Local Expert
Subscribe
August 2, 2023
Уютная атмосфера, вкусный кофе, большой выбор чая и вкуснейшие десерты на любой вкус. Часто заходим на чашечку кофе с эклером. Более трёх лет предпочитаем покупать торты именно здесь.
Очень рекомендую!
Show business's response",3466db64-2119-485c-b513-bcad286f2884
"[None, 'Ларико']","['https://avatars.mds.yandex.net/get-yapic/29310/aS86wl7L64EHa4KfV9qjXX84Ec-1/islands-68', '']","[None, 'Ларико']",,"[None, 'September 10, 2023']","['2023-09-09T20:14:18.908Z', '']","Ларико
Level 13 Local Expert
Subscribe
September 10, 2023
Разнообразная выпечка! И сладкая и несладкая, киши, тортики, да всего не перечислить! Есть резон просто прийти и попробовать, а потом в зал, можно и на велике сгонять калории! Но удовольствие от вкусной еды того стоит!
3
Show business's response",False,"Ларико
Level 13 Local Expert
Subscribe
September 10, 2023
Разнообразная выпечка! И сладкая и несладкая, киши, тортики, да всего не перечислить! Есть резон просто прийти и попробовать, а потом в зал, можно и на велике сгонять калории! Но удовольствие от вкусной еды того стоит!
3
Show business's response","Ларико
Level 13 Local Expert
Subscribe
September 10, 2023
Разнообразная выпечка! И сладкая и несладкая, киши, тортики, да всего не перечислить! Есть резон просто прийти и попробовать, а потом в зал, можно и на велике сгонять калории! Но удовольствие от вкусной еды того стоит!
3
Hide business's response
Official responseSeptember 11, 2023
Добрый день! Спасибо вам за ваш отзыв ❤ Будем стараться и дальше 😁","Ларико
Level 13 Local Expert
Subscribe
September 10, 2023
Разнообразная выпечка! И сладкая и несладкая, киши, тортики, да всего не перечислить! Есть резон просто прийти и попробовать, а потом в зал, можно и на велике сгонять калории! Но удовольствие от вкусной еды того стоит!
3
Hide business's response
Official responseSeptember 11, 2023
Добрый день! Спасибо вам за ваш отзыв ❤ Будем стараться и дальше 😁","['5', '']","['5.0', '']","['1', '']","Ларико
Level 13 Local Expert
Subscribe
September 10, 2023
Разнообразная выпечка! И сладкая и несладкая, киши, тортики, да всего не перечислить! Есть резон просто прийти и попробовать, а потом в зал, можно и на велике сгонять калории! Но удовольствие от вкусной еды того стоит!
3
Show business's response",f9037e2f-77e4-4aa8-aa41-b0ccd253ad40
"[None, 'Евгения Зейбель']","['https://avatars.mds.yandex.net/get-yapic/63032/0k-5/islands-68', '']","[None, 'Евгения Зейбель']",,"[None, 'June 6, 2023']","['2023-06-06T18:18:38.184Z', '']","Евгения Зейбель
Level 5 Local Expert
Subscribe
June 6, 2023
Торты и пирожное обалденные, цены приемлемые, удобно, рядом с домом, у меня теперь дочка. Ходит туда с подружками и чай пьёт с пироженками, очень нравится, спасибо огромное кондитерам
3
Show business's response",False,"Евгения Зейбель
Level 5 Local Expert
Subscribe
June 6, 2023
Торты и пирожное обалденные, цены приемлемые, удобно, рядом с домом, у меня теперь дочка. Ходит туда с подружками и чай пьёт с пироженками, очень нравится, спасибо огромное кондитерам
3
Show business's response","Евгения Зейбель
Level 5 Local Expert
Subscribe
June 6, 2023
Торты и пирожное обалденные, цены приемлемые, удобно, рядом с домом, у меня теперь дочка. Ходит туда с подружками и чай пьёт с пироженками, очень нравится, спасибо огромное кондитерам
3
Hide business's response
Official responseJune 12, 2023
Спасибо,Евгения, мы старались","Евгения Зейбель
Level 5 Local Expert
Subscribe
June 6, 2023
Торты и пирожное обалденные, цены приемлемые, удобно, рядом с домом, у меня теперь дочка. Ходит туда с подружками и чай пьёт с пироженками, очень нравится, спасибо огромное кондитерам
3
Hide business's response
Official responseJune 12, 2023
Спасибо,Евгения, мы старались","['5', '']","['5.0', '']","['1', '']","Евгения Зейбель
Level 5 Local Expert
Subscribe
June 6, 2023
Торты и пирожное обалденные, цены приемлемые, удобно, рядом с домом, у меня теперь дочка. Ходит туда с подружками и чай пьёт с пироженками, очень нравится, спасибо огромное кондитерам
3
Show business's response",48e44315-f411-4102-8d64-0c16ad8160fc
"[None, 'Альбина Максимчук']","['https://avatars.mds.yandex.net/get-yapic/69015/0o-9/islands-68', '']","[None, 'Альбина Максимчук']",,"[None, 'September 2, 2025']","['2025-09-02T16:08:31.749Z', '']","Альбина Максимчук
Level 5 Local Expert
Subscribe
September 2, 2025
Всё настолько понравилось, что не передать словами☺️
А пирожные самые вкусные , не побоюсь сказать , самые лучшие в городе!
А еще и местечко класс- Тихий компрос👍
Show business's response",False,"Альбина Максимчук
Level 5 Local Expert
Subscribe
September 2, 2025
Всё настолько понравилось, что не передать словами☺️
А пирожные самые вкусные , не побоюсь сказать , самые лучшие в городе!
А еще и местечко класс- Тихий компрос👍
Show business's response","Альбина Максимчук
Level 5 Local Expert
Subscribe
September 2, 2025
Всё настолько понравилось, что не передать словами☺️
А пирожные самые вкусные , не побоюсь сказать , самые лучшие в городе!
А еще и местечко класс- Тихий компрос👍
Hide business's response
Official responseSeptember 3, 2025
Альбина, добрый день! Ой, какой потрясающий отзыв! 😍😍😍 Ваши слова заставляют нас светиться от радости и гордости! Как здорово, что вы нашли у нас любимые лакомства и уютное пространство для отдыха.
Пусть каждое посещение подарит море удовольствия и зарядит позитивом на весь день. Обещаем продолжать удивлять вас новыми кулинарными шедеврами и сохранять тихую гармонию нашего уголка.
Всегда ждём вас с нетерпением!","Альбина Максимчук
Level 5 Local Expert
Subscribe
September 2, 2025
Всё настолько понравилось, что не передать словами☺️
А пирожные самые вкусные , не побоюсь сказать , самые лучшие в городе!
А еще и местечко класс- Тихий компрос👍
Hide business's response
Official responseSeptember 3, 2025
Альбина, добрый день! Ой, какой потрясающий отзыв! 😍😍😍 Ваши слова заставляют нас светиться от радости и гордости! Как здорово, что вы нашли у нас любимые лакомства и уютное пространство для отдыха.
Пусть каждое посещение подарит море удовольствия и зарядит позитивом на весь день. Обещаем продолжать удивлять вас новыми кулинарными шедеврами и сохранять тихую гармонию нашего уголка.
Всегда ждём вас с нетерпением!","['5', '']","['5.0', '']","['1', '']","Альбина Максимчук
Level 5 Local Expert
Subscribe
September 2, 2025
Всё настолько понравилось, что не передать словами☺️
А пирожные самые вкусные , не побоюсь сказать , самые лучшие в городе!
А еще и местечко класс- Тихий компрос👍
Show business's response",ded1d957-ab97-40a0-8944-0deb8b8e2aca
"[None, 'Катаева Татьяна']","['https://avatars.mds.yandex.net/get-yapic/27503/0b-3/islands-68', '']","[None, 'Катаева Татьяна']",,"[None, 'November 9, 2022']","['2022-11-09T11:59:33.860Z', '']","Катаева Татьяна
Level 11 Local Expert
Subscribe
November 9, 2022
Как же много тут вкусных тортиков, пироженых, пироги с томатом и брынзой, ветчиной и сыром, мммм, а также чай, кофе. Цены демократичные, вежливые сотрудники, в кондитерской чисто опрятно уютно, но мест не много, многие покупают на вынос. Мыс любим…
more
2
1
Show business's response",False,"Катаева Татьяна
Level 11 Local Expert
Subscribe
November 9, 2022
Как же много тут вкусных тортиков, пироженых, пироги с томатом и брынзой, ветчиной и сыром, мммм, а также чай, кофе. Цены демократичные, вежливые сотрудники, в кондитерской чисто опрятно уютно, но мест не много, многие покупают на вынос. Мыс любим…
more
2
1
Show business's response","Катаева Татьяна
Level 11 Local Expert
Subscribe
November 9, 2022
Как же много тут вкусных тортиков, пироженых, пироги с томатом и брынзой, ветчиной и сыром, мммм, а также чай, кофе. Цены демократичные, вежливые сотрудники, в кондитерской чисто опрятно уютно, но мест не много, многие покупают на вынос. Мыс любим…
more
2
1
Hide business's response
Official responseNovember 10, 2022
Добрый день, Татьяна! Искренне благодарим Вас за тёплые слова! Такие слова - лучшая награда для нас! Мы будем продолжать радовать Вас ещё больше! Будем рады видеть Вас и Ваших близких вновь в качестве наших Гостей!","Катаева Татьяна
Level 11 Local Expert
Subscribe
November 9, 2022
Как же много тут вкусных тортиков, пироженых, пироги с томатом и брынзой, ветчиной и сыром, мммм, а также чай, кофе. Цены демократичные, вежливые сотрудники, в кондитерской чисто опрятно уютно, но мест не много, многие покупают на вынос. Мыс любим…
more
2
1
Hide business's response
Official responseNovember 10, 2022
Добрый день, Татьяна! Искренне благодарим Вас за тёплые слова! Такие слова - лучшая награда для нас! Мы будем продолжать радовать Вас ещё больше! Будем рады видеть Вас и Ваших близких вновь в качестве наших Гостей!","['5', '']","['5.0', '']","['1', '']","Катаева Татьяна
Level 11 Local Expert
Subscribe
November 9, 2022
Как же много тут вкусных тортиков, пироженых, пироги с томатом и брынзой, ветчиной и сыром, мммм, а также чай, кофе. Цены демократичные, вежливые сотрудники, в кондитерской чисто опрятно уютно, но мест не много, многие покупают на вынос. Мыс любим…
more
2
1
Show business's response",1bec5941-e96b-4f2a-9d4d-98b8aed4d4c8
"[None, 'Ольга Косолапова']","['https://avatars.mds.yandex.net/get-yapic/40841/0zjXEFzauZuxb2QkXuU7jD1GKFA-1/islands-68', '']","[None, 'Ольга Косолапова']",,"[None, 'May 15, 2024']","['2024-05-15T10:30:47.275Z', '']","Ольга Косолапова
Level 8 Local Expert
Subscribe
May 15, 2024
Тихое, уютное место, вкусная выпечка, пиццы, курник, можно взять кусочек торта с чаем, вежливый персонал, заходила много раз, всегда удачно
Show business's response",False,"Ольга Косолапова
Level 8 Local Expert
Subscribe
May 15, 2024
Тихое, уютное место, вкусная выпечка, пиццы, курник, можно взять кусочек торта с чаем, вежливый персонал, заходила много раз, всегда удачно
Show business's response","Ольга Косолапова
Level 8 Local Expert
Subscribe
May 15, 2024
Тихое, уютное место, вкусная выпечка, пиццы, курник, можно взять кусочек торта с чаем, вежливый персонал, заходила много раз, всегда удачно
Hide business's response
Official responseMay 16, 2024
Спасибо за такой отзыв","Ольга Косолапова
Level 8 Local Expert
Subscribe
May 15, 2024
Тихое, уютное место, вкусная выпечка, пиццы, курник, можно взять кусочек торта с чаем, вежливый персонал, заходила много раз, всегда удачно
Hide business's response
Official responseMay 16, 2024
Спасибо за такой отзыв","['5', '']","['5.0', '']","['1', '']","Ольга Косолапова
Level 8 Local Expert
Subscribe
May 15, 2024
Тихое, уютное место, вкусная выпечка, пиццы, курник, можно взять кусочек торта с чаем, вежливый персонал, заходила много раз, всегда удачно
Show business's response",7cd3d145-9ef8-486f-980f-fc88d6b151c9
"[None, 'михаил']","['https://avatars.mds.yandex.net/get-yapic/21377/enc-f7cdc33e029f10b52de990e3c0b8284198eee9008467e0d4eb455d6405be2647/islands-68', '']","[None, 'михаил']",,"[None, 'November 12, 2025']","['2025-11-12T10:11:24.948Z', '']","михаил
Level 12 Local Expert
Subscribe
November 12, 2025
Большое пространство, чисто, ассортимент широкий, персонал правда не очень приветливый порой бывает!!!
Show business's response",False,"михаил
Level 12 Local Expert
Subscribe
November 12, 2025
Большое пространство, чисто, ассортимент широкий, персонал правда не очень приветливый порой бывает!!!
Show business's response","михаил
Level 12 Local Expert
Subscribe
November 12, 2025
Большое пространство, чисто, ассортимент широкий, персонал правда не очень приветливый порой бывает!!!
Hide business's response
Official responseNovember 13, 2025
Михаил, добрый день! Спасибо за подробный отзыв! Радует, что вы отметили просторность помещения, чистоту и разнообразие ассортимента — мы стараемся обеспечить максимальный комфорт нашим гостям. Однако признательны за ваше искреннее замечание касательно сервиса персонала. Ведь доброжелательность и внимательное отношение — важная составляющая хорошего впечатления от посещения любого заведения. Мы непременно передадим вашу оценку команде и сделаем всё возможное, чтобы исправить ситуацию и повысить общий уровень сервиса. Ещё раз благодарим вас за уделённое внимание и будем рады снова встретить вас у нас!","михаил
Level 12 Local Expert
Subscribe
November 12, 2025
Большое пространство, чисто, ассортимент широкий, персонал правда не очень приветливый порой бывает!!!
Hide business's response
Official responseNovember 13, 2025
Михаил, добрый день! Спасибо за подробный отзыв! Радует, что вы отметили просторность помещения, чистоту и разнообразие ассортимента — мы стараемся обеспечить максимальный комфорт нашим гостям. Однако признательны за ваше искреннее замечание касательно сервиса персонала. Ведь доброжелательность и внимательное отношение — важная составляющая хорошего впечатления от посещения любого заведения. Мы непременно передадим вашу оценку команде и сделаем всё возможное, чтобы исправить ситуацию и повысить общий уровень сервиса. Ещё раз благодарим вас за уделённое внимание и будем рады снова встретить вас у нас!","['5', '']","['5.0', '']","['1', '']","михаил
Level 12 Local Expert
Subscribe
November 12, 2025
Большое пространство, чисто, ассортимент широкий, персонал правда не очень приветливый порой бывает!!!
Show business's response",91da18c7-09ff-4e15-aef2-24794b418070
,"['https://avatars.mds.yandex.net/get-yapic/41409/hoXZ4ubo8rH8uERnVPuKmsYocs-1/islands-68', '']","[None, 'Александр Воробьев']",,"[None, 'October 6, 2025']","['2025-10-06T15:53:57.440Z', '']","Александр Воробьев
Level 9 Local Expert
October 6, 2025
Суперская кондитерская, особенно пирожное «Павлова» так же и пироги отменные, приветливый персонал, в осеннюю погоду самое то посидеть, попить чай или кофе с вкусной выпечкой
Show business's response",False,"Александр Воробьев
Level 9 Local Expert
October 6, 2025
Суперская кондитерская, особенно пирожное «Павлова» так же и пироги отменные, приветливый персонал, в осеннюю погоду самое то посидеть, попить чай или кофе с вкусной выпечкой
Show business's response","Александр Воробьев
Level 9 Local Expert
October 6, 2025
Суперская кондитерская, особенно пирожное «Павлова» так же и пироги отменные, приветливый персонал, в осеннюю погоду самое то посидеть, попить чай или кофе с вкусной выпечкой
Hide business's response
Official responseOctober 7, 2025
Александр, добрый день! Огромное спасибо за ваш чудесный отзыв! Очень радостно читать, что наши угощения пришлись вам по душе, особенно пирожное «Павлова» и пироги. Мы гордимся качеством наших изделий и стараемся сделать каждое посещение особенным.
Ваш выбор провести уютный вечер с чашечкой чая или кофе среди приятной атмосферы — лучшая награда для нас. Команда искренне ценит вашу оценку сервиса и стремится поддерживать высокий уровень гостеприимства.
Будем рады видеть вас вновь в нашем заведении, ведь ваши улыбки вдохновляют нас каждый день творить вкусные чудеса!","Александр Воробьев
Level 9 Local Expert
October 6, 2025
Суперская кондитерская, особенно пирожное «Павлова» так же и пироги отменные, приветливый персонал, в осеннюю погоду самое то посидеть, попить чай или кофе с вкусной выпечкой
Hide business's response
Official responseOctober 7, 2025
Александр, добрый день! Огромное спасибо за ваш чудесный отзыв! Очень радостно читать, что наши угощения пришлись вам по душе, особенно пирожное «Павлова» и пироги. Мы гордимся качеством наших изделий и стараемся сделать каждое посещение особенным.
Ваш выбор провести уютный вечер с чашечкой чая или кофе среди приятной атмосферы — лучшая награда для нас. Команда искренне ценит вашу оценку сервиса и стремится поддерживать высокий уровень гостеприимства.
Будем рады видеть вас вновь в нашем заведении, ведь ваши улыбки вдохновляют нас каждый день творить вкусные чудеса!","['5', '']","['5.0', '']","['1', '']","Александр Воробьев
Level 9 Local Expert
October 6, 2025
Суперская кондитерская, особенно пирожное «Павлова» так же и пироги отменные, приветливый персонал, в осеннюю погоду самое то посидеть, попить чай или кофе с вкусной выпечкой
Show business's response",05a22d04-4333-492b-9973-4ca9b7519224
"[None, 'Полина У.']","['https://avatars.mds.yandex.net/get-yapic/49368/805vymEsAES9D5gCSiVBc5qzaw-1/islands-68', '']","[None, 'Полина У.']",,"[None, 'July 15, 2024']","['2024-07-15T15:48:24.031Z', '']","Полина У.
Level 5 Local Expert
Subscribe
July 15, 2024
Я в шоке, была очень хорошего мнения, приехала специально сюда полакомиться! Купила маковый рулет! И это ужас просто! Такое ощущение, что он неделю лежал на прилавке, отвратительно сухой! Вы зачем такое продаете и портите свою репутацию!?? Куда смотрит руководство!?? Такое только в мусорку!
4
2
Show business's response",False,"Полина У.
Level 5 Local Expert
Subscribe
July 15, 2024
Я в шоке, была очень хорошего мнения, приехала специально сюда полакомиться! Купила маковый рулет! И это ужас просто! Такое ощущение, что он неделю лежал на прилавке, отвратительно сухой! Вы зачем такое продаете и портите свою репутацию!?? Куда смотрит руководство!?? Такое только в мусорку!
4
2
Show business's response","Полина У.
Level 5 Local Expert
Subscribe
July 15, 2024
Я в шоке, была очень хорошего мнения, приехала специально сюда полакомиться! Купила маковый рулет! И это ужас просто! Такое ощущение, что он неделю лежал на прилавке, отвратительно сухой! Вы зачем такое продаете и портите свою репутацию!?? Куда смотрит руководство!?? Такое только в мусорку!
4
2
Hide business's response
Official responseJuly 19, 2024
Добрый день, Юлия! Мы связались с Вами на другой площадке","Полина У.
Level 5 Local Expert
Subscribe
July 15, 2024
Я в шоке, была очень хорошего мнения, приехала специально сюда полакомиться! Купила маковый рулет! И это ужас просто! Такое ощущение, что он неделю лежал на прилавке, отвратительно сухой! Вы зачем такое продаете и портите свою репутацию!?? Куда смотрит руководство!?? Такое только в мусорку!
4
2
Hide business's response
Official responseJuly 19, 2024
Добрый день, Юлия! Мы связались с Вами на другой площадке","['5', '']","['1.0', '']","['1', '']","Полина У.
Level 5 Local Expert
Subscribe
July 15, 2024
Я в шоке, была очень хорошего мнения, приехала специально сюда полакомиться! Купила маковый рулет! И это ужас просто! Такое ощущение, что он неделю лежал на прилавке, отвратительно сухой! Вы зачем такое продаете и портите свою репутацию!?? Куда смотрит руководство!?? Такое только в мусорку!
4
2
Show business's response",e10dc126-027d-4756-add4-57db8992efb8
"[None, 'Мария']","['https://avatars.mds.yandex.net/get-yapic/33202/nC7pUyr52XaQLRPPEpNvKKrLk-1/islands-68', '']","[None, 'Мария']",,"[None, 'September 1, 2025']","['2025-09-01T11:23:52.915Z', '']","Мария
Level 10 Local Expert
Subscribe
September 1, 2025
Хорошее милое кафе. Приятная обстановка, вкусные пирожные и кофе.
2
Show business's response",False,"Мария
Level 10 Local Expert
Subscribe
September 1, 2025
Хорошее милое кафе. Приятная обстановка, вкусные пирожные и кофе.
2
Show business's response","Мария
Level 10 Local Expert
Subscribe
September 1, 2025
Хорошее милое кафе. Приятная обстановка, вкусные пирожные и кофе.
2
Hide business's response
Official responseSeptember 2, 2025
Добрый день, Мария! Нам бесконечно приятно получать такие светлые и сердечные отзывы, как ваш! Каждый визит наших дорогих гостей дарит нам уникальную возможность разделить с ними мгновение вкуса и красоты.
Создавать уютную обстановку и радовать качественными напитками и ароматными десертами — это настоящее искусство, и мы несказанно счастливы, что делаем это хорошо.
Спасибо большое за ваше время и тёплые слова! Пусть каждое ваше посещение нашего кафе станет поводом для прекрасных воспоминаний и маленьких радостей.","Мария
Level 10 Local Expert
Subscribe
September 1, 2025
Хорошее милое кафе. Приятная обстановка, вкусные пирожные и кофе.
2
Hide business's response
Official responseSeptember 2, 2025
Добрый день, Мария! Нам бесконечно приятно получать такие светлые и сердечные отзывы, как ваш! Каждый визит наших дорогих гостей дарит нам уникальную возможность разделить с ними мгновение вкуса и красоты.
Создавать уютную обстановку и радовать качественными напитками и ароматными десертами — это настоящее искусство, и мы несказанно счастливы, что делаем это хорошо.
Спасибо большое за ваше время и тёплые слова! Пусть каждое ваше посещение нашего кафе станет поводом для прекрасных воспоминаний и маленьких радостей.","['5', '']","['5.0', '']","['1', '']","Мария
Level 10 Local Expert
Subscribe
September 1, 2025
Хорошее милое кафе. Приятная обстановка, вкусные пирожные и кофе.
2
Show business's response",e56f79ac-5a1d-45cc-b9c3-ab847eff37e2
"[None, 'Елена Якубова']","['https://avatars.mds.yandex.net/get-yapic/68143/0g-8/islands-68', '']","[None, 'Елена Якубова']",,"[None, 'June 12, 2023']","['2023-06-12T14:30:10.359Z', '']","Елена Якубова
Level 11 Local Expert
Subscribe
June 12, 2023
Вкусные десерты и выпечка, уютная кофейня, где можно посидеть выпить кофе, чай, коктейли молочные. Всегда с удовольствием заходим сюда с ребёнком, рекомендую!
Show business's response",False,"Елена Якубова
Level 11 Local Expert
Subscribe
June 12, 2023
Вкусные десерты и выпечка, уютная кофейня, где можно посидеть выпить кофе, чай, коктейли молочные. Всегда с удовольствием заходим сюда с ребёнком, рекомендую!
Show business's response","Елена Якубова
Level 11 Local Expert
Subscribe
June 12, 2023
Вкусные десерты и выпечка, уютная кофейня, где можно посидеть выпить кофе, чай, коктейли молочные. Всегда с удовольствием заходим сюда с ребёнком, рекомендую!
Hide business's response
Official responseJune 19, 2023
Спасибо за ваш отзыв! Всегда рады видеть Вас в наших кондитерских","Елена Якубова
Level 11 Local Expert
Subscribe
June 12, 2023
Вкусные десерты и выпечка, уютная кофейня, где можно посидеть выпить кофе, чай, коктейли молочные. Всегда с удовольствием заходим сюда с ребёнком, рекомендую!
Hide business's response
Official responseJune 19, 2023
Спасибо за ваш отзыв! Всегда рады видеть Вас в наших кондитерских","['5', '']","['5.0', '']","['1', '']","Елена Якубова
Level 11 Local Expert
Subscribe
June 12, 2023
Вкусные десерты и выпечка, уютная кофейня, где можно посидеть выпить кофе, чай, коктейли молочные. Всегда с удовольствием заходим сюда с ребёнком, рекомендую!
Show business's response",6821d942-b887-44f5-95ea-99700acb442b
"[None, 'Наталья Зиновьева']","['https://avatars.mds.yandex.net/get-yapic/61207/0s-7/islands-68', '']","[None, 'Наталья Зиновьева']",,"[None, 'February 26, 2024']","['2024-02-26T16:10:07.938Z', '']","Наталья Зиновьева
Level 6 Local Expert
Subscribe
February 26, 2024
Очень крутое место, тортики всегда свежие, вкусные, сладости покупаю только здесь. В самом кафе, чисто, уютно. Очень классно, что можно купить парционно. В день рождение скидки, всем советую.
1
Show business's response",False,"Наталья Зиновьева
Level 6 Local Expert
Subscribe
February 26, 2024
Очень крутое место, тортики всегда свежие, вкусные, сладости покупаю только здесь. В самом кафе, чисто, уютно. Очень классно, что можно купить парционно. В день рождение скидки, всем советую.
1
Show business's response","Наталья Зиновьева
Level 6 Local Expert
Subscribe
February 26, 2024
Очень крутое место, тортики всегда свежие, вкусные, сладости покупаю только здесь. В самом кафе, чисто, уютно. Очень классно, что можно купить парционно. В день рождение скидки, всем советую.
1
Hide business's response
Official responseMarch 1, 2024
Ваши слова вдохновляют нас! Мы рады, что наши десерты приносят вам радость. Благодарим за вашу поддержку!","Наталья Зиновьева
Level 6 Local Expert
Subscribe
February 26, 2024
Очень крутое место, тортики всегда свежие, вкусные, сладости покупаю только здесь. В самом кафе, чисто, уютно. Очень классно, что можно купить парционно. В день рождение скидки, всем советую.
1
Hide business's response
Official responseMarch 1, 2024
Ваши слова вдохновляют нас! Мы рады, что наши десерты приносят вам радость. Благодарим за вашу поддержку!","['5', '']","['5.0', '']","['1', '']","Наталья Зиновьева
Level 6 Local Expert
Subscribe
February 26, 2024
Очень крутое место, тортики всегда свежие, вкусные, сладости покупаю только здесь. В самом кафе, чисто, уютно. Очень классно, что можно купить парционно. В день рождение скидки, всем советую.
1
Show business's response",8ac9d582-1d54-4a27-b517-f8b99172cac0
"[None, 'Людмила Пермь']","['https://avatars.mds.yandex.net/get-yapic/58107/0f-1/islands-68', '']","[None, 'Людмила Пермь']",,"[None, 'December 6, 2023']","['2023-12-06T18:20:43.579Z', '']","Людмила Пермь
Level 11 Local Expert
Subscribe
December 6, 2023
Очень вкусные тортики и десерты, малокаллорийные. Есть доставка и скидки для именинников. Доставка в удобное время, оплата возможна как наличкой, так и онлайн платежи
2
Show business's response",False,"Людмила Пермь
Level 11 Local Expert
Subscribe
December 6, 2023
Очень вкусные тортики и десерты, малокаллорийные. Есть доставка и скидки для именинников. Доставка в удобное время, оплата возможна как наличкой, так и онлайн платежи
2
Show business's response","Людмила Пермь
Level 11 Local Expert
Subscribe
December 6, 2023
Очень вкусные тортики и десерты, малокаллорийные. Есть доставка и скидки для именинников. Доставка в удобное время, оплата возможна как наличкой, так и онлайн платежи
2
Hide business's response
Official responseDecember 9, 2023
Спасибо за вашу оценку, будем рады видеть Вас снова)","Людмила Пермь
Level 11 Local Expert
Subscribe
December 6, 2023
Очень вкусные тортики и десерты, малокаллорийные. Есть доставка и скидки для именинников. Доставка в удобное время, оплата возможна как наличкой, так и онлайн платежи
2
Hide business's response
Official responseDecember 9, 2023
Спасибо за вашу оценку, будем рады видеть Вас снова)","['5', '']","['5.0', '']","['1', '']","Людмила Пермь
Level 11 Local Expert
Subscribe
December 6, 2023
Очень вкусные тортики и десерты, малокаллорийные. Есть доставка и скидки для именинников. Доставка в удобное время, оплата возможна как наличкой, так и онлайн платежи
2
Show business's response",06936c84-4659-4f33-ac6e-da63bf828de5
"[None, 'Светлана']","['https://avatars.mds.yandex.net/get-yapic/26311/zaFUNKKPXNYCdwuzvMh9gc4DSc-1/islands-68', '']","[None, 'Светлана']",,"[None, 'June 9, 2025']","['2025-06-09T10:39:09.145Z', '']","Светлана
Level 6 Local Expert
Subscribe
June 9, 2025
Как всегда, все вкусно и красиво! Атмосфера уюта и комфорта.
Невозможно пройти мимо, не полакомившись вкусняшкой или не перекусив сытным кишем💕
3
Show business's response",False,"Светлана
Level 6 Local Expert
Subscribe
June 9, 2025
Как всегда, все вкусно и красиво! Атмосфера уюта и комфорта.
Невозможно пройти мимо, не полакомившись вкусняшкой или не перекусив сытным кишем💕
3
Show business's response","Светлана
Level 6 Local Expert
Subscribe
June 9, 2025
Как всегда, все вкусно и красиво! Атмосфера уюта и комфорта.
Невозможно пройти мимо, не полакомившись вкусняшкой или не перекусив сытным кишем💕
3
Hide business's response
Official responseJune 10, 2025
Благодарим за ваш отзыв","Светлана
Level 6 Local Expert
Subscribe
June 9, 2025
Как всегда, все вкусно и красиво! Атмосфера уюта и комфорта.
Невозможно пройти мимо, не полакомившись вкусняшкой или не перекусив сытным кишем💕
3
Hide business's response
Official responseJune 10, 2025
Благодарим за ваш отзыв","['5', '']","['5.0', '']","['1', '']","Светлана
Level 6 Local Expert
Subscribe
June 9, 2025
Как всегда, все вкусно и красиво! Атмосфера уюта и комфорта.
Невозможно пройти мимо, не полакомившись вкусняшкой или не перекусив сытным кишем💕
3
Show business's response",692a5035-b7c7-4615-8c9b-98b7c1f485e2
"[None, 'Лиза']","['https://avatars.mds.yandex.net/get-yapic/43473/YaLGV0IPVLNCrq5HyA2qotDvXc-1/islands-68', '']","[None, 'Лиза']",,"[None, 'October 31, 2023']","['2023-10-31T13:54:10.523Z', '']","Лиза
Level 3 Local Expert
Subscribe
October 31, 2023
Замечательное, атмосферное место! Вкусно всё-чай, кофе, выпечка, пирожные, тортики! Три молока-фаворит! Очень вежливый персонал, сама кондитерская удачное место для фотосета)
3
Show business's response",False,"Лиза
Level 3 Local Expert
Subscribe
October 31, 2023
Замечательное, атмосферное место! Вкусно всё-чай, кофе, выпечка, пирожные, тортики! Три молока-фаворит! Очень вежливый персонал, сама кондитерская удачное место для фотосета)
3
Show business's response","Лиза
Level 3 Local Expert
Subscribe
October 31, 2023
Замечательное, атмосферное место! Вкусно всё-чай, кофе, выпечка, пирожные, тортики! Три молока-фаворит! Очень вежливый персонал, сама кондитерская удачное место для фотосета)
3
Hide business's response
Official responseNovember 7, 2023
Спасибо за приятный отзыв","Лиза
Level 3 Local Expert
Subscribe
October 31, 2023
Замечательное, атмосферное место! Вкусно всё-чай, кофе, выпечка, пирожные, тортики! Три молока-фаворит! Очень вежливый персонал, сама кондитерская удачное место для фотосета)
3
Hide business's response
Official responseNovember 7, 2023
Спасибо за приятный отзыв","['5', '']","['5.0', '']","['1', '']","Лиза
Level 3 Local Expert
Subscribe
October 31, 2023
Замечательное, атмосферное место! Вкусно всё-чай, кофе, выпечка, пирожные, тортики! Три молока-фаворит! Очень вежливый персонал, сама кондитерская удачное место для фотосета)
3
Show business's response",ae7ba9c7-2065-4c09-8843-13918e00a86f
"[None, 'Лидия Вяткина']","['https://avatars.mds.yandex.net/get-yapic/69015/0a-9/islands-68', '']","[None, 'Лидия Вяткина']",,"[None, 'June 10, 2025']","['2025-06-10T15:53:26.815Z', '']","Лидия Вяткина
Level 5 Local Expert
Subscribe
June 10, 2025
Уютное место. Очень вкусные десерты. Вежливый персонал.Привлекательные цены
3
Show business's response",False,"Лидия Вяткина
Level 5 Local Expert
Subscribe
June 10, 2025
Уютное место. Очень вкусные десерты. Вежливый персонал.Привлекательные цены
3
Show business's response","Лидия Вяткина
Level 5 Local Expert
Subscribe
June 10, 2025
Уютное место. Очень вкусные десерты. Вежливый персонал.Привлекательные цены
3
Hide business's response
Official responseJune 12, 2025
Спасибо за ваш отклик","Лидия Вяткина
Level 5 Local Expert
Subscribe
June 10, 2025
Уютное место. Очень вкусные десерты. Вежливый персонал.Привлекательные цены
3
Hide business's response
Official responseJune 12, 2025
Спасибо за ваш отклик","['5', '']","['5.0', '']","['1', '']","Лидия Вяткина
Level 5 Local Expert
Subscribe
June 10, 2025
Уютное место. Очень вкусные десерты. Вежливый персонал.Привлекательные цены
3
Show business's response",daaedd67-74e0-4b5f-aa81-52e2b00525bc
"[None, 'Владимир Главатских']","['https://avatars.mds.yandex.net/get-yapic/51381/S0zvIK5osnb4RB75G5lAvKECbjs-1/islands-68', '']","[None, 'Владимир Главатских']",,"[None, 'September 5, 2024']","['2024-09-05T13:57:33.682Z', '']","Владимир Главатских
Level 9 Local Expert
Subscribe
September 5, 2024
Очень вкусные десерты, есть место где посидеть и выпить вкусный кофе, приятное обслуживание, очень доволен
3
Show business's response",False,"Владимир Главатских
Level 9 Local Expert
Subscribe
September 5, 2024
Очень вкусные десерты, есть место где посидеть и выпить вкусный кофе, приятное обслуживание, очень доволен
3
Show business's response","Владимир Главатских
Level 9 Local Expert
Subscribe
September 5, 2024
Очень вкусные десерты, есть место где посидеть и выпить вкусный кофе, приятное обслуживание, очень доволен
3
Hide business's response
Official responseSeptember 12, 2024
Спасибо за такой отзыв)","Владимир Главатских
Level 9 Local Expert
Subscribe
September 5, 2024
Очень вкусные десерты, есть место где посидеть и выпить вкусный кофе, приятное обслуживание, очень доволен
3
Hide business's response
Official responseSeptember 12, 2024
Спасибо за такой отзыв)","['5', '']","['5.0', '']","['1', '']","Владимир Главатских
Level 9 Local Expert
Subscribe
September 5, 2024
Очень вкусные десерты, есть место где посидеть и выпить вкусный кофе, приятное обслуживание, очень доволен
3
Show business's response",226f66a7-a829-4e0d-ae43-e99c1d6fc3d4
"[None, 'Ксения']","['https://avatars.mds.yandex.net/get-yapic/59871/0a-4/islands-68', '']","[None, 'Ксения']",,"[None, 'May 11, 2025']","['2025-05-11T16:07:46.149Z', '']","Ксения
Level 9 Local Expert
Subscribe
May 11, 2025
Очень вкусный морковный торт, остальная продукция, думаю, не уступает
Show business's response",False,"Ксения
Level 9 Local Expert
Subscribe
May 11, 2025
Очень вкусный морковный торт, остальная продукция, думаю, не уступает
Show business's response","Ксения
Level 9 Local Expert
Subscribe
May 11, 2025
Очень вкусный морковный торт, остальная продукция, думаю, не уступает
Hide business's response
Official responseMay 15, 2025
Большое спасибо за ваш отзыв! Мы рады слышать, что вам понравился наш морковный торт. Мы стараемся делать все наши десерты с любовью и вниманием к качеству, и ваша поддержка вдохновляет нас. Надеемся, что вы попробуете и другие наши изделия — уверены, они вам тоже понравятся! Ждем вас снова!","Ксения
Level 9 Local Expert
Subscribe
May 11, 2025
Очень вкусный морковный торт, остальная продукция, думаю, не уступает
Hide business's response
Official responseMay 15, 2025
Большое спасибо за ваш отзыв! Мы рады слышать, что вам понравился наш морковный торт. Мы стараемся делать все наши десерты с любовью и вниманием к качеству, и ваша поддержка вдохновляет нас. Надеемся, что вы попробуете и другие наши изделия — уверены, они вам тоже понравятся! Ждем вас снова!","['5', '']","['5.0', '']","['1', '']","Ксения
Level 9 Local Expert
Subscribe
May 11, 2025
Очень вкусный морковный торт, остальная продукция, думаю, не уступает
Show business's response",99b5cd2d-ecc6-4d04-aba1-c2c9d15522bc
"[None, 'Надежда']","['https://avatars.mds.yandex.net/get-yapic/35885/x0DnVkBJIay8PJKqoS0IrL3CiS8-1/islands-68', '']","[None, 'Надежда']",,"[None, 'October 5, 2025']","['2025-10-05T15:06:32.594Z', '']","Надежда
Level 10 Local Expert
Subscribe
October 5, 2025
Любим тортики в этом приятном месте. Пока кушаем дочь играет в игровой
Show business's response",False,"Надежда
Level 10 Local Expert
Subscribe
October 5, 2025
Любим тортики в этом приятном месте. Пока кушаем дочь играет в игровой
Show business's response","Надежда
Level 10 Local Expert
Subscribe
October 5, 2025
Любим тортики в этом приятном месте. Пока кушаем дочь играет в игровой
Hide business's response
Official responseOctober 6, 2025
Надежда, добрый день! Большое спасибо за теплый отзыв и добрые слова! Мы счастливы, что наша продукция приносит радость вашей семье, особенно вашему ребенку. Возможность совместить удовольствие от сладостей с развлечением для детей – это именно то, к чему мы стремимся.
Ваш отзыв подтверждает, что мы движемся в правильном направлении, создавая уютную атмосферу и обеспечивая комфортное времяпровождение. Мы продолжим стараться, чтобы ваши визиты были наполнены радостью и удовольствием.
От всего сердца желаем вам отличного настроения и новых приятных моментов вместе с нами!","Надежда
Level 10 Local Expert
Subscribe
October 5, 2025
Любим тортики в этом приятном месте. Пока кушаем дочь играет в игровой
Hide business's response
Official responseOctober 6, 2025
Надежда, добрый день! Большое спасибо за теплый отзыв и добрые слова! Мы счастливы, что наша продукция приносит радость вашей семье, особенно вашему ребенку. Возможность совместить удовольствие от сладостей с развлечением для детей – это именно то, к чему мы стремимся.
Ваш отзыв подтверждает, что мы движемся в правильном направлении, создавая уютную атмосферу и обеспечивая комфортное времяпровождение. Мы продолжим стараться, чтобы ваши визиты были наполнены радостью и удовольствием.
От всего сердца желаем вам отличного настроения и новых приятных моментов вместе с нами!","['5', '']","['5.0', '']","['1', '']","Надежда
Level 10 Local Expert
Subscribe
October 5, 2025
Любим тортики в этом приятном месте. Пока кушаем дочь играет в игровой
Show business's response",f5cbf868-4398-4026-bedd-dedc1cd5b0d9
"[None, 'Мария']",,"[None, 'Мария']",,"[None, 'April 15, 2024']","['2024-04-15T15:06:09.519Z', '']","М
Мария
Level 5 Local Expert
Subscribe
April 15, 2024
Очень вкусные эклеры. Торты с разными начинками тоже понравились, но вот торт с орехами по типу ""Сникерс"" жирноват - моя печень не справилась. И если прийти вечером, то можно не найти места почаевничать.
Show business's response",False,"М
Мария
Level 5 Local Expert
Subscribe
April 15, 2024
Очень вкусные эклеры. Торты с разными начинками тоже понравились, но вот торт с орехами по типу ""Сникерс"" жирноват - моя печень не справилась. И если прийти вечером, то можно не найти места почаевничать.
Show business's response","М
Мария
Level 5 Local Expert
Subscribe
April 15, 2024
Очень вкусные эклеры. Торты с разными начинками тоже понравились, но вот торт с орехами по типу ""Сникерс"" жирноват - моя печень не справилась. И если прийти вечером, то можно не найти места почаевничать.
Hide business's response
Official responseApril 18, 2024
Спасибо за вашу оценку","М
Мария
Level 5 Local Expert
Subscribe
April 15, 2024
Очень вкусные эклеры. Торты с разными начинками тоже понравились, но вот торт с орехами по типу ""Сникерс"" жирноват - моя печень не справилась. И если прийти вечером, то можно не найти места почаевничать.
Hide business's response
Official responseApril 18, 2024
Спасибо за вашу оценку","['5', '']","['5.0', '']","['1', '']","М
Мария
Level 5 Local Expert
Subscribe
April 15, 2024
Очень вкусные эклеры. Торты с разными начинками тоже понравились, но вот торт с орехами по типу ""Сникерс"" жирноват - моя печень не справилась. И если прийти вечером, то можно не найти места почаевничать.
Show business's response",3eb94609-320a-41dd-b6f5-af6e49307a19
"[None, 'Ольга Р.']","['https://avatars.mds.yandex.net/get-yapic/30955/bPVVR9nUGSO8SCBNWEsLgcSPRHY-1/islands-68', '']","[None, 'Ольга Р.']",,"[None, 'March 31, 2024']","['2024-03-31T15:31:57.388Z', '']","Ольга Р.
Level 9 Local Expert
Subscribe
March 31, 2024
Замечательное кафе. Всегда всё очень вкусно. Уютное спокойное местечко 💫 Всегда чисто ! Персонал доброжелателен и приветлив.
3
Show business's response",False,"Ольга Р.
Level 9 Local Expert
Subscribe
March 31, 2024
Замечательное кафе. Всегда всё очень вкусно. Уютное спокойное местечко 💫 Всегда чисто ! Персонал доброжелателен и приветлив.
3
Show business's response","Ольга Р.
Level 9 Local Expert
Subscribe
March 31, 2024
Замечательное кафе. Всегда всё очень вкусно. Уютное спокойное местечко 💫 Всегда чисто ! Персонал доброжелателен и приветлив.
3
Hide business's response
Official responseApril 7, 2024
Спасибо, что оценили","Ольга Р.
Level 9 Local Expert
Subscribe
March 31, 2024
Замечательное кафе. Всегда всё очень вкусно. Уютное спокойное местечко 💫 Всегда чисто ! Персонал доброжелателен и приветлив.
3
Hide business's response
Official responseApril 7, 2024
Спасибо, что оценили","['5', '']","['5.0', '']","['1', '']","Ольга Р.
Level 9 Local Expert
Subscribe
March 31, 2024
Замечательное кафе. Всегда всё очень вкусно. Уютное спокойное местечко 💫 Всегда чисто ! Персонал доброжелателен и приветлив.
3
Show business's response",a6731b63-37df-46fb-a6ce-74483be2b954
"[None, 'Лидия Ч.']","['https://avatars.mds.yandex.net/get-yapic/26057/0c-6/islands-68', '']","[None, 'Лидия Ч.']",,"[None, 'July 28, 2024']","['2024-07-28T16:53:31.847Z', '']","Лидия Ч.
Level 5 Local Expert
Subscribe
July 28, 2024
Эклеры просто бомба! Всегда всё очень вкусно, единственное - часто попадаю на очереди, но это только значит, что хорошее место, иначе бы никто не приходил
3
Show business's response",False,"Лидия Ч.
Level 5 Local Expert
Subscribe
July 28, 2024
Эклеры просто бомба! Всегда всё очень вкусно, единственное - часто попадаю на очереди, но это только значит, что хорошее место, иначе бы никто не приходил
3
Show business's response","Лидия Ч.
Level 5 Local Expert
Subscribe
July 28, 2024
Эклеры просто бомба! Всегда всё очень вкусно, единственное - часто попадаю на очереди, но это только значит, что хорошее место, иначе бы никто не приходил
3
Hide business's response
Official responseAugust 5, 2024
Спасибо за вашу оценку","Лидия Ч.
Level 5 Local Expert
Subscribe
July 28, 2024
Эклеры просто бомба! Всегда всё очень вкусно, единственное - часто попадаю на очереди, но это только значит, что хорошее место, иначе бы никто не приходил
3
Hide business's response
Official responseAugust 5, 2024
Спасибо за вашу оценку","['5', '']","['5.0', '']","['1', '']","Лидия Ч.
Level 5 Local Expert
Subscribe
July 28, 2024
Эклеры просто бомба! Всегда всё очень вкусно, единственное - часто попадаю на очереди, но это только значит, что хорошее место, иначе бы никто не приходил
3
Show business's response",eeceda07-0b9d-4131-a958-a2a42e6ea755
,"['https://avatars.mds.yandex.net/get-yapic/69015/0l-4/islands-68', '']","[None, 'Анастасия Хабибулина']",,"[None, 'March 29']","['2026-03-29T06:08:43.418Z', '']","Анастасия Хабибулина
Level 4 Local Expert
March 29
Заходила сегодня впервые, всё очень понравилось от интерера до персонала ,предложили поучаствовать в акции, приготовили вкусный кофе с собой ☺️
Show business's response",False,"Анастасия Хабибулина
Level 4 Local Expert
March 29
Заходила сегодня впервые, всё очень понравилось от интерера до персонала ,предложили поучаствовать в акции, приготовили вкусный кофе с собой ☺️
Show business's response","Анастасия Хабибулина
Level 4 Local Expert
March 29
Заходила сегодня впервые, всё очень понравилось от интерера до персонала ,предложили поучаствовать в акции, приготовили вкусный кофе с собой ☺️
Hide business's response
Official responseMarch 30
Добрый день!

Большое спасибо за такой тёплый отзыв 😊 Нам очень приятно, что вам понравилось всё — от интерьера до работы команды.

Рады, что вы приняли участие в акции и остались довольны кофе.

Будем рады видеть вас снова в СантОноре! ☕️","Анастасия Хабибулина
Level 4 Local Expert
March 29
Заходила сегодня впервые, всё очень понравилось от интерера до персонала ,предложили поучаствовать в акции, приготовили вкусный кофе с собой ☺️
Hide business's response
Official responseMarch 30
Добрый день!

Большое спасибо за такой тёплый отзыв 😊 Нам очень приятно, что вам понравилось всё — от интерьера до работы команды.

Рады, что вы приняли участие в акции и остались довольны кофе.

Будем рады видеть вас снова в СантОноре! ☕️","['5', '']","['5.0', '']","['1', '']","Анастасия Хабибулина
Level 4 Local Expert
March 29
Заходила сегодня впервые, всё очень понравилось от интерера до персонала ,предложили поучаствовать в акции, приготовили вкусный кофе с собой ☺️
Show business's response",a37acbc1-b824-48ab-a0e2-b2976a32bd1e
"[None, 'Вероника Чалова']","['https://avatars.mds.yandex.net/get-yapic/37154/0t-2/islands-68', '']","[None, 'Вероника Чалова']",,"[None, 'November 2, 2025']","['2025-11-02T10:00:30.283Z', '']","Вероника Чалова
Level 3 Local Expert
Subscribe
November 2, 2025
Обслуживание отвратительное. Помогать разбираться в бонусной системе отказываются. Сама система работает долго и непонятно. Очереди огромные
2
3
Show business's response",False,"Вероника Чалова
Level 3 Local Expert
Subscribe
November 2, 2025
Обслуживание отвратительное. Помогать разбираться в бонусной системе отказываются. Сама система работает долго и непонятно. Очереди огромные
2
3
Show business's response","Вероника Чалова
Level 3 Local Expert
Subscribe
November 2, 2025
Обслуживание отвратительное. Помогать разбираться в бонусной системе отказываются. Сама система работает долго и непонятно. Очереди огромные
2
3
Hide business's response
Official responseNovember 5, 2025
Вероника, добрый день!Нам очень важно получать обратную связь от наших гостей, поскольку именно благодаря вашим отзывам мы можем совершенствоваться и улучшать сервис. Полученная вами негативная оценка вызывает особое беспокойство, и мы обязательно разберемся в причинах сложившейся ситуации.
Ваше обращение принято во внимание руководством кафе, и проведены дополнительные обучения с персоналом. По поводу нашей новой бонусной системы, мы обязательно примем меры, чтобы облегчить ее использование. 
Просим прощения за доставленные неудобства и надеемся вернуть ваше расположение хорошим обслуживанием и внимательным отношением к каждому клиенту.
Желаем вам прекрасного дня и настроения!","Вероника Чалова
Level 3 Local Expert
Subscribe
November 2, 2025
Обслуживание отвратительное. Помогать разбираться в бонусной системе отказываются. Сама система работает долго и непонятно. Очереди огромные
2
3
Hide business's response
Official responseNovember 5, 2025
Вероника, добрый день!Нам очень важно получать обратную связь от наших гостей, поскольку именно благодаря вашим отзывам мы можем совершенствоваться и улучшать сервис. Полученная вами негативная оценка вызывает особое беспокойство, и мы обязательно разберемся в причинах сложившейся ситуации.
Ваше обращение принято во внимание руководством кафе, и проведены дополнительные обучения с персоналом. По поводу нашей новой бонусной системы, мы обязательно примем меры, чтобы облегчить ее использование. 
Просим прощения за доставленные неудобства и надеемся вернуть ваше расположение хорошим обслуживанием и внимательным отношением к каждому клиенту.
Желаем вам прекрасного дня и настроения!","['5', '']","['1.0', '']","['1', '']","Вероника Чалова
Level 3 Local Expert
Subscribe
November 2, 2025
Обслуживание отвратительное. Помогать разбираться в бонусной системе отказываются. Сама система работает долго и непонятно. Очереди огромные
2
3
Show business's response",799b5f9d-fcf3-4dc4-90d6-80216b324602
"[None, 'Олеся Полякова']","['https://avatars.mds.yandex.net/get-yapic/40138/enc-fcb235850dd1f9aca3b256581762e7bb5e30d949f20c9670b2ab1f8a198c9d60/islands-68', '']","[None, 'Олеся Полякова']",,"[None, 'May 6, 2022']","['2022-05-05T21:12:23.722Z', '']","Олеся Полякова
Level 11 Local Expert
Subscribe
May 6, 2022
Просто божественные десерты, обожаю вас, Сент-Оноре. Торт ""Три молока"" это моя любовь навсегда. В кондитерской приятная атмосфера, есть столики, можно посидеть с подругой попить кофе с вкусными пирожными, выбор большой обязательно найдете что-то на свой вкус.…
more
3
Show business's response",False,"Олеся Полякова
Level 11 Local Expert
Subscribe
May 6, 2022
Просто божественные десерты, обожаю вас, Сент-Оноре. Торт ""Три молока"" это моя любовь навсегда. В кондитерской приятная атмосфера, есть столики, можно посидеть с подругой попить кофе с вкусными пирожными, выбор большой обязательно найдете что-то на свой вкус.…
more
3
Show business's response","Олеся Полякова
Level 11 Local Expert
Subscribe
May 6, 2022
Просто божественные десерты, обожаю вас, Сент-Оноре. Торт ""Три молока"" это моя любовь навсегда. В кондитерской приятная атмосфера, есть столики, можно посидеть с подругой попить кофе с вкусными пирожными, выбор большой обязательно найдете что-то на свой вкус.…
more
3
Hide business's response
Official responseJune 15, 2022
Добрый день! Искренне благодарны Вам за тёплые слова! Такие слова - лучшая награда для нас! Мы будем продолжать радовать Вас ещё больше! Надеемся видеть Вас в качестве нашего Гостя вновь и вновь в нашей кондитерской!","Олеся Полякова
Level 11 Local Expert
Subscribe
May 6, 2022
Просто божественные десерты, обожаю вас, Сент-Оноре. Торт ""Три молока"" это моя любовь навсегда. В кондитерской приятная атмосфера, есть столики, можно посидеть с подругой попить кофе с вкусными пирожными, выбор большой обязательно найдете что-то на свой вкус.…
more
3
Hide business's response
Official responseJune 15, 2022
Добрый день! Искренне благодарны Вам за тёплые слова! Такие слова - лучшая награда для нас! Мы будем продолжать радовать Вас ещё больше! Надеемся видеть Вас в качестве нашего Гостя вновь и вновь в нашей кондитерской!","['5', '']","['5.0', '']","['1', '']","Олеся Полякова
Level 11 Local Expert
Subscribe
May 6, 2022
Просто божественные десерты, обожаю вас, Сент-Оноре. Торт ""Три молока"" это моя любовь навсегда. В кондитерской приятная атмосфера, есть столики, можно посидеть с подругой попить кофе с вкусными пирожными, выбор большой обязательно найдете что-то на свой вкус.…
more
3
Show business's response",97d9900c-1dc9-4465-ba75-ab72d7f9d217
"[None, 'Елизавета П.']","['https://avatars.mds.yandex.net/get-yapic/45131/0l-6/islands-68', '']","[None, 'Елизавета П.']",,"[None, 'March 20, 2024']","['2024-03-20T07:58:49.912Z', '']","Елизавета П.
Level 5 Local Expert
Subscribe
March 20, 2024
Отличная семейная кофейня! Много разнообразных десертов и вкусный кофе!
3
Show business's response",False,"Елизавета П.
Level 5 Local Expert
Subscribe
March 20, 2024
Отличная семейная кофейня! Много разнообразных десертов и вкусный кофе!
3
Show business's response","Елизавета П.
Level 5 Local Expert
Subscribe
March 20, 2024
Отличная семейная кофейня! Много разнообразных десертов и вкусный кофе!
3
Hide business's response
Official responseApril 7, 2024
Спасибо за оценку","Елизавета П.
Level 5 Local Expert
Subscribe
March 20, 2024
Отличная семейная кофейня! Много разнообразных десертов и вкусный кофе!
3
Hide business's response
Official responseApril 7, 2024
Спасибо за оценку","['5', '']","['5.0', '']","['1', '']","Елизавета П.
Level 5 Local Expert
Subscribe
March 20, 2024
Отличная семейная кофейня! Много разнообразных десертов и вкусный кофе!
3
Show business's response",b51d8254-1408-457f-99cd-68a2aa54a30f
"[None, 'Ирина С']","['https://avatars.mds.yandex.net/get-yapic/53031/0s-5/islands-68', '']","[None, 'Ирина С']",,"[None, 'August 13, 2023']","['2023-08-13T05:35:46.249Z', '']","Ирина С
Level 8 Local Expert
Subscribe
August 13, 2023
Часто бываю в этом кафе, уютный интерьер, добродушный персонал. Вкусняшки на любой вкус и цвет, все очень вкусно и натурально, без привкуса химозы. Цены не кусаются.
3
Show business's response",False,"Ирина С
Level 8 Local Expert
Subscribe
August 13, 2023
Часто бываю в этом кафе, уютный интерьер, добродушный персонал. Вкусняшки на любой вкус и цвет, все очень вкусно и натурально, без привкуса химозы. Цены не кусаются.
3
Show business's response","Ирина С
Level 8 Local Expert
Subscribe
August 13, 2023
Часто бываю в этом кафе, уютный интерьер, добродушный персонал. Вкусняшки на любой вкус и цвет, все очень вкусно и натурально, без привкуса химозы. Цены не кусаются.
3
Hide business's response
Official responseAugust 31, 2023
Спасибо за такой отзыв","Ирина С
Level 8 Local Expert
Subscribe
August 13, 2023
Часто бываю в этом кафе, уютный интерьер, добродушный персонал. Вкусняшки на любой вкус и цвет, все очень вкусно и натурально, без привкуса химозы. Цены не кусаются.
3
Hide business's response
Official responseAugust 31, 2023
Спасибо за такой отзыв","['5', '']","['5.0', '']","['1', '']","Ирина С
Level 8 Local Expert
Subscribe
August 13, 2023
Часто бываю в этом кафе, уютный интерьер, добродушный персонал. Вкусняшки на любой вкус и цвет, все очень вкусно и натурально, без привкуса химозы. Цены не кусаются.
3
Show business's response",5f850d48-1b43-4cf0-9432-3f14bc0a2701
"[None, 'марина барашкова']","['https://avatars.mds.yandex.net/get-yapic/26311/0c-4/islands-68', '']","[None, 'марина барашкова']",,"[None, 'February 28, 2024']","['2024-02-28T12:06:43.342Z', '']","марина барашкова
Level 11 Local Expert
Subscribe
February 28, 2024
Очень понравилось. Уютно, приветливые сотрудники. Свежая и вкусная выпечка. Вкусный кофе и чай. Купила с собой вкусный торт.Советую сходить.
2
Show business's response",False,"марина барашкова
Level 11 Local Expert
Subscribe
February 28, 2024
Очень понравилось. Уютно, приветливые сотрудники. Свежая и вкусная выпечка. Вкусный кофе и чай. Купила с собой вкусный торт.Советую сходить.
2
Show business's response","марина барашкова
Level 11 Local Expert
Subscribe
February 28, 2024
Очень понравилось. Уютно, приветливые сотрудники. Свежая и вкусная выпечка. Вкусный кофе и чай. Купила с собой вкусный торт.Советую сходить.
2
Hide business's response
Official responseMarch 1, 2024
Очень приятно слышать, что вам понравилось наше сладкое творение! Мы всегда рады радовать наших гостей вкусными десертами.","марина барашкова
Level 11 Local Expert
Subscribe
February 28, 2024
Очень понравилось. Уютно, приветливые сотрудники. Свежая и вкусная выпечка. Вкусный кофе и чай. Купила с собой вкусный торт.Советую сходить.
2
Hide business's response
Official responseMarch 1, 2024
Очень приятно слышать, что вам понравилось наше сладкое творение! Мы всегда рады радовать наших гостей вкусными десертами.","['5', '']","['5.0', '']","['1', '']","марина барашкова
Level 11 Local Expert
Subscribe
February 28, 2024
Очень понравилось. Уютно, приветливые сотрудники. Свежая и вкусная выпечка. Вкусный кофе и чай. Купила с собой вкусный торт.Советую сходить.
2
Show business's response",0bb6ac8a-1e6d-4e27-ae0a-e635a2139213
"[None, 'Ирина']","['https://avatars.mds.yandex.net/get-yapic/59871/0y-2/islands-68', '']","[None, 'Ирина']",,"[None, 'August 23, 2023']","['2023-08-23T11:32:40.691Z', '']","Ирина
Level 12 Local Expert
Subscribe
August 23, 2023
Стало вообще невкусно! Швейцарский торт стал какой то жирный, мокрый, вкуса корицы и моркови нет совсем.... раньше цена была на 200 р меньше, а качество на высоте, сейчас торт испортился и от того, что было не осталось ничего, даже симпатичные морковки в качестве украшения…
more
3
1
Show business's response",False,"Ирина
Level 12 Local Expert
Subscribe
August 23, 2023
Стало вообще невкусно! Швейцарский торт стал какой то жирный, мокрый, вкуса корицы и моркови нет совсем.... раньше цена была на 200 р меньше, а качество на высоте, сейчас торт испортился и от того, что было не осталось ничего, даже симпатичные морковки в качестве украшения…
more
3
1
Show business's response","Ирина
Level 12 Local Expert
Subscribe
August 23, 2023
Стало вообще невкусно! Швейцарский торт стал какой то жирный, мокрый, вкуса корицы и моркови нет совсем.... раньше цена была на 200 р меньше, а качество на высоте, сейчас торт испортился и от того, что было не осталось ничего, даже симпатичные морковки в качестве украшения…
more
3
1
Hide business's response
Official responseSeptember 1, 2023
Доброго времени суток, Ирина! Рецептуры у тортов Сметанник с клубникой, Молли и Швейцарский, мы не меняли, поскольку торты пользуются хорошим спросом, сменили только оформление. Следим за качеством нашей продукции. Работаем на качественном сырье и всегда заботимся о наших гостях, чтобы они были довольны. Примем во внимание ваши замечания и постараемся приготовить наши торты ещё лучше.","Ирина
Level 12 Local Expert
Subscribe
August 23, 2023
Стало вообще невкусно! Швейцарский торт стал какой то жирный, мокрый, вкуса корицы и моркови нет совсем.... раньше цена была на 200 р меньше, а качество на высоте, сейчас торт испортился и от того, что было не осталось ничего, даже симпатичные морковки в качестве украшения…
more
3
1
Hide business's response
Official responseSeptember 1, 2023
Доброго времени суток, Ирина! Рецептуры у тортов Сметанник с клубникой, Молли и Швейцарский, мы не меняли, поскольку торты пользуются хорошим спросом, сменили только оформление. Следим за качеством нашей продукции. Работаем на качественном сырье и всегда заботимся о наших гостях, чтобы они были довольны. Примем во внимание ваши замечания и постараемся приготовить наши торты ещё лучше.","['5', '']","['1.0', '']","['1', '']","Ирина
Level 12 Local Expert
Subscribe
August 23, 2023
Стало вообще невкусно! Швейцарский торт стал какой то жирный, мокрый, вкуса корицы и моркови нет совсем.... раньше цена была на 200 р меньше, а качество на высоте, сейчас торт испортился и от того, что было не осталось ничего, даже симпатичные морковки в качестве украшения…
more
3
1
Show business's response",ac1c6057-90c0-45e1-865b-305c32facbbb
,"['https://avatars.mds.yandex.net/get-yapic/59871/0g-6/islands-68', '']","[None, 'ОР']",,"[None, 'November 11, 2024']","['2024-11-11T18:37:43.765Z', '']","ОР
Level 16 Local Expert
November 11, 2024
Очень внимательный и приветливый персонал. Молодая хозяйка зала - прелесть, милая и ненавязчивая, заботливая и старательная. Пирожные всегда вкусные. Минус - заварочные чайники нужно заменить.
1
Show business's response",False,"ОР
Level 16 Local Expert
November 11, 2024
Очень внимательный и приветливый персонал. Молодая хозяйка зала - прелесть, милая и ненавязчивая, заботливая и старательная. Пирожные всегда вкусные. Минус - заварочные чайники нужно заменить.
1
Show business's response","ОР
Level 16 Local Expert
November 11, 2024
Очень внимательный и приветливый персонал. Молодая хозяйка зала - прелесть, милая и ненавязчивая, заботливая и старательная. Пирожные всегда вкусные. Минус - заварочные чайники нужно заменить.
1
Hide business's response
Official responseDecember 19, 2024
Спасибо за приятный отзыв","ОР
Level 16 Local Expert
November 11, 2024
Очень внимательный и приветливый персонал. Молодая хозяйка зала - прелесть, милая и ненавязчивая, заботливая и старательная. Пирожные всегда вкусные. Минус - заварочные чайники нужно заменить.
1
Hide business's response
Official responseDecember 19, 2024
Спасибо за приятный отзыв","['5', '']","['5.0', '']","['1', '']","ОР
Level 16 Local Expert
November 11, 2024
Очень внимательный и приветливый персонал. Молодая хозяйка зала - прелесть, милая и ненавязчивая, заботливая и старательная. Пирожные всегда вкусные. Минус - заварочные чайники нужно заменить.
1
Show business's response",4255830a-4f55-4b6c-8e84-ca05aeb283a9
"[None, 'Marina Butorina']","['https://avatars.mds.yandex.net/get-yapic/31804/0s-3/islands-68', '']","[None, 'Marina Butorina']",,"[None, 'February 11, 2024']","['2024-02-11T10:02:38.232Z', '']","Marina Butorina
Level 7 Local Expert
Subscribe
February 11, 2024
Купила 10 февраля на свой др торт «Карамельный орех», разочарование полнейшее. Корж ооочень сухой, единственное вкусное это крем сверху и на этом всё. Хотя этот торт брали полгода назад и он был великолепен. В общем съели, но без удовольствия.. Да и 900 рублей жалко выкидывать..…
more
Show business's response",False,"Marina Butorina
Level 7 Local Expert
Subscribe
February 11, 2024
Купила 10 февраля на свой др торт «Карамельный орех», разочарование полнейшее. Корж ооочень сухой, единственное вкусное это крем сверху и на этом всё. Хотя этот торт брали полгода назад и он был великолепен. В общем съели, но без удовольствия.. Да и 900 рублей жалко выкидывать..…
more
Show business's response","Marina Butorina
Level 7 Local Expert
Subscribe
February 11, 2024
Купила 10 февраля на свой др торт «Карамельный орех», разочарование полнейшее. Корж ооочень сухой, единственное вкусное это крем сверху и на этом всё. Хотя этот торт брали полгода назад и он был великолепен. В общем съели, но без удовольствия.. Да и 900 рублей жалко выкидывать..…
more
Hide business's response
Official responseFebruary 27, 2024
Спасибо, будем работать","Marina Butorina
Level 7 Local Expert
Subscribe
February 11, 2024
Купила 10 февраля на свой др торт «Карамельный орех», разочарование полнейшее. Корж ооочень сухой, единственное вкусное это крем сверху и на этом всё. Хотя этот торт брали полгода назад и он был великолепен. В общем съели, но без удовольствия.. Да и 900 рублей жалко выкидывать..…
more
Hide business's response
Official responseFebruary 27, 2024
Спасибо, будем работать","['5', '']","['4.0', '']","['1', '']","Marina Butorina
Level 7 Local Expert
Subscribe
February 11, 2024
Купила 10 февраля на свой др торт «Карамельный орех», разочарование полнейшее. Корж ооочень сухой, единственное вкусное это крем сверху и на этом всё. Хотя этот торт брали полгода назад и он был великолепен. В общем съели, но без удовольствия.. Да и 900 рублей жалко выкидывать..…
more
Show business's response",40fd593c-f1ad-45e3-bdb8-00e5b67f23ca
"[None, '124689 Марина']","['https://avatars.mds.yandex.net/get-yapic/59871/0k-2/islands-68', '']","[None, '124689 Марина']",,"[None, 'October 12, 2023']","['2023-10-12T15:35:09.435Z', '']","124689 Марина
Level 6 Local Expert
Subscribe
October 12, 2023
Прекрасная кофейня, торты, тортики, пирожные, печеньки на любой вкус, цвет и размер. Качество - супер, всегда свежее. Есть доставка, но заказ принимают только за 24 часа.
1
Show business's response",False,"124689 Марина
Level 6 Local Expert
Subscribe
October 12, 2023
Прекрасная кофейня, торты, тортики, пирожные, печеньки на любой вкус, цвет и размер. Качество - супер, всегда свежее. Есть доставка, но заказ принимают только за 24 часа.
1
Show business's response","124689 Марина
Level 6 Local Expert
Subscribe
October 12, 2023
Прекрасная кофейня, торты, тортики, пирожные, печеньки на любой вкус, цвет и размер. Качество - супер, всегда свежее. Есть доставка, но заказ принимают только за 24 часа.
1
Hide business's response
Official responseOctober 14, 2023
Марина, благодарим за ваш отзыв. Будем рады видеть Вас снова","124689 Марина
Level 6 Local Expert
Subscribe
October 12, 2023
Прекрасная кофейня, торты, тортики, пирожные, печеньки на любой вкус, цвет и размер. Качество - супер, всегда свежее. Есть доставка, но заказ принимают только за 24 часа.
1
Hide business's response
Official responseOctober 14, 2023
Марина, благодарим за ваш отзыв. Будем рады видеть Вас снова","['5', '']","['5.0', '']","['1', '']","124689 Марина
Level 6 Local Expert
Subscribe
October 12, 2023
Прекрасная кофейня, торты, тортики, пирожные, печеньки на любой вкус, цвет и размер. Качество - супер, всегда свежее. Есть доставка, но заказ принимают только за 24 часа.
1
Show business's response",b98024eb-946d-4ea5-bbf7-bca458bc09f4
"[None, 'Lakelight']","['https://avatars.mds.yandex.net/get-yapic/33202/IOFodrGHvZiTXxEs17AxDKe2qI-1/islands-68', '']","[None, 'Lakelight']",,"[None, 'January 11, 2024']","['2024-01-11T06:45:42.852Z', '']","Lakelight
Level 10 Local Expert
Subscribe
January 11, 2024
Обожаю это кафе! Отличные пирожные, очень вкусная выпечка, прекрасный чай! Замечательная атмосфера! Спасибо, что дарите радость посетителям!
Show business's response",False,"Lakelight
Level 10 Local Expert
Subscribe
January 11, 2024
Обожаю это кафе! Отличные пирожные, очень вкусная выпечка, прекрасный чай! Замечательная атмосфера! Спасибо, что дарите радость посетителям!
Show business's response","Lakelight
Level 10 Local Expert
Subscribe
January 11, 2024
Обожаю это кафе! Отличные пирожные, очень вкусная выпечка, прекрасный чай! Замечательная атмосфера! Спасибо, что дарите радость посетителям!
Hide business's response
Official responseJanuary 16, 2024
Спасибо за приятный отклик","Lakelight
Level 10 Local Expert
Subscribe
January 11, 2024
Обожаю это кафе! Отличные пирожные, очень вкусная выпечка, прекрасный чай! Замечательная атмосфера! Спасибо, что дарите радость посетителям!
Hide business's response
Official responseJanuary 16, 2024
Спасибо за приятный отклик","['5', '']","['5.0', '']","['1', '']","Lakelight
Level 10 Local Expert
Subscribe
January 11, 2024
Обожаю это кафе! Отличные пирожные, очень вкусная выпечка, прекрасный чай! Замечательная атмосфера! Спасибо, что дарите радость посетителям!
Show business's response",a5ee212e-ab5c-4494-b8af-d9b0d10d2973
"[None, 'Ирина Болотова']","['https://avatars.mds.yandex.net/get-yapic/18057972/TzTlU2ai2Q3kwbs2Thni5eiaI8I-1/islands-68', '']","[None, 'Ирина Болотова']",,"[None, 'April 23, 2024']","['2024-04-23T14:14:08.174Z', '']","Ирина Болотова
Level 11 Local Expert
Subscribe
April 23, 2024
Любимая кондитерская! Торты перепробовали все! Все вкусные! Наполеон обалденный)
Можно посидеть выпить кофе с пирожным
Рекомендую
3
Show business's response",False,"Ирина Болотова
Level 11 Local Expert
Subscribe
April 23, 2024
Любимая кондитерская! Торты перепробовали все! Все вкусные! Наполеон обалденный)
Можно посидеть выпить кофе с пирожным
Рекомендую
3
Show business's response","Ирина Болотова
Level 11 Local Expert
Subscribe
April 23, 2024
Любимая кондитерская! Торты перепробовали все! Все вкусные! Наполеон обалденный)
Можно посидеть выпить кофе с пирожным
Рекомендую
3
Hide business's response
Official responseApril 29, 2024
Благодарим вас за приятный отзыв","Ирина Болотова
Level 11 Local Expert
Subscribe
April 23, 2024
Любимая кондитерская! Торты перепробовали все! Все вкусные! Наполеон обалденный)
Можно посидеть выпить кофе с пирожным
Рекомендую
3
Hide business's response
Official responseApril 29, 2024
Благодарим вас за приятный отзыв","['5', '']","['5.0', '']","['1', '']","Ирина Болотова
Level 11 Local Expert
Subscribe
April 23, 2024
Любимая кондитерская! Торты перепробовали все! Все вкусные! Наполеон обалденный)
Можно посидеть выпить кофе с пирожным
Рекомендую
3
Show business's response",99a59353-31f4-4664-be46-fffa1fa94c24
"[None, 'rinaa']","['https://avatars.mds.yandex.net/get-yapic/16491550/yxof0ppFFdZQGlVkpYuYKmWq8-1/islands-68', '']","[None, 'rinaa']",,"[None, 'July 23, 2023']","['2023-07-23T13:10:25.011Z', '']","rinaa
Level 5 Local Expert
Subscribe
July 23, 2023
Прихожу не первый раз и прошу молочный коктейль и каждый раз говорят что нет, при том что в меню оно есть и даже на входе написано о нем, круассаны просто ужасные, лучше бы убрали из меню или сами бы попробовали)) а так место классное и десерты очень вкусные))
1",False,"rinaa
Level 5 Local Expert
Subscribe
July 23, 2023
Прихожу не первый раз и прошу молочный коктейль и каждый раз говорят что нет, при том что в меню оно есть и даже на входе написано о нем, круассаны просто ужасные, лучше бы убрали из меню или сами бы попробовали)) а так место классное и десерты очень вкусные))
1",,,"['5', '']","['4.0', '']","['1', '']","rinaa
Level 5 Local Expert
Subscribe
July 23, 2023
Прихожу не первый раз и прошу молочный коктейль и каждый раз говорят что нет, при том что в меню оно есть и даже на входе написано о нем, круассаны просто ужасные, лучше бы убрали из меню или сами бы попробовали)) а так место классное и десерты очень вкусные))
1",6b8b46b1-0bb6-4759-8231-b8d4b20864d3
"[None, 'Андрей К.']","['https://avatars.mds.yandex.net/get-yapic/58107/0f-1/islands-68', '']","[None, 'Андрей К.']",,"[None, 'February 5, 2024']","['2024-02-05T15:05:37.060Z', '']","Андрей К.
Level 4 Local Expert
Subscribe
February 5, 2024
Чистое, уютное место, приехал в сб в 12 часов за 3 тортами, много людей, все столы заняты, все что-то едят, значит популярно-вкусно купил себе торты, все разные, все хорошие .
3
Show business's response",False,"Андрей К.
Level 4 Local Expert
Subscribe
February 5, 2024
Чистое, уютное место, приехал в сб в 12 часов за 3 тортами, много людей, все столы заняты, все что-то едят, значит популярно-вкусно купил себе торты, все разные, все хорошие .
3
Show business's response","Андрей К.
Level 4 Local Expert
Subscribe
February 5, 2024
Чистое, уютное место, приехал в сб в 12 часов за 3 тортами, много людей, все столы заняты, все что-то едят, значит популярно-вкусно купил себе торты, все разные, все хорошие .
3
Hide business's response
Official responseFebruary 7, 2024
Спасибо за приятный отклик","Андрей К.
Level 4 Local Expert
Subscribe
February 5, 2024
Чистое, уютное место, приехал в сб в 12 часов за 3 тортами, много людей, все столы заняты, все что-то едят, значит популярно-вкусно купил себе торты, все разные, все хорошие .
3
Hide business's response
Official responseFebruary 7, 2024
Спасибо за приятный отклик","['5', '']","['5.0', '']","['1', '']","Андрей К.
Level 4 Local Expert
Subscribe
February 5, 2024
Чистое, уютное место, приехал в сб в 12 часов за 3 тортами, много людей, все столы заняты, все что-то едят, значит популярно-вкусно купил себе торты, все разные, все хорошие .
3
Show business's response",9e6c1cf4-184b-45bd-a13c-15bc560c1cd2
"[None, 'Софья Трубицына']","['https://avatars.mds.yandex.net/get-yapic/53031/0k-1/islands-68', '']","[None, 'Софья Трубицына']",,"[None, 'November 19, 2024']","['2024-11-19T11:49:43.763Z', '']","Софья Трубицына
Level 2 Local Expert
Subscribe
November 19, 2024
Все очень вкусно. Красивый интерьер. Кассиры обязательно подскажут продукцию
1
Show business's response",False,"Софья Трубицына
Level 2 Local Expert
Subscribe
November 19, 2024
Все очень вкусно. Красивый интерьер. Кассиры обязательно подскажут продукцию
1
Show business's response","Софья Трубицына
Level 2 Local Expert
Subscribe
November 19, 2024
Все очень вкусно. Красивый интерьер. Кассиры обязательно подскажут продукцию
1
Hide business's response
Official responseNovember 21, 2024
Спасибо за приятный отклик","Софья Трубицына
Level 2 Local Expert
Subscribe
November 19, 2024
Все очень вкусно. Красивый интерьер. Кассиры обязательно подскажут продукцию
1
Hide business's response
Official responseNovember 21, 2024
Спасибо за приятный отклик","['5', '']","['5.0', '']","['1', '']","Софья Трубицына
Level 2 Local Expert
Subscribe
November 19, 2024
Все очень вкусно. Красивый интерьер. Кассиры обязательно подскажут продукцию
1
Show business's response",87b5a42a-8caf-41e3-a343-332527580095
"[None, 'Сем']","['https://avatars.mds.yandex.net/get-yapic/36777/0r-6/islands-68', '']","[None, 'Сем']",,"[None, 'December 14, 2023']","['2023-12-13T19:45:59.238Z', '']","Сем
Level 2 Local Expert
Subscribe
December 14, 2023
Отличное заведение! Вкусные сладости по доступным ценам. Обслуживание на хорошем уровне, свежесвареный кофе, располагающая атмосфера. 
Рекомендую!
1
Show business's response",False,"Сем
Level 2 Local Expert
Subscribe
December 14, 2023
Отличное заведение! Вкусные сладости по доступным ценам. Обслуживание на хорошем уровне, свежесвареный кофе, располагающая атмосфера. 
Рекомендую!
1
Show business's response","Сем
Level 2 Local Expert
Subscribe
December 14, 2023
Отличное заведение! Вкусные сладости по доступным ценам. Обслуживание на хорошем уровне, свежесвареный кофе, располагающая атмосфера. 
Рекомендую!
1
Hide business's response
Official responseDecember 17, 2023
Благодарим за добрые слова о нашей работе ❤ Очень приятно!","Сем
Level 2 Local Expert
Subscribe
December 14, 2023
Отличное заведение! Вкусные сладости по доступным ценам. Обслуживание на хорошем уровне, свежесвареный кофе, располагающая атмосфера. 
Рекомендую!
1
Hide business's response
Official responseDecember 17, 2023
Благодарим за добрые слова о нашей работе ❤ Очень приятно!","['5', '']","['5.0', '']","['1', '']","Сем
Level 2 Local Expert
Subscribe
December 14, 2023
Отличное заведение! Вкусные сладости по доступным ценам. Обслуживание на хорошем уровне, свежесвареный кофе, располагающая атмосфера. 
Рекомендую!
1
Show business's response",2cc900bd-4c7d-44b2-9d4c-4991cea099ce
"[None, 'Надежда Шолохова']","['https://avatars.mds.yandex.net/get-yapic/37154/0m-5/islands-68', '']","[None, 'Надежда Шолохова']",,"[None, 'October 9, 2025']","['2025-10-09T02:14:02.838Z', '']","Надежда Шолохова
Level 9 Local Expert
Subscribe
October 9, 2025
Наивкуснейшие десерты, быстрое приятное обслуживание 👍
1
Show business's response",False,"Надежда Шолохова
Level 9 Local Expert
Subscribe
October 9, 2025
Наивкуснейшие десерты, быстрое приятное обслуживание 👍
1
Show business's response","Надежда Шолохова
Level 9 Local Expert
Subscribe
October 9, 2025
Наивкуснейшие десерты, быстрое приятное обслуживание 👍
1
Hide business's response
Official responseOctober 9, 2025
Надежда, добрый день! Огромное спасибо за Ваш чудесный отзыв! Нам невероятно приятно слышать, что наши десерты произвели на Вас такое приятное впечатление, а обслуживание оказалось быстрым и приятным. Это вдохновляет нас продолжать радовать наших гостей вкуснейшими блюдами и отличным сервисом. Ждем Вас снова в гости, чтобы вновь порадовать Вас нашими кулинарными шедеврами и заботливым отношением! 😊🍰","Надежда Шолохова
Level 9 Local Expert
Subscribe
October 9, 2025
Наивкуснейшие десерты, быстрое приятное обслуживание 👍
1
Hide business's response
Official responseOctober 9, 2025
Надежда, добрый день! Огромное спасибо за Ваш чудесный отзыв! Нам невероятно приятно слышать, что наши десерты произвели на Вас такое приятное впечатление, а обслуживание оказалось быстрым и приятным. Это вдохновляет нас продолжать радовать наших гостей вкуснейшими блюдами и отличным сервисом. Ждем Вас снова в гости, чтобы вновь порадовать Вас нашими кулинарными шедеврами и заботливым отношением! 😊🍰","['5', '']","['5.0', '']","['1', '']","Надежда Шолохова
Level 9 Local Expert
Subscribe
October 9, 2025
Наивкуснейшие десерты, быстрое приятное обслуживание 👍
1
Show business's response",8bcb3009-2fe0-492f-845f-8698d24858de
"[None, 'Николай Журков']","['https://avatars.mds.yandex.net/get-yapic/45131/0l-6/islands-68', '']","[None, 'Николай Журков']",,"[None, 'December 28, 2021']","['2021-12-28T11:55:54.779Z', '']","Николай Журков
Level 3 Local Expert
Subscribe
December 28, 2021
Очень вкусные и нежные тортики. Всегда свежие и оригинальные. Приятный обслуживающий персонал. Покупал сразу 4 разных торта, очень порадовала скидка в 15% ко дню рождения. Все отлично.Буду рекомендовать друзьям и близким. И конечно же буду заходить и покупать вкусняшки сам.
3
Show business's response",False,"Николай Журков
Level 3 Local Expert
Subscribe
December 28, 2021
Очень вкусные и нежные тортики. Всегда свежие и оригинальные. Приятный обслуживающий персонал. Покупал сразу 4 разных торта, очень порадовала скидка в 15% ко дню рождения. Все отлично.Буду рекомендовать друзьям и близким. И конечно же буду заходить и покупать вкусняшки сам.
3
Show business's response","Николай Журков
Level 3 Local Expert
Subscribe
December 28, 2021
Очень вкусные и нежные тортики. Всегда свежие и оригинальные. Приятный обслуживающий персонал. Покупал сразу 4 разных торта, очень порадовала скидка в 15% ко дню рождения. Все отлично.Буду рекомендовать друзьям и близким. И конечно же буду заходить и покупать вкусняшки сам.
3
Hide business's response
Official responseFebruary 2, 2022
Добрый день! Благодарим Вас за высокую оценку нашей деятельности! Будем ждать Вас вновь!","Николай Журков
Level 3 Local Expert
Subscribe
December 28, 2021
Очень вкусные и нежные тортики. Всегда свежие и оригинальные. Приятный обслуживающий персонал. Покупал сразу 4 разных торта, очень порадовала скидка в 15% ко дню рождения. Все отлично.Буду рекомендовать друзьям и близким. И конечно же буду заходить и покупать вкусняшки сам.
3
Hide business's response
Official responseFebruary 2, 2022
Добрый день! Благодарим Вас за высокую оценку нашей деятельности! Будем ждать Вас вновь!","['5', '']","['5.0', '']","['1', '']","Николай Журков
Level 3 Local Expert
Subscribe
December 28, 2021
Очень вкусные и нежные тортики. Всегда свежие и оригинальные. Приятный обслуживающий персонал. Покупал сразу 4 разных торта, очень порадовала скидка в 15% ко дню рождения. Все отлично.Буду рекомендовать друзьям и близким. И конечно же буду заходить и покупать вкусняшки сам.
3
Show business's response",cf9c0a45-385c-4baa-a177-b824a2647171
"[None, 'Светлана Тарасенко']","['https://avatars.mds.yandex.net/get-yapic/36689/nleJ7UbRnDbhSbDpz1hn1oNI-1/islands-68', '']","[None, 'Светлана Тарасенко']",,"[None, 'May 15, 2024']","['2024-05-15T10:15:56.110Z', '']","Светлана Тарасенко
Level 8 Local Expert
Subscribe
May 15, 2024
Отличное кафе, вкусное пироженое, торты, приветливый персонал, вполне демократичные цены.
1
Show business's response",False,"Светлана Тарасенко
Level 8 Local Expert
Subscribe
May 15, 2024
Отличное кафе, вкусное пироженое, торты, приветливый персонал, вполне демократичные цены.
1
Show business's response","Светлана Тарасенко
Level 8 Local Expert
Subscribe
May 15, 2024
Отличное кафе, вкусное пироженое, торты, приветливый персонал, вполне демократичные цены.
1
Hide business's response
Official responseMay 16, 2024
Спасибо за приятный отклик","Светлана Тарасенко
Level 8 Local Expert
Subscribe
May 15, 2024
Отличное кафе, вкусное пироженое, торты, приветливый персонал, вполне демократичные цены.
1
Hide business's response
Official responseMay 16, 2024
Спасибо за приятный отклик","['5', '']","['5.0', '']","['1', '']","Светлана Тарасенко
Level 8 Local Expert
Subscribe
May 15, 2024
Отличное кафе, вкусное пироженое, торты, приветливый персонал, вполне демократичные цены.
1
Show business's response",fefe822c-7269-4cbc-9321-6197b812c21b
"[None, 'Дина Сулимова']","['https://avatars.mds.yandex.net/get-yapic/43978/0y-9/islands-68', '']","[None, 'Дина Сулимова']",,"[None, 'August 31, 2024']","['2024-08-31T16:27:09.880Z', '']","Дина Сулимова
Level 20 Local Expert
Subscribe
August 31, 2024
Самые лучшие торты и открытые пироги - здесь! Торт Три молока - просто вкус из детства!
Show business's response",False,"Дина Сулимова
Level 20 Local Expert
Subscribe
August 31, 2024
Самые лучшие торты и открытые пироги - здесь! Торт Три молока - просто вкус из детства!
Show business's response","Дина Сулимова
Level 20 Local Expert
Subscribe
August 31, 2024
Самые лучшие торты и открытые пироги - здесь! Торт Три молока - просто вкус из детства!
Hide business's response
Official responseSeptember 7, 2024
Спасибо, что оценили)","Дина Сулимова
Level 20 Local Expert
Subscribe
August 31, 2024
Самые лучшие торты и открытые пироги - здесь! Торт Три молока - просто вкус из детства!
Hide business's response
Official responseSeptember 7, 2024
Спасибо, что оценили)","['5', '']","['5.0', '']","['1', '']","Дина Сулимова
Level 20 Local Expert
Subscribe
August 31, 2024
Самые лучшие торты и открытые пироги - здесь! Торт Три молока - просто вкус из детства!
Show business's response",146c04b3-79f7-4bb6-b8f6-8efd22b7b588
"[None, 'Алена Б.']","['https://avatars.mds.yandex.net/get-yapic/68143/0g-8/islands-68', '']","[None, 'Алена Б.']",,"[None, 'October 23, 2024']","['2024-10-23T06:21:43.732Z', '']","Алена Б.
Level 4 Local Expert
Subscribe
October 23, 2024
Уютная небольшая кофейня, всегда свежие и вкусные торты и выпечка, приятный интерьер.
3
Show business's response",False,"Алена Б.
Level 4 Local Expert
Subscribe
October 23, 2024
Уютная небольшая кофейня, всегда свежие и вкусные торты и выпечка, приятный интерьер.
3
Show business's response","Алена Б.
Level 4 Local Expert
Subscribe
October 23, 2024
Уютная небольшая кофейня, всегда свежие и вкусные торты и выпечка, приятный интерьер.
3
Hide business's response
Official responseOctober 31, 2024
Спасибо за ваш отзыв","Алена Б.
Level 4 Local Expert
Subscribe
October 23, 2024
Уютная небольшая кофейня, всегда свежие и вкусные торты и выпечка, приятный интерьер.
3
Hide business's response
Official responseOctober 31, 2024
Спасибо за ваш отзыв","['5', '']","['5.0', '']","['1', '']","Алена Б.
Level 4 Local Expert
Subscribe
October 23, 2024
Уютная небольшая кофейня, всегда свежие и вкусные торты и выпечка, приятный интерьер.
3
Show business's response",19b08e76-3385-4049-932c-4bd2b0bb7f2f
"[None, 'Ирина Бабикова']","['https://avatars.mds.yandex.net/get-yapic/40841/9Jsp6ljFtM7a1TyWLhDHAwHawgE-1/islands-68', '']","[None, 'Ирина Бабикова']",,"[None, 'May 1, 2025']","['2025-05-01T14:14:21.113Z', '']","Ирина Бабикова
Level 7 Local Expert
Subscribe
May 1, 2025
Наивкуснейшие торты! Ни один праздник не обходится без тортика.
3
Show business's response",False,"Ирина Бабикова
Level 7 Local Expert
Subscribe
May 1, 2025
Наивкуснейшие торты! Ни один праздник не обходится без тортика.
3
Show business's response","Ирина Бабикова
Level 7 Local Expert
Subscribe
May 1, 2025
Наивкуснейшие торты! Ни один праздник не обходится без тортика.
3
Hide business's response
Official responseMay 5, 2025
Спасибо большое за ваш отзыв! Мы рады слышать, что вам понравилась наша кондитерская и наше разнообразие выпечки. Нам важно создавать уютную атмосферу для наших гостей, и приятно знать, что вы это оценили. Ждем вас снова, чтобы угостить новыми вкусными десертами!","Ирина Бабикова
Level 7 Local Expert
Subscribe
May 1, 2025
Наивкуснейшие торты! Ни один праздник не обходится без тортика.
3
Hide business's response
Official responseMay 5, 2025
Спасибо большое за ваш отзыв! Мы рады слышать, что вам понравилась наша кондитерская и наше разнообразие выпечки. Нам важно создавать уютную атмосферу для наших гостей, и приятно знать, что вы это оценили. Ждем вас снова, чтобы угостить новыми вкусными десертами!","['5', '']","['5.0', '']","['1', '']","Ирина Бабикова
Level 7 Local Expert
Subscribe
May 1, 2025
Наивкуснейшие торты! Ни один праздник не обходится без тортика.
3
Show business's response",04ab763e-4fa7-48e0-a4e1-6d9715acc043
"[None, 'Ева']","['https://avatars.mds.yandex.net/get-yapic/31078/xLO2gyam6pmWpXTrokI5teujk-1/islands-68', '']","[None, 'Ева']",,"[None, 'September 23, 2023']","['2023-09-23T06:39:59.457Z', '']","Ева
Level 8 Local Expert
Subscribe
September 23, 2023
Очень вкусные тортики. Приятно посидеть и полакомиться десертом. Приветливый персонал. Удобно зайти с коляской. Очень приятное впечатление об этом месте.
3
Show business's response",False,"Ева
Level 8 Local Expert
Subscribe
September 23, 2023
Очень вкусные тортики. Приятно посидеть и полакомиться десертом. Приветливый персонал. Удобно зайти с коляской. Очень приятное впечатление об этом месте.
3
Show business's response","Ева
Level 8 Local Expert
Subscribe
September 23, 2023
Очень вкусные тортики. Приятно посидеть и полакомиться десертом. Приветливый персонал. Удобно зайти с коляской. Очень приятное впечатление об этом месте.
3
Hide business's response
Official responseOctober 1, 2023
Евгения, добрый день! Большое спасибо за такие приятные слова! Мы стараемся для Вас!!","Ева
Level 8 Local Expert
Subscribe
September 23, 2023
Очень вкусные тортики. Приятно посидеть и полакомиться десертом. Приветливый персонал. Удобно зайти с коляской. Очень приятное впечатление об этом месте.
3
Hide business's response
Official responseOctober 1, 2023
Евгения, добрый день! Большое спасибо за такие приятные слова! Мы стараемся для Вас!!","['5', '']","['5.0', '']","['1', '']","Ева
Level 8 Local Expert
Subscribe
September 23, 2023
Очень вкусные тортики. Приятно посидеть и полакомиться десертом. Приветливый персонал. Удобно зайти с коляской. Очень приятное впечатление об этом месте.
3
Show business's response",51504975-b449-42cd-8560-0a71d7171154
"[None, 'Анна Закирова']","['https://avatars.mds.yandex.net/get-yapic/63032/0l-5/islands-68', '']","[None, 'Анна Закирова']",,"[None, 'October 8, 2024']","['2024-10-08T04:58:41.391Z', '']","Анна Закирова
Level 7 Local Expert
Subscribe
October 8, 2024
Отличная кондитерская, все очень вкусно ,и радует что можно зайти попить латте с тортиком .
3
Show business's response",False,"Анна Закирова
Level 7 Local Expert
Subscribe
October 8, 2024
Отличная кондитерская, все очень вкусно ,и радует что можно зайти попить латте с тортиком .
3
Show business's response","Анна Закирова
Level 7 Local Expert
Subscribe
October 8, 2024
Отличная кондитерская, все очень вкусно ,и радует что можно зайти попить латте с тортиком .
3
Hide business's response
Official responseOctober 9, 2024
Спасибо за ваш отклик","Анна Закирова
Level 7 Local Expert
Subscribe
October 8, 2024
Отличная кондитерская, все очень вкусно ,и радует что можно зайти попить латте с тортиком .
3
Hide business's response
Official responseOctober 9, 2024
Спасибо за ваш отклик","['5', '']","['5.0', '']","['1', '']","Анна Закирова
Level 7 Local Expert
Subscribe
October 8, 2024
Отличная кондитерская, все очень вкусно ,и радует что можно зайти попить латте с тортиком .
3
Show business's response",cf4875b0-874d-42d9-b844-497ff45c9481
"[None, 'Эльвира Сакаева']","['https://avatars.mds.yandex.net/get-yapic/43978/0g-3/islands-68', '']","[None, 'Эльвира Сакаева']",,"[None, 'July 16, 2021']","['2021-07-16T04:17:58.756Z', '']","Эльвира Сакаева
Level 11 Local Expert
Subscribe
July 16, 2021
Хорошее уютное местечко! Вкусные, разнообразные десерты, пироги, киши, чай. К сожалению, немного не дотягивает качество кофе. Приветливый персонал, симпатичный интерьер и приятная музыка сглаживают мелкие недостатки )))
1
1
Show business's response",False,"Эльвира Сакаева
Level 11 Local Expert
Subscribe
July 16, 2021
Хорошее уютное местечко! Вкусные, разнообразные десерты, пироги, киши, чай. К сожалению, немного не дотягивает качество кофе. Приветливый персонал, симпатичный интерьер и приятная музыка сглаживают мелкие недостатки )))
1
1
Show business's response","Эльвира Сакаева
Level 11 Local Expert
Subscribe
July 16, 2021
Хорошее уютное местечко! Вкусные, разнообразные десерты, пироги, киши, чай. К сожалению, немного не дотягивает качество кофе. Приветливый персонал, симпатичный интерьер и приятная музыка сглаживают мелкие недостатки )))
1
1
Hide business's response
Official responseFebruary 2, 2022
Добрый день! Благодарим Вас за высокую оценку нашей деятельности! Будем ждать Вас вновь!","Эльвира Сакаева
Level 11 Local Expert
Subscribe
July 16, 2021
Хорошее уютное местечко! Вкусные, разнообразные десерты, пироги, киши, чай. К сожалению, немного не дотягивает качество кофе. Приветливый персонал, симпатичный интерьер и приятная музыка сглаживают мелкие недостатки )))
1
1
Hide business's response
Official responseFebruary 2, 2022
Добрый день! Благодарим Вас за высокую оценку нашей деятельности! Будем ждать Вас вновь!","['5', '']","['5.0', '']","['1', '']","Эльвира Сакаева
Level 11 Local Expert
Subscribe
July 16, 2021
Хорошее уютное местечко! Вкусные, разнообразные десерты, пироги, киши, чай. К сожалению, немного не дотягивает качество кофе. Приветливый персонал, симпатичный интерьер и приятная музыка сглаживают мелкие недостатки )))
1
1
Show business's response",11210677-8025-45f6-88b6-f1d0a7dd2249
"[None, 'Марина К.']","['https://avatars.mds.yandex.net/get-yapic/30431/LLd4ixQWvGQ9JHlhztNYbE1XaBk-1/islands-68', '']","[None, 'Марина К.']",,"[None, 'June 2, 2023']","['2023-06-02T14:36:20.268Z', '']","Марина К.
Level 11 Local Expert
Subscribe
June 2, 2023
Очень вкусно 
Но всегда очереди 
Хотелось бы чуть быстрей обслуживание 
А тортики на высшем уровне, спасибо
1
Show business's response",False,"Марина К.
Level 11 Local Expert
Subscribe
June 2, 2023
Очень вкусно 
Но всегда очереди 
Хотелось бы чуть быстрей обслуживание 
А тортики на высшем уровне, спасибо
1
Show business's response","Марина К.
Level 11 Local Expert
Subscribe
June 2, 2023
Очень вкусно 
Но всегда очереди 
Хотелось бы чуть быстрей обслуживание 
А тортики на высшем уровне, спасибо
1
Hide business's response
Official responseJune 4, 2023
Добрый день! Марина, благодарим, что оценили! Конечно будем работать над сервисом обслуживания! Мы рады вам всегда 💕","Марина К.
Level 11 Local Expert
Subscribe
June 2, 2023
Очень вкусно 
Но всегда очереди 
Хотелось бы чуть быстрей обслуживание 
А тортики на высшем уровне, спасибо
1
Hide business's response
Official responseJune 4, 2023
Добрый день! Марина, благодарим, что оценили! Конечно будем работать над сервисом обслуживания! Мы рады вам всегда 💕","['5', '']","['5.0', '']","['1', '']","Марина К.
Level 11 Local Expert
Subscribe
June 2, 2023
Очень вкусно 
Но всегда очереди 
Хотелось бы чуть быстрей обслуживание 
А тортики на высшем уровне, спасибо
1
Show business's response",b53674df-670e-47a6-bddc-6e4165af870c
"[None, 'Я Анна']","['https://avatars.mds.yandex.net/get-yapic/64336/tHdrZbgh9WZa0HvhkGkdT9BThqY-1/islands-68', '']","[None, 'Я Анна']",,"[None, 'February 24, 2024']","['2024-02-24T11:54:34.749Z', '']","Я Анна
Level 14 Local Expert
Subscribe
February 24, 2024
Свежие вкусности: пирожные, торты, пироги собственного производства,- можно попробовать в кафе или купить на вынос.
1
Show business's response",False,"Я Анна
Level 14 Local Expert
Subscribe
February 24, 2024
Свежие вкусности: пирожные, торты, пироги собственного производства,- можно попробовать в кафе или купить на вынос.
1
Show business's response","Я Анна
Level 14 Local Expert
Subscribe
February 24, 2024
Свежие вкусности: пирожные, торты, пироги собственного производства,- можно попробовать в кафе или купить на вынос.
1
Hide business's response
Official responseFebruary 27, 2024
Спасибо за ваш отклик","Я Анна
Level 14 Local Expert
Subscribe
February 24, 2024
Свежие вкусности: пирожные, торты, пироги собственного производства,- можно попробовать в кафе или купить на вынос.
1
Hide business's response
Official responseFebruary 27, 2024
Спасибо за ваш отклик","['5', '']","['5.0', '']","['1', '']","Я Анна
Level 14 Local Expert
Subscribe
February 24, 2024
Свежие вкусности: пирожные, торты, пироги собственного производства,- можно попробовать в кафе или купить на вынос.
1
Show business's response",830b6d18-7089-417d-bac9-651474a21a67
"[None, 'Рыжая лиса']","['https://avatars.mds.yandex.net/get-yapic/43473/enc-0be4e190bf7458b0cab135617e4ee6a6f4f4d55df14f0cb010de000b765493b9/islands-68', '']","[None, 'Рыжая лиса']",,"[None, 'February 23, 2023']","['2023-02-23T14:28:35.932Z', '']","Рыжая лиса
Level 3 Local Expert
Subscribe
February 23, 2023
Ну ребята, я в жутком разочаровании,сделала для себя вывод,что кондитеры здесь никакие,несколько раз покупала так сказать выпечку, такого кошмара нигде не видела.Сегодня купила пирог сладкий,пока донесла в свой дом напротив он весь развалился,ну как такое на стол…
more
2
1
Show business's response",False,"Рыжая лиса
Level 3 Local Expert
Subscribe
February 23, 2023
Ну ребята, я в жутком разочаровании,сделала для себя вывод,что кондитеры здесь никакие,несколько раз покупала так сказать выпечку, такого кошмара нигде не видела.Сегодня купила пирог сладкий,пока донесла в свой дом напротив он весь развалился,ну как такое на стол…
more
2
1
Show business's response","Рыжая лиса
Level 3 Local Expert
Subscribe
February 23, 2023
Ну ребята, я в жутком разочаровании,сделала для себя вывод,что кондитеры здесь никакие,несколько раз покупала так сказать выпечку, такого кошмара нигде не видела.Сегодня купила пирог сладкий,пока донесла в свой дом напротив он весь развалился,ну как такое на стол…
more
2
1
Hide business's response
Official responseMarch 2, 2023
Добрый день! Приносим извинения за данную ситуацию и благодарим за обратную связь. Могли бы Вы уточнить дату и время посещения, а также контактные данные для связи с нашим руководителем?","Рыжая лиса
Level 3 Local Expert
Subscribe
February 23, 2023
Ну ребята, я в жутком разочаровании,сделала для себя вывод,что кондитеры здесь никакие,несколько раз покупала так сказать выпечку, такого кошмара нигде не видела.Сегодня купила пирог сладкий,пока донесла в свой дом напротив он весь развалился,ну как такое на стол…
more
2
1
Hide business's response
Official responseMarch 2, 2023
Добрый день! Приносим извинения за данную ситуацию и благодарим за обратную связь. Могли бы Вы уточнить дату и время посещения, а также контактные данные для связи с нашим руководителем?","['5', '']","['2.0', '']","['1', '']","Рыжая лиса
Level 3 Local Expert
Subscribe
February 23, 2023
Ну ребята, я в жутком разочаровании,сделала для себя вывод,что кондитеры здесь никакие,несколько раз покупала так сказать выпечку, такого кошмара нигде не видела.Сегодня купила пирог сладкий,пока донесла в свой дом напротив он весь развалился,ну как такое на стол…
more
2
1
Show business's response",c410c9c2-5c70-41b6-aed3-9d07fb28d88a
"[None, 'Каролина Алексанкина']","['https://avatars.mds.yandex.net/get-yapic/36777/0b-8/islands-68', '']","[None, 'Каролина Алексанкина']",,"[None, 'February 24']","['2026-02-24T17:06:15.172Z', '']","Каролина Алексанкина
Level 18 Local Expert
Subscribe
February 24
Уютное место для встречь, а вкусный кофе и лакомства - всегда приятное дополнение.
Show business's response",False,"Каролина Алексанкина
Level 18 Local Expert
Subscribe
February 24
Уютное место для встречь, а вкусный кофе и лакомства - всегда приятное дополнение.
Show business's response","Каролина Алексанкина
Level 18 Local Expert
Subscribe
February 24
Уютное место для встречь, а вкусный кофе и лакомства - всегда приятное дополнение.
Hide business's response
Official responseMarch 4
Благодарим за тёплые слова! Для нас большая радость знать, что вы остались довольны. Обязательно приходите к нам снова ❤️","Каролина Алексанкина
Level 18 Local Expert
Subscribe
February 24
Уютное место для встречь, а вкусный кофе и лакомства - всегда приятное дополнение.
Hide business's response
Official responseMarch 4
Благодарим за тёплые слова! Для нас большая радость знать, что вы остались довольны. Обязательно приходите к нам снова ❤️","['5', '']","['5.0', '']","['1', '']","Каролина Алексанкина
Level 18 Local Expert
Subscribe
February 24
Уютное место для встречь, а вкусный кофе и лакомства - всегда приятное дополнение.
Show business's response",be5359db-cfbf-4a09-8c9e-88d40e756428
"[None, 'Сергей']","['https://avatars.mds.yandex.net/get-yapic/59871/0y-5/islands-68', '']","[None, 'Сергей']",,"[None, 'July 27, 2025']","['2025-07-27T10:36:45.801Z', '']","Сергей
Level 11 Local Expert
Subscribe
July 27, 2025
Очень вкусные тортики, на День Рождения предоставляют скидку
3
Show business's response",False,"Сергей
Level 11 Local Expert
Subscribe
July 27, 2025
Очень вкусные тортики, на День Рождения предоставляют скидку
3
Show business's response","Сергей
Level 11 Local Expert
Subscribe
July 27, 2025
Очень вкусные тортики, на День Рождения предоставляют скидку
3
Hide business's response
Official responseJuly 28, 2025
Добрый день Сергей! Спасибо большое за Ваш отзыв! Мы очень рады, что Вам понравились наши тортики.
Отдельное спасибо за то, что отметили нашу скидку ко Дню Рождения! Мы рады делать приятные подарки нашим именинникам.
Будем рады видеть вас снова!","Сергей
Level 11 Local Expert
Subscribe
July 27, 2025
Очень вкусные тортики, на День Рождения предоставляют скидку
3
Hide business's response
Official responseJuly 28, 2025
Добрый день Сергей! Спасибо большое за Ваш отзыв! Мы очень рады, что Вам понравились наши тортики.
Отдельное спасибо за то, что отметили нашу скидку ко Дню Рождения! Мы рады делать приятные подарки нашим именинникам.
Будем рады видеть вас снова!","['5', '']","['5.0', '']","['1', '']","Сергей
Level 11 Local Expert
Subscribe
July 27, 2025
Очень вкусные тортики, на День Рождения предоставляют скидку
3
Show business's response",25edc5e8-db7c-41ed-8160-49b7b3f0e53a
"[None, 'Георгий Серебрич']","['https://avatars.mds.yandex.net/get-yapic/27274/yRSwN9YSm6t6303U239ak0UukQ-1/islands-68', '']","[None, 'Георгий Серебрич']",,"[None, 'July 13, 2023']","['2023-07-13T14:25:20.429Z', '']","Георгий Серебрич
Level 7 Local Expert
Subscribe
July 13, 2023
Самые вкусные пироженки. Кто еще не был стоит зайти. По ценам достаточно демократично.
При желании можно сразу же тут и отведать с чаем.
Show business's response",False,"Георгий Серебрич
Level 7 Local Expert
Subscribe
July 13, 2023
Самые вкусные пироженки. Кто еще не был стоит зайти. По ценам достаточно демократично.
При желании можно сразу же тут и отведать с чаем.
Show business's response","Георгий Серебрич
Level 7 Local Expert
Subscribe
July 13, 2023
Самые вкусные пироженки. Кто еще не был стоит зайти. По ценам достаточно демократично.
При желании можно сразу же тут и отведать с чаем.
Hide business's response
Official responseJuly 16, 2023
Спасибо за приятный отклик! Рады видеть Вас в наших кондитерских","Георгий Серебрич
Level 7 Local Expert
Subscribe
July 13, 2023
Самые вкусные пироженки. Кто еще не был стоит зайти. По ценам достаточно демократично.
При желании можно сразу же тут и отведать с чаем.
Hide business's response
Official responseJuly 16, 2023
Спасибо за приятный отклик! Рады видеть Вас в наших кондитерских","['5', '']","['5.0', '']","['1', '']","Георгий Серебрич
Level 7 Local Expert
Subscribe
July 13, 2023
Самые вкусные пироженки. Кто еще не был стоит зайти. По ценам достаточно демократично.
При желании можно сразу же тут и отведать с чаем.
Show business's response",7278e956-2bd7-4603-a4a5-3cf74e61c9e0
"[None, 'Ольга Тырцева']","['https://avatars.mds.yandex.net/get-yapic/65952/mWOb4fUloxT7SPg9JmmJDsqwHc-1/islands-68', '']","[None, 'Ольга Тырцева']",,"[None, 'November 4, 2022']","['2022-11-04T18:50:23.832Z', '']","Ольга Тырцева
Level 17 Local Expert
Subscribe
November 4, 2022
Вежливый персонал, всегда свежайшая и наивкуснейшая выпечка и кондитерские изделия! Корзиночки с белковым кремом, как в детстве. Спасибо, за качественную работу! Не один праздник не обходиться, без сладкого из Сант Оноре)
3
Show business's response",False,"Ольга Тырцева
Level 17 Local Expert
Subscribe
November 4, 2022
Вежливый персонал, всегда свежайшая и наивкуснейшая выпечка и кондитерские изделия! Корзиночки с белковым кремом, как в детстве. Спасибо, за качественную работу! Не один праздник не обходиться, без сладкого из Сант Оноре)
3
Show business's response","Ольга Тырцева
Level 17 Local Expert
Subscribe
November 4, 2022
Вежливый персонал, всегда свежайшая и наивкуснейшая выпечка и кондитерские изделия! Корзиночки с белковым кремом, как в детстве. Спасибо, за качественную работу! Не один праздник не обходиться, без сладкого из Сант Оноре)
3
Hide business's response
Official responseNovember 5, 2022
Ольга, добрый день! Искренне благодарим Вас за теплые слова - для нас это лучшая нарада! Мы продолжим радовать Вас нашими десертами! Всегда рады Вам, ждем вновь и вновь!!!","Ольга Тырцева
Level 17 Local Expert
Subscribe
November 4, 2022
Вежливый персонал, всегда свежайшая и наивкуснейшая выпечка и кондитерские изделия! Корзиночки с белковым кремом, как в детстве. Спасибо, за качественную работу! Не один праздник не обходиться, без сладкого из Сант Оноре)
3
Hide business's response
Official responseNovember 5, 2022
Ольга, добрый день! Искренне благодарим Вас за теплые слова - для нас это лучшая нарада! Мы продолжим радовать Вас нашими десертами! Всегда рады Вам, ждем вновь и вновь!!!","['5', '']","['5.0', '']","['1', '']","Ольга Тырцева
Level 17 Local Expert
Subscribe
November 4, 2022
Вежливый персонал, всегда свежайшая и наивкуснейшая выпечка и кондитерские изделия! Корзиночки с белковым кремом, как в детстве. Спасибо, за качественную работу! Не один праздник не обходиться, без сладкого из Сант Оноре)
3
Show business's response",98e7f67d-b2e3-4cba-9211-aff7efb6155a
"[None, 'Юрий Филимонов']","['https://avatars.mds.yandex.net/get-yapic/59871/0k-2/islands-68', '']","[None, 'Юрий Филимонов']",,"[None, 'October 23, 2025']","['2025-10-23T16:15:39.635Z', '']","Юрий Филимонов
Level 2 Local Expert
Subscribe
October 23, 2025
Персонал очень злой. Буклеты с рекламой 10%, именинникам, только на бумаге, в действительности не работает. Данное заведение не порекомендовал бы.
3
1
Show business's response",False,"Юрий Филимонов
Level 2 Local Expert
Subscribe
October 23, 2025
Персонал очень злой. Буклеты с рекламой 10%, именинникам, только на бумаге, в действительности не работает. Данное заведение не порекомендовал бы.
3
1
Show business's response","Юрий Филимонов
Level 2 Local Expert
Subscribe
October 23, 2025
Персонал очень злой. Буклеты с рекламой 10%, именинникам, только на бумаге, в действительности не работает. Данное заведение не порекомендовал бы.
3
1
Hide business's response
Official responseOctober 24, 2025
Юрий, добрый день! Спасибо за отзыв!Скидку мы предоставляем лично имениннику, как наш комплимент на его день рождения. Предоставляем скидку только при предъявлении документа. Вы можете оформить заказ на доставку и именинник при получении заказа предъявит документ. Приносим извинения за предоставленные неудобства.","Юрий Филимонов
Level 2 Local Expert
Subscribe
October 23, 2025
Персонал очень злой. Буклеты с рекламой 10%, именинникам, только на бумаге, в действительности не работает. Данное заведение не порекомендовал бы.
3
1
Hide business's response
Official responseOctober 24, 2025
Юрий, добрый день! Спасибо за отзыв!Скидку мы предоставляем лично имениннику, как наш комплимент на его день рождения. Предоставляем скидку только при предъявлении документа. Вы можете оформить заказ на доставку и именинник при получении заказа предъявит документ. Приносим извинения за предоставленные неудобства.","['5', '']","['1.0', '']","['1', '']","Юрий Филимонов
Level 2 Local Expert
Subscribe
October 23, 2025
Персонал очень злой. Буклеты с рекламой 10%, именинникам, только на бумаге, в действительности не работает. Данное заведение не порекомендовал бы.
3
1
Show business's response",a02aaaa2-e9cd-4324-8dd7-7c6202a54b22
"[None, 'Evgeniy Timiryaev']","['https://avatars.mds.yandex.net/get-yapic/63032/nwuiqezxJVLGzRKWssAjxwl4cc8-1/islands-68', '']","[None, 'Evgeniy Timiryaev']",,"[None, 'December 3, 2021']","['2021-12-03T09:18:08.724Z', '']","Evgeniy Timiryaev
Level 11 Local Expert
Subscribe
December 3, 2021
Отличное заведение, красивый интерьер, приятная музыка, приветливые девчата-кассиры, все очень вкусно и недорого. Можно с собой и на вынос, чай, кофе, сок, в основном десерты, но есть что и посытнее
3
Show business's response",False,"Evgeniy Timiryaev
Level 11 Local Expert
Subscribe
December 3, 2021
Отличное заведение, красивый интерьер, приятная музыка, приветливые девчата-кассиры, все очень вкусно и недорого. Можно с собой и на вынос, чай, кофе, сок, в основном десерты, но есть что и посытнее
3
Show business's response","Evgeniy Timiryaev
Level 11 Local Expert
Subscribe
December 3, 2021
Отличное заведение, красивый интерьер, приятная музыка, приветливые девчата-кассиры, все очень вкусно и недорого. Можно с собой и на вынос, чай, кофе, сок, в основном десерты, но есть что и посытнее
3
Hide business's response
Official responseFebruary 2, 2022
Добрый день! Благодарим Вас за высокую оценку нашей деятельности! Будем ждать Вас вновь!","Evgeniy Timiryaev
Level 11 Local Expert
Subscribe
December 3, 2021
Отличное заведение, красивый интерьер, приятная музыка, приветливые девчата-кассиры, все очень вкусно и недорого. Можно с собой и на вынос, чай, кофе, сок, в основном десерты, но есть что и посытнее
3
Hide business's response
Official responseFebruary 2, 2022
Добрый день! Благодарим Вас за высокую оценку нашей деятельности! Будем ждать Вас вновь!","['5', '']","['5.0', '']","['1', '']","Evgeniy Timiryaev
Level 11 Local Expert
Subscribe
December 3, 2021
Отличное заведение, красивый интерьер, приятная музыка, приветливые девчата-кассиры, все очень вкусно и недорого. Можно с собой и на вынос, чай, кофе, сок, в основном десерты, но есть что и посытнее
3
Show business's response",6d0d1c44-ff52-4fc8-8da7-3cad6f6e1bee
"[None, 'Инкогнито 9579']","['https://avatars.mds.yandex.net/get-yapic/45131/0y-4/islands-68', '']","[None, 'Инкогнито 9579']",,"[None, 'July 4, 2023']","['2023-07-04T16:26:00.496Z', '']","Инкогнито 9579
Level 9 Local Expert
Subscribe
July 4, 2023
Отличное место, чтобы выпить чашечку чая с пирожными. Богатый ассортимент. Вежливый персонал. Есть доставка.
Show business's response",False,"Инкогнито 9579
Level 9 Local Expert
Subscribe
July 4, 2023
Отличное место, чтобы выпить чашечку чая с пирожными. Богатый ассортимент. Вежливый персонал. Есть доставка.
Show business's response","Инкогнито 9579
Level 9 Local Expert
Subscribe
July 4, 2023
Отличное место, чтобы выпить чашечку чая с пирожными. Богатый ассортимент. Вежливый персонал. Есть доставка.
Hide business's response
Official responseJuly 7, 2023
Спасибо, что оценили! Рады видеть Вас в наших кондитерских","Инкогнито 9579
Level 9 Local Expert
Subscribe
July 4, 2023
Отличное место, чтобы выпить чашечку чая с пирожными. Богатый ассортимент. Вежливый персонал. Есть доставка.
Hide business's response
Official responseJuly 7, 2023
Спасибо, что оценили! Рады видеть Вас в наших кондитерских","['5', '']","['5.0', '']","['1', '']","Инкогнито 9579
Level 9 Local Expert
Subscribe
July 4, 2023
Отличное место, чтобы выпить чашечку чая с пирожными. Богатый ассортимент. Вежливый персонал. Есть доставка.
Show business's response",2962f306-196b-4920-aeec-baddf281d21c
"[None, 'Диана Воробьёва']","['https://avatars.mds.yandex.net/get-yapic/31804/0m-7/islands-68', '']","[None, 'Диана Воробьёва']",,"[None, 'February 7, 2023']","['2023-02-07T13:56:23.285Z', '']","Диана Воробьёва
Level 6 Local Expert
Subscribe
February 7, 2023
Местечко довольно приятное
Уютный интерьер, еда мне понравилась, персонал приветливый.. НО 
Когда я пришла в кафе, все столики были забиты грязными тарелками и их не…
more
3
Show business's response",False,"Диана Воробьёва
Level 6 Local Expert
Subscribe
February 7, 2023
Местечко довольно приятное
Уютный интерьер, еда мне понравилась, персонал приветливый.. НО 
Когда я пришла в кафе, все столики были забиты грязными тарелками и их не…
more
3
Show business's response","Диана Воробьёва
Level 6 Local Expert
Subscribe
February 7, 2023
Местечко довольно приятное
Уютный интерьер, еда мне понравилась, персонал приветливый.. НО 
Когда я пришла в кафе, все столики были забиты грязными тарелками и их не…
more
3
Hide business's response
Official responseFebruary 14, 2023
Добрый день, Диана! Благодарим Вас за обратную связь, ведь она помогает становится нам лучше! В планах добавить посадочные места","Диана Воробьёва
Level 6 Local Expert
Subscribe
February 7, 2023
Местечко довольно приятное
Уютный интерьер, еда мне понравилась, персонал приветливый.. НО 
Когда я пришла в кафе, все столики были забиты грязными тарелками и их не…
more
3
Hide business's response
Official responseFebruary 14, 2023
Добрый день, Диана! Благодарим Вас за обратную связь, ведь она помогает становится нам лучше! В планах добавить посадочные места","['5', '']","['3.0', '']","['1', '']","Диана Воробьёва
Level 6 Local Expert
Subscribe
February 7, 2023
Местечко довольно приятное
Уютный интерьер, еда мне понравилась, персонал приветливый.. НО 
Когда я пришла в кафе, все столики были забиты грязными тарелками и их не…
more
3
Show business's response",6d7b92d1-f1a4-4fa9-a4d4-f14881a65171
"[None, 'Алена Иванова']","['https://avatars.mds.yandex.net/get-yapic/63032/0k-5/islands-68', '']","[None, 'Алена Иванова']",,"[None, 'November 22, 2022']","['2022-11-21T19:08:03.190Z', '']","Алена Иванова
Level 4 Local Expert
Subscribe
November 22, 2022
Благодарю за клиенториенность! Всё мои потребности сегодня были закрыты. Торт я получила, вовремя. Изначально с доставкой у меня не заладилось, планировала сама забрать, но в силу семейных обстоятельств не получилось. Хочу выразить не только кондитерам, но и отдельную…
more
3
Show business's response",False,"Алена Иванова
Level 4 Local Expert
Subscribe
November 22, 2022
Благодарю за клиенториенность! Всё мои потребности сегодня были закрыты. Торт я получила, вовремя. Изначально с доставкой у меня не заладилось, планировала сама забрать, но в силу семейных обстоятельств не получилось. Хочу выразить не только кондитерам, но и отдельную…
more
3
Show business's response","Алена Иванова
Level 4 Local Expert
Subscribe
November 22, 2022
Благодарю за клиенториенность! Всё мои потребности сегодня были закрыты. Торт я получила, вовремя. Изначально с доставкой у меня не заладилось, планировала сама забрать, но в силу семейных обстоятельств не получилось. Хочу выразить не только кондитерам, но и отдельную…
more
3
Hide business's response
Official responseNovember 25, 2022
Добрый день, Алена! Благодарим Вас за столь подробную обратную связь, а также теплые слова в адрес нашего коллектива! Мы стараемся работать над недочетами, чтобы наши Гости получали только положительные эмоции! Всегда рады видеть Вас вновь!","Алена Иванова
Level 4 Local Expert
Subscribe
November 22, 2022
Благодарю за клиенториенность! Всё мои потребности сегодня были закрыты. Торт я получила, вовремя. Изначально с доставкой у меня не заладилось, планировала сама забрать, но в силу семейных обстоятельств не получилось. Хочу выразить не только кондитерам, но и отдельную…
more
3
Hide business's response
Official responseNovember 25, 2022
Добрый день, Алена! Благодарим Вас за столь подробную обратную связь, а также теплые слова в адрес нашего коллектива! Мы стараемся работать над недочетами, чтобы наши Гости получали только положительные эмоции! Всегда рады видеть Вас вновь!","['5', '']","['5.0', '']","['1', '']","Алена Иванова
Level 4 Local Expert
Subscribe
November 22, 2022
Благодарю за клиенториенность! Всё мои потребности сегодня были закрыты. Торт я получила, вовремя. Изначально с доставкой у меня не заладилось, планировала сама забрать, но в силу семейных обстоятельств не получилось. Хочу выразить не только кондитерам, но и отдельную…
more
3
Show business's response",c0a31ec8-8301-4960-b048-5ac22a4bfb71
"[None, 'Екатерина Бунина']","['https://avatars.mds.yandex.net/get-yapic/26311/0c-2/islands-68', '']","[None, 'Екатерина Бунина']",,"[None, 'May 15, 2023']","['2023-05-15T14:07:46.752Z', '']","Екатерина Бунина
Level 16 Local Expert
Subscribe
May 15, 2023
Очень нравится данное кафе и посидеть чай попить с вкусняшкой и с собой можно домой взять, особенно торт три молока!!!
3
Show business's response",False,"Екатерина Бунина
Level 16 Local Expert
Subscribe
May 15, 2023
Очень нравится данное кафе и посидеть чай попить с вкусняшкой и с собой можно домой взять, особенно торт три молока!!!
3
Show business's response","Екатерина Бунина
Level 16 Local Expert
Subscribe
May 15, 2023
Очень нравится данное кафе и посидеть чай попить с вкусняшкой и с собой можно домой взять, особенно торт три молока!!!
3
Hide business's response
Official responseMay 17, 2023
Спасибо за приятный отклик","Екатерина Бунина
Level 16 Local Expert
Subscribe
May 15, 2023
Очень нравится данное кафе и посидеть чай попить с вкусняшкой и с собой можно домой взять, особенно торт три молока!!!
3
Hide business's response
Official responseMay 17, 2023
Спасибо за приятный отклик","['5', '']","['5.0', '']","['1', '']","Екатерина Бунина
Level 16 Local Expert
Subscribe
May 15, 2023
Очень нравится данное кафе и посидеть чай попить с вкусняшкой и с собой можно домой взять, особенно торт три молока!!!
3
Show business's response",1ecc3480-e54a-4465-9c69-e48ee3736600
,"['https://avatars.mds.yandex.net/get-yapic/63032/q7KGSpHGRc7tnWAqEl9BHPFzU-1/islands-68', '']","[None, 'Алена']",,"[None, 'July 21, 2025']","['2025-07-21T06:02:18.887Z', '']","Алена
Level 12 Local Expert
July 21, 2025
Отличная кондитерская, торты всегда свежие, большой ассортимент. 
Есть кафе, можно перекусить на месте.
Show business's response",False,"Алена
Level 12 Local Expert
July 21, 2025
Отличная кондитерская, торты всегда свежие, большой ассортимент. 
Есть кафе, можно перекусить на месте.
Show business's response","Алена
Level 12 Local Expert
July 21, 2025
Отличная кондитерская, торты всегда свежие, большой ассортимент. 
Есть кафе, можно перекусить на месте.
Hide business's response
Official responseJuly 23, 2025
Добрый день Алена! Благодарим Вас за отзыв. Спасибо за выбор нашей кондитерской, и надеемся на новые встречи!","Алена
Level 12 Local Expert
July 21, 2025
Отличная кондитерская, торты всегда свежие, большой ассортимент. 
Есть кафе, можно перекусить на месте.
Hide business's response
Official responseJuly 23, 2025
Добрый день Алена! Благодарим Вас за отзыв. Спасибо за выбор нашей кондитерской, и надеемся на новые встречи!","['5', '']","['5.0', '']","['1', '']","Алена
Level 12 Local Expert
July 21, 2025
Отличная кондитерская, торты всегда свежие, большой ассортимент. 
Есть кафе, можно перекусить на месте.
Show business's response",38d8c9c4-7e6f-479a-833d-93553df888ab
"[None, 'Тамара']","['https://avatars.mds.yandex.net/get-yapic/43473/0IaG2uoZ9NUHjSVdLbCFnr2za8-1/islands-68', '']","[None, 'Тамара']",,"[None, 'August 25, 2023']","['2023-08-25T12:13:22.923Z', '']","Тамара
Level 20 Local Expert
Subscribe
August 25, 2023
Самые вкусные корзиночки и пирожное Павлова, в городе, другие пирожные тоже супер, но корзиночки это просто что то волшебное 💗любовь на всегда
1
Show business's response",False,"Тамара
Level 20 Local Expert
Subscribe
August 25, 2023
Самые вкусные корзиночки и пирожное Павлова, в городе, другие пирожные тоже супер, но корзиночки это просто что то волшебное 💗любовь на всегда
1
Show business's response","Тамара
Level 20 Local Expert
Subscribe
August 25, 2023
Самые вкусные корзиночки и пирожное Павлова, в городе, другие пирожные тоже супер, но корзиночки это просто что то волшебное 💗любовь на всегда
1
Hide business's response
Official responseAugust 31, 2023
Благодарим за ваш отзыв","Тамара
Level 20 Local Expert
Subscribe
August 25, 2023
Самые вкусные корзиночки и пирожное Павлова, в городе, другие пирожные тоже супер, но корзиночки это просто что то волшебное 💗любовь на всегда
1
Hide business's response
Official responseAugust 31, 2023
Благодарим за ваш отзыв","['5', '']","['5.0', '']","['1', '']","Тамара
Level 20 Local Expert
Subscribe
August 25, 2023
Самые вкусные корзиночки и пирожное Павлова, в городе, другие пирожные тоже супер, но корзиночки это просто что то волшебное 💗любовь на всегда
1
Show business's response",a2ceda49-76aa-467d-a82e-43a7616b596e
,"['https://avatars.mds.yandex.net/get-yapic/33202/n2oOL7Wgf9enqSW2YUiKt4LzSU-1/islands-68', '']","[None, 'Лена Б.']",,"[None, 'September 13, 2025']","['2025-09-12T21:48:51.786Z', '']","Лена Б.
Level 6 Local Expert
September 13, 2025
Часто ходим в эту кондитерскую, и каждый раз удивляюсь с продавцов насколько они не любят свою работу, но 11.09 мы пришли туда с малышом в 20:46 я заказала два эклера с собой, и средний кофе, эклеры мне швырнули как собаке, можете посмотреть по камерам, а кофе сделали в…
more
2
2
Show business's response",False,"Лена Б.
Level 6 Local Expert
September 13, 2025
Часто ходим в эту кондитерскую, и каждый раз удивляюсь с продавцов насколько они не любят свою работу, но 11.09 мы пришли туда с малышом в 20:46 я заказала два эклера с собой, и средний кофе, эклеры мне швырнули как собаке, можете посмотреть по камерам, а кофе сделали в…
more
2
2
Show business's response","Лена Б.
Level 6 Local Expert
September 13, 2025
Часто ходим в эту кондитерскую, и каждый раз удивляюсь с продавцов насколько они не любят свою работу, но 11.09 мы пришли туда с малышом в 20:46 я заказала два эклера с собой, и средний кофе, эклеры мне швырнули как собаке, можете посмотреть по камерам, а кофе сделали в…
more
2
2
Hide business's response
Official responseSeptember 15, 2025
Елена, добрый день! Спасибо за очень развернутый отзыв, нам очень важно видеть обратную связь от наших любимых гостей! В момент вашего посещения, на кассе работал стажер! Мы провели с ним беседу, но на кассе этот человек больше работать не будет! Мы приносим свои извинения! В качестве комплимента ждем вас на кружечку ароматного кофе и эклер!","Лена Б.
Level 6 Local Expert
September 13, 2025
Часто ходим в эту кондитерскую, и каждый раз удивляюсь с продавцов насколько они не любят свою работу, но 11.09 мы пришли туда с малышом в 20:46 я заказала два эклера с собой, и средний кофе, эклеры мне швырнули как собаке, можете посмотреть по камерам, а кофе сделали в…
more
2
2
Hide business's response
Official responseSeptember 15, 2025
Елена, добрый день! Спасибо за очень развернутый отзыв, нам очень важно видеть обратную связь от наших любимых гостей! В момент вашего посещения, на кассе работал стажер! Мы провели с ним беседу, но на кассе этот человек больше работать не будет! Мы приносим свои извинения! В качестве комплимента ждем вас на кружечку ароматного кофе и эклер!","['5', '']","['1.0', '']","['1', '']","Лена Б.
Level 6 Local Expert
September 13, 2025
Часто ходим в эту кондитерскую, и каждый раз удивляюсь с продавцов насколько они не любят свою работу, но 11.09 мы пришли туда с малышом в 20:46 я заказала два эклера с собой, и средний кофе, эклеры мне швырнули как собаке, можете посмотреть по камерам, а кофе сделали в…
more
2
2
Show business's response",7dd670ef-730a-4fbc-83b4-e88d4bf2115a
"[None, 'Лиана К.']","['https://avatars.mds.yandex.net/get-yapic/61207/PSOkF1h3otXdQVPonNZQeiIOf1A-1/islands-68', '']","[None, 'Лиана К.']",,"[None, 'March 25, 2024']","['2024-03-25T04:42:27.671Z', '']","Лиана К.
Level 4 Local Expert
Subscribe
March 25, 2024
Очень любим ваши тортики и пирожное! Шу- это что то бесподобное! При этом цены довольно адекватные! От ваших постоянных клиентов =)
3
Show business's response",False,"Лиана К.
Level 4 Local Expert
Subscribe
March 25, 2024
Очень любим ваши тортики и пирожное! Шу- это что то бесподобное! При этом цены довольно адекватные! От ваших постоянных клиентов =)
3
Show business's response","Лиана К.
Level 4 Local Expert
Subscribe
March 25, 2024
Очень любим ваши тортики и пирожное! Шу- это что то бесподобное! При этом цены довольно адекватные! От ваших постоянных клиентов =)
3
Hide business's response
Official responseApril 7, 2024
Спасибо за вашу оценку","Лиана К.
Level 4 Local Expert
Subscribe
March 25, 2024
Очень любим ваши тортики и пирожное! Шу- это что то бесподобное! При этом цены довольно адекватные! От ваших постоянных клиентов =)
3
Hide business's response
Official responseApril 7, 2024
Спасибо за вашу оценку","['5', '']","['5.0', '']","['1', '']","Лиана К.
Level 4 Local Expert
Subscribe
March 25, 2024
Очень любим ваши тортики и пирожное! Шу- это что то бесподобное! При этом цены довольно адекватные! От ваших постоянных клиентов =)
3
Show business's response",7d397ce5-71d0-4cf2-b224-bdfe7bac92f1
"[None, 'оксана калинчук']","['https://avatars.mds.yandex.net/get-yapic/53031/enc-c53a1ac00f0383d6222727123613aab6a6bd1c10d4da724b71b783c19451cfcc/islands-68', '']","[None, 'оксана калинчук']",,"[None, 'May 16, 2022']","['2022-05-16T15:37:32.284Z', '']","оксана калинчук
Level 12 Local Expert
Subscribe
May 16, 2022
Замечательная кондитерская! Восхитительный выбор тортов, пирожных и конечно же чая! Очень уютная и теплая атмосфера, доброжелательные работники. Очень рекомендую это заведение!
1
Show business's response",False,"оксана калинчук
Level 12 Local Expert
Subscribe
May 16, 2022
Замечательная кондитерская! Восхитительный выбор тортов, пирожных и конечно же чая! Очень уютная и теплая атмосфера, доброжелательные работники. Очень рекомендую это заведение!
1
Show business's response","оксана калинчук
Level 12 Local Expert
Subscribe
May 16, 2022
Замечательная кондитерская! Восхитительный выбор тортов, пирожных и конечно же чая! Очень уютная и теплая атмосфера, доброжелательные работники. Очень рекомендую это заведение!
1
Hide business's response
Official responseJune 15, 2022
Добрый день! Искренне благодарим Вас за тёплые слова! Такие слова - лучшая награда для нас! Мы будем продолжать радовать Вас ещё больше! Надеемся видеть Вас в качестве Гостя нашей кондитерской вновь и вновь!","оксана калинчук
Level 12 Local Expert
Subscribe
May 16, 2022
Замечательная кондитерская! Восхитительный выбор тортов, пирожных и конечно же чая! Очень уютная и теплая атмосфера, доброжелательные работники. Очень рекомендую это заведение!
1
Hide business's response
Official responseJune 15, 2022
Добрый день! Искренне благодарим Вас за тёплые слова! Такие слова - лучшая награда для нас! Мы будем продолжать радовать Вас ещё больше! Надеемся видеть Вас в качестве Гостя нашей кондитерской вновь и вновь!","['5', '']","['5.0', '']","['1', '']","оксана калинчук
Level 12 Local Expert
Subscribe
May 16, 2022
Замечательная кондитерская! Восхитительный выбор тортов, пирожных и конечно же чая! Очень уютная и теплая атмосфера, доброжелательные работники. Очень рекомендую это заведение!
1
Show business's response",60242d87-b7e2-46df-bb29-7c10109ade59
,"['https://avatars.mds.yandex.net/get-yapic/61207/0g-4/islands-68', '']","[None, 'Наталия']",,"[None, 'October 20, 2025']","['2025-10-20T13:07:51.844Z', '']","Наталия
Level 5 Local Expert
October 20, 2025
Сделали заказ на чизкейк, заранее, заказ приняли. В указанное время приехав за заказом, выяснилось, что нашего заказа нет, и кондитерская передала информацию оператором об этом. Операторы конечно же с нами не связались и данную информацию не передали. Было трудно…
more
4
2
Show business's response",False,"Наталия
Level 5 Local Expert
October 20, 2025
Сделали заказ на чизкейк, заранее, заказ приняли. В указанное время приехав за заказом, выяснилось, что нашего заказа нет, и кондитерская передала информацию оператором об этом. Операторы конечно же с нами не связались и данную информацию не передали. Было трудно…
more
4
2
Show business's response","Наталия
Level 5 Local Expert
October 20, 2025
Сделали заказ на чизкейк, заранее, заказ приняли. В указанное время приехав за заказом, выяснилось, что нашего заказа нет, и кондитерская передала информацию оператором об этом. Операторы конечно же с нами не связались и данную информацию не передали. Было трудно…
more
4
2
Hide business's response
Official responseOctober 22, 2025
Наталия, добрый день!Получив ваш отзыв, мы были глубоко расстроены произошедшей ситуацией. Мы провели тщательное расследование и выяснили, что наши операторы пытались с вами связаться, но к сожалению, безрезультатно!
Мы ценим доверие наших клиентов и дорожим каждым мнением. Именно поэтому предлагаем в качестве комплемента кружечку ароматного кофе с эклером! 
Еще раз приносим глубочайшие извинения за доставленные неудобства и гарантируем приложить максимум усилий, чтобы подобные случаи больше не повторялись.
Заранее спасибо за понимание и желаем хорошего настроения и приятных моментов впереди!","Наталия
Level 5 Local Expert
October 20, 2025
Сделали заказ на чизкейк, заранее, заказ приняли. В указанное время приехав за заказом, выяснилось, что нашего заказа нет, и кондитерская передала информацию оператором об этом. Операторы конечно же с нами не связались и данную информацию не передали. Было трудно…
more
4
2
Hide business's response
Official responseOctober 22, 2025
Наталия, добрый день!Получив ваш отзыв, мы были глубоко расстроены произошедшей ситуацией. Мы провели тщательное расследование и выяснили, что наши операторы пытались с вами связаться, но к сожалению, безрезультатно!
Мы ценим доверие наших клиентов и дорожим каждым мнением. Именно поэтому предлагаем в качестве комплемента кружечку ароматного кофе с эклером! 
Еще раз приносим глубочайшие извинения за доставленные неудобства и гарантируем приложить максимум усилий, чтобы подобные случаи больше не повторялись.
Заранее спасибо за понимание и желаем хорошего настроения и приятных моментов впереди!","['5', '']","['1.0', '']","['1', '']","Наталия
Level 5 Local Expert
October 20, 2025
Сделали заказ на чизкейк, заранее, заказ приняли. В указанное время приехав за заказом, выяснилось, что нашего заказа нет, и кондитерская передала информацию оператором об этом. Операторы конечно же с нами не связались и данную информацию не передали. Было трудно…
more
4
2
Show business's response",d1745a92-5959-49d8-acd7-d6935ce604da
"[None, 'Мария Субботина']","['https://avatars.mds.yandex.net/get-yapic/58107/0c-7/islands-68', '']","[None, 'Мария Субботина']",,"[None, 'November 6, 2022']","['2022-11-06T17:45:18.747Z', '']","Мария Субботина
Level 7 Local Expert
Subscribe
November 6, 2022
Отличное место, вкуснейшая выпечка, торты, пирожные из натуральных продуктов. Отзывчивый и внимательный персонал, доступные цены. Место пользуется популярностью, бывают очереди))
3
Show business's response",False,"Мария Субботина
Level 7 Local Expert
Subscribe
November 6, 2022
Отличное место, вкуснейшая выпечка, торты, пирожные из натуральных продуктов. Отзывчивый и внимательный персонал, доступные цены. Место пользуется популярностью, бывают очереди))
3
Show business's response","Мария Субботина
Level 7 Local Expert
Subscribe
November 6, 2022
Отличное место, вкуснейшая выпечка, торты, пирожные из натуральных продуктов. Отзывчивый и внимательный персонал, доступные цены. Место пользуется популярностью, бывают очереди))
3
Hide business's response
Official responseNovember 7, 2022
Доброго времени суток, Мария! Искренне благодарим Вас за теплые слова и высокую оценку нашего труда! Мы продолжим Вас радовать и дальше! Всегда ждем Вас вновь!","Мария Субботина
Level 7 Local Expert
Subscribe
November 6, 2022
Отличное место, вкуснейшая выпечка, торты, пирожные из натуральных продуктов. Отзывчивый и внимательный персонал, доступные цены. Место пользуется популярностью, бывают очереди))
3
Hide business's response
Official responseNovember 7, 2022
Доброго времени суток, Мария! Искренне благодарим Вас за теплые слова и высокую оценку нашего труда! Мы продолжим Вас радовать и дальше! Всегда ждем Вас вновь!","['5', '']","['5.0', '']","['1', '']","Мария Субботина
Level 7 Local Expert
Subscribe
November 6, 2022
Отличное место, вкуснейшая выпечка, торты, пирожные из натуральных продуктов. Отзывчивый и внимательный персонал, доступные цены. Место пользуется популярностью, бывают очереди))
3
Show business's response",30615945-3946-4981-ac58-96f840a72100
"[None, 'Инкогнито 9666']","['https://avatars.mds.yandex.net/get-yapic/51381/0h-7/islands-68', '']","[None, 'Инкогнито 9666']",,"[None, 'March 22, 2024']","['2024-03-22T11:34:20.865Z', '']","Инкогнито 9666
Level 2 Local Expert
Subscribe
March 22, 2024
Очень все вкусно. Я люблю сюда заходить. Уютная атмосфера. И можно спокойно позаниматься своими делами. Ребята готовят очень вкусно и цены оправдывают себя!🥰😍
1
Show business's response",False,"Инкогнито 9666
Level 2 Local Expert
Subscribe
March 22, 2024
Очень все вкусно. Я люблю сюда заходить. Уютная атмосфера. И можно спокойно позаниматься своими делами. Ребята готовят очень вкусно и цены оправдывают себя!🥰😍
1
Show business's response","Инкогнито 9666
Level 2 Local Expert
Subscribe
March 22, 2024
Очень все вкусно. Я люблю сюда заходить. Уютная атмосфера. И можно спокойно позаниматься своими делами. Ребята готовят очень вкусно и цены оправдывают себя!🥰😍
1
Hide business's response
Official responseApril 7, 2024
Спасибо за такой отзыв","Инкогнито 9666
Level 2 Local Expert
Subscribe
March 22, 2024
Очень все вкусно. Я люблю сюда заходить. Уютная атмосфера. И можно спокойно позаниматься своими делами. Ребята готовят очень вкусно и цены оправдывают себя!🥰😍
1
Hide business's response
Official responseApril 7, 2024
Спасибо за такой отзыв","['5', '']","['5.0', '']","['1', '']","Инкогнито 9666
Level 2 Local Expert
Subscribe
March 22, 2024
Очень все вкусно. Я люблю сюда заходить. Уютная атмосфера. И можно спокойно позаниматься своими делами. Ребята готовят очень вкусно и цены оправдывают себя!🥰😍
1
Show business's response",ba05d892-19a1-495c-bc26-e8015ae074e0
"[None, 'Полина Деменева']","['https://avatars.mds.yandex.net/get-yapic/57243/0g-5/islands-68', '']","[None, 'Полина Деменева']",,"[None, 'October 7, 2024']","['2024-10-07T14:46:45.565Z', '']","Полина Деменева
Level 6 Local Expert
Subscribe
October 7, 2024
Вкусные десерты и кофе, особенно раф три молока. И торт ""клубничный махито""
2
Show business's response",False,"Полина Деменева
Level 6 Local Expert
Subscribe
October 7, 2024
Вкусные десерты и кофе, особенно раф три молока. И торт ""клубничный махито""
2
Show business's response","Полина Деменева
Level 6 Local Expert
Subscribe
October 7, 2024
Вкусные десерты и кофе, особенно раф три молока. И торт ""клубничный махито""
2
Hide business's response
Official responseOctober 9, 2024
Спасибо за приятный отклик","Полина Деменева
Level 6 Local Expert
Subscribe
October 7, 2024
Вкусные десерты и кофе, особенно раф три молока. И торт ""клубничный махито""
2
Hide business's response
Official responseOctober 9, 2024
Спасибо за приятный отклик","['5', '']","['5.0', '']","['1', '']","Полина Деменева
Level 6 Local Expert
Subscribe
October 7, 2024
Вкусные десерты и кофе, особенно раф три молока. И торт ""клубничный махито""
2
Show business's response",a8ab0c2a-fc40-4ca4-b787-b909aa439e2d
"[None, 'наталья сажина-воинских']","['https://avatars.mds.yandex.net/get-yapic/57243/0u-5/islands-68', '']","[None, 'наталья сажина-воинских']",,"[None, 'January 15, 2022']","['2022-01-15T16:15:28.122Z', '']","наталья сажина-воинских
Level 8 Local Expert
Subscribe
January 15, 2022
Очень душевное спокойное место, с вкусной свежей выпечкой, восхитительными пироженками и самым натуральным чаем. Персонал очень вежливый и приветливый.
3
Show business's response",False,"наталья сажина-воинских
Level 8 Local Expert
Subscribe
January 15, 2022
Очень душевное спокойное место, с вкусной свежей выпечкой, восхитительными пироженками и самым натуральным чаем. Персонал очень вежливый и приветливый.
3
Show business's response","наталья сажина-воинских
Level 8 Local Expert
Subscribe
January 15, 2022
Очень душевное спокойное место, с вкусной свежей выпечкой, восхитительными пироженками и самым натуральным чаем. Персонал очень вежливый и приветливый.
3
Hide business's response
Official responseFebruary 2, 2022
Добрый день! Благодарим Вас за высокую оценку нашей деятельности! Будем ждать Вас вновь!","наталья сажина-воинских
Level 8 Local Expert
Subscribe
January 15, 2022
Очень душевное спокойное место, с вкусной свежей выпечкой, восхитительными пироженками и самым натуральным чаем. Персонал очень вежливый и приветливый.
3
Hide business's response
Official responseFebruary 2, 2022
Добрый день! Благодарим Вас за высокую оценку нашей деятельности! Будем ждать Вас вновь!","['5', '']","['5.0', '']","['1', '']","наталья сажина-воинских
Level 8 Local Expert
Subscribe
January 15, 2022
Очень душевное спокойное место, с вкусной свежей выпечкой, восхитительными пироженками и самым натуральным чаем. Персонал очень вежливый и приветливый.
3
Show business's response",76c5eb2a-350e-467b-9283-e3cab7ea72d0
"[None, 'Ситникова Олеся']","['https://avatars.mds.yandex.net/get-yapic/60687/QCu4VFT1qCJbnk8mxknlhvVJM6A-1/islands-68', '']","[None, 'Ситникова Олеся']",,"[None, 'July 19, 2022']","['2022-07-19T12:28:44.945Z', '']","Ситникова Олеся
Level 10 Local Expert
Subscribe
July 19, 2022
Хорошая кондитерская, отличное соотношение цены и качества, есть торты на любой кошелек, главное читать состав. Также понравилось, что есть бесплатная доставка и скидка ко дню рождения)
3
Show business's response",False,"Ситникова Олеся
Level 10 Local Expert
Subscribe
July 19, 2022
Хорошая кондитерская, отличное соотношение цены и качества, есть торты на любой кошелек, главное читать состав. Также понравилось, что есть бесплатная доставка и скидка ко дню рождения)
3
Show business's response","Ситникова Олеся
Level 10 Local Expert
Subscribe
July 19, 2022
Хорошая кондитерская, отличное соотношение цены и качества, есть торты на любой кошелек, главное читать состав. Также понравилось, что есть бесплатная доставка и скидка ко дню рождения)
3
Hide business's response
Official responseAugust 8, 2022
Благодарим за ваш отзыв","Ситникова Олеся
Level 10 Local Expert
Subscribe
July 19, 2022
Хорошая кондитерская, отличное соотношение цены и качества, есть торты на любой кошелек, главное читать состав. Также понравилось, что есть бесплатная доставка и скидка ко дню рождения)
3
Hide business's response
Official responseAugust 8, 2022
Благодарим за ваш отзыв","['5', '']","['5.0', '']","['1', '']","Ситникова Олеся
Level 10 Local Expert
Subscribe
July 19, 2022
Хорошая кондитерская, отличное соотношение цены и качества, есть торты на любой кошелек, главное читать состав. Также понравилось, что есть бесплатная доставка и скидка ко дню рождения)
3
Show business's response",301fcb73-4fba-41c5-b4ed-4f064bbd81a7
"[None, 'Александра']","['https://avatars.mds.yandex.net/get-yapic/68143/0s-4/islands-68', '']","[None, 'Александра']",,"[None, 'March 20, 2024']","['2024-03-20T15:16:56.587Z', '']","Александра
Level 4 Local Expert
Subscribe
March 20, 2024
Мое любимое кафе. Всегда приятно посидеть и насладиться любимым десертом. Очень вкусные пирожные. Торты на праздники покупаем только здесь
3
Show business's response",False,"Александра
Level 4 Local Expert
Subscribe
March 20, 2024
Мое любимое кафе. Всегда приятно посидеть и насладиться любимым десертом. Очень вкусные пирожные. Торты на праздники покупаем только здесь
3
Show business's response","Александра
Level 4 Local Expert
Subscribe
March 20, 2024
Мое любимое кафе. Всегда приятно посидеть и насладиться любимым десертом. Очень вкусные пирожные. Торты на праздники покупаем только здесь
3
Hide business's response
Official responseApril 7, 2024
Спасибо, что оценили","Александра
Level 4 Local Expert
Subscribe
March 20, 2024
Мое любимое кафе. Всегда приятно посидеть и насладиться любимым десертом. Очень вкусные пирожные. Торты на праздники покупаем только здесь
3
Hide business's response
Official responseApril 7, 2024
Спасибо, что оценили","['5', '']","['5.0', '']","['1', '']","Александра
Level 4 Local Expert
Subscribe
March 20, 2024
Мое любимое кафе. Всегда приятно посидеть и насладиться любимым десертом. Очень вкусные пирожные. Торты на праздники покупаем только здесь
3
Show business's response",51cc99e2-5542-4486-b981-16ca0212ae7f
"[None, 'Ксения Захарова']","['https://avatars.mds.yandex.net/get-yapic/68143/0g-8/islands-68', '']","[None, 'Ксения Захарова']",,"[None, 'July 5, 2023']","['2023-07-05T16:42:16.241Z', '']","Ксения Захарова
Level 5 Local Expert
Subscribe
July 5, 2023
Очень уютное кафе, просторное. Вкусный кофе по демократичной цене, выпечка и десерты на любой вкус,
3
Show business's response",False,"Ксения Захарова
Level 5 Local Expert
Subscribe
July 5, 2023
Очень уютное кафе, просторное. Вкусный кофе по демократичной цене, выпечка и десерты на любой вкус,
3
Show business's response","Ксения Захарова
Level 5 Local Expert
Subscribe
July 5, 2023
Очень уютное кафе, просторное. Вкусный кофе по демократичной цене, выпечка и десерты на любой вкус,
3
Hide business's response
Official responseJuly 7, 2023
Спасибо за приятный отклик! Мы стараемся для Вас!","Ксения Захарова
Level 5 Local Expert
Subscribe
July 5, 2023
Очень уютное кафе, просторное. Вкусный кофе по демократичной цене, выпечка и десерты на любой вкус,
3
Hide business's response
Official responseJuly 7, 2023
Спасибо за приятный отклик! Мы стараемся для Вас!","['5', '']","['5.0', '']","['1', '']","Ксения Захарова
Level 5 Local Expert
Subscribe
July 5, 2023
Очень уютное кафе, просторное. Вкусный кофе по демократичной цене, выпечка и десерты на любой вкус,
3
Show business's response",73e443e0-45a4-499f-ac74-e9a952d57a98
"[None, 'Алсу Рушманова']","['https://avatars.mds.yandex.net/get-yapic/36689/H2uMyXxRObu89N7BflkkJjOWrlM-1/islands-68', '']","[None, 'Алсу Рушманова']",,"[None, 'July 25, 2024']","['2024-07-25T13:04:58.075Z', '']","Алсу Рушманова
Level 7 Local Expert
Subscribe
July 25, 2024
Кофе очень вкусный. Как и десерты. Приятная обстановка. Дружелюбный персонал
Show business's response",False,"Алсу Рушманова
Level 7 Local Expert
Subscribe
July 25, 2024
Кофе очень вкусный. Как и десерты. Приятная обстановка. Дружелюбный персонал
Show business's response","Алсу Рушманова
Level 7 Local Expert
Subscribe
July 25, 2024
Кофе очень вкусный. Как и десерты. Приятная обстановка. Дружелюбный персонал
Hide business's response
Official responseAugust 5, 2024
Спасибо за приятный отклик","Алсу Рушманова
Level 7 Local Expert
Subscribe
July 25, 2024
Кофе очень вкусный. Как и десерты. Приятная обстановка. Дружелюбный персонал
Hide business's response
Official responseAugust 5, 2024
Спасибо за приятный отклик","['5', '']","['5.0', '']","['1', '']","Алсу Рушманова
Level 7 Local Expert
Subscribe
July 25, 2024
Кофе очень вкусный. Как и десерты. Приятная обстановка. Дружелюбный персонал
Show business's response",4a75308c-03e8-41e5-81e9-db02ddf73e48
"[None, 'Екатерина П']","['https://avatars.mds.yandex.net/get-yapic/43473/ERME7MetlOuatYlZzrCNnpSI-1/islands-68', '']","[None, 'Екатерина П']",,"[None, 'September 24, 2021']","['2021-09-23T21:56:42.259Z', '']","Екатерина П
Level 11 Local Expert
Subscribe
September 24, 2021
Вот такой ""сюрприз"", ввиде кусочка жёсткой пластамассы, попался в Кондитерской @sant_onore на Тихом Компроссе в кусочке торта. Хорошо, что он попался мне, а не дочке.
Тортик отдали, взамен деньги и другой десерт брать не стали…
more
2
1
Show business's response",False,"Екатерина П
Level 11 Local Expert
Subscribe
September 24, 2021
Вот такой ""сюрприз"", ввиде кусочка жёсткой пластамассы, попался в Кондитерской @sant_onore на Тихом Компроссе в кусочке торта. Хорошо, что он попался мне, а не дочке.
Тортик отдали, взамен деньги и другой десерт брать не стали…
more
2
1
Show business's response","Екатерина П
Level 11 Local Expert
Subscribe
September 24, 2021
Вот такой ""сюрприз"", ввиде кусочка жёсткой пластамассы, попался в Кондитерской @sant_onore на Тихом Компроссе в кусочке торта. Хорошо, что он попался мне, а не дочке.
Тортик отдали, взамен деньги и другой десерт брать не стали…
more
2
1
Hide business's response
Official responseFebruary 2, 2022
Добрый день! Для нас на первом, м месте стоит качество продукции, мы очень сожалеем, что совершили такую грубую ошибку! Приложим все усилия, чтоб больше не огорчать своих гостей.","Екатерина П
Level 11 Local Expert
Subscribe
September 24, 2021
Вот такой ""сюрприз"", ввиде кусочка жёсткой пластамассы, попался в Кондитерской @sant_onore на Тихом Компроссе в кусочке торта. Хорошо, что он попался мне, а не дочке.
Тортик отдали, взамен деньги и другой десерт брать не стали…
more
2
1
Hide business's response
Official responseFebruary 2, 2022
Добрый день! Для нас на первом, м месте стоит качество продукции, мы очень сожалеем, что совершили такую грубую ошибку! Приложим все усилия, чтоб больше не огорчать своих гостей.","['5', '']","['1.0', '']","['1', '']","Екатерина П
Level 11 Local Expert
Subscribe
September 24, 2021
Вот такой ""сюрприз"", ввиде кусочка жёсткой пластамассы, попался в Кондитерской @sant_onore на Тихом Компроссе в кусочке торта. Хорошо, что он попался мне, а не дочке.
Тортик отдали, взамен деньги и другой десерт брать не стали…
more
2
1
Show business's response",40ed43b9-f05d-42c4-850b-6501ee6bf37f
"[None, 'Кукла Ах']","['https://avatars.mds.yandex.net/get-yapic/63032/0k-5/islands-68', '']","[None, 'Кукла Ах']",,"[None, 'August 2, 2025']","['2025-08-02T16:20:04.801Z', '']","Кукла Ах
Level 3 Local Expert
Subscribe
August 2, 2025
Хорошее место очень вкусные пирожное и кофе))
1
Show business's response",False,"Кукла Ах
Level 3 Local Expert
Subscribe
August 2, 2025
Хорошее место очень вкусные пирожное и кофе))
1
Show business's response","Кукла Ах
Level 3 Local Expert
Subscribe
August 2, 2025
Хорошее место очень вкусные пирожное и кофе))
1
Hide business's response
Official responseAugust 4, 2025
Добрый день! Спасибо Вам большое за отзыв и тёплые слова. Нам очень приятно знать, что Вам понравилось. Мы всегда стараемся делать всё с душой, чтобы каждый гость чувствовал заботу и уют. Ждем Вас снова","Кукла Ах
Level 3 Local Expert
Subscribe
August 2, 2025
Хорошее место очень вкусные пирожное и кофе))
1
Hide business's response
Official responseAugust 4, 2025
Добрый день! Спасибо Вам большое за отзыв и тёплые слова. Нам очень приятно знать, что Вам понравилось. Мы всегда стараемся делать всё с душой, чтобы каждый гость чувствовал заботу и уют. Ждем Вас снова","['5', '']","['5.0', '']","['1', '']","Кукла Ах
Level 3 Local Expert
Subscribe
August 2, 2025
Хорошее место очень вкусные пирожное и кофе))
1
Show business's response",919da799-fc88-48e2-9f26-34296e247b9a
"[None, 'София Поздеева']",,"[None, 'София Поздеева']",,"[None, 'May 30, 2024']","['2024-05-30T06:59:04.556Z', '']","С
София Поздеева
Level 4 Local Expert
Subscribe
May 30, 2024
Очень вкусные тортики, выпечка, приветливый персонал, приятные цены
Show business's response",False,"С
София Поздеева
Level 4 Local Expert
Subscribe
May 30, 2024
Очень вкусные тортики, выпечка, приветливый персонал, приятные цены
Show business's response","С
София Поздеева
Level 4 Local Expert
Subscribe
May 30, 2024
Очень вкусные тортики, выпечка, приветливый персонал, приятные цены
Hide business's response
Official responseJune 5, 2024
Благодарим за ваш отзыв","С
София Поздеева
Level 4 Local Expert
Subscribe
May 30, 2024
Очень вкусные тортики, выпечка, приветливый персонал, приятные цены
Hide business's response
Official responseJune 5, 2024
Благодарим за ваш отзыв","['5', '']","['5.0', '']","['1', '']","С
София Поздеева
Level 4 Local Expert
Subscribe
May 30, 2024
Очень вкусные тортики, выпечка, приветливый персонал, приятные цены
Show business's response",57c44626-5688-4130-a5d0-9d4106e696f3
"[None, 'Елена Захарова']","['https://avatars.mds.yandex.net/get-yapic/21377/enc-2f5f5ae5fb69a1a2b1a466d5fb1411d4b5ea54e02f6c3a7c74a9b4320776e95a/islands-68', '']","[None, 'Елена Захарова']",,"[None, 'July 20, 2022']","['2022-07-20T15:54:38.003Z', '']","Елена Захарова
Level 20 Local Expert
Subscribe
July 20, 2022
Уютно, вкусно и красиво. Брали эклеры и все понравились. Широкий ассортимент эклеров. Торты и пирожные красивые, но не поупала. В следующий раз обязательно куплю. Советую👍
2
Show business's response",False,"Елена Захарова
Level 20 Local Expert
Subscribe
July 20, 2022
Уютно, вкусно и красиво. Брали эклеры и все понравились. Широкий ассортимент эклеров. Торты и пирожные красивые, но не поупала. В следующий раз обязательно куплю. Советую👍
2
Show business's response","Елена Захарова
Level 20 Local Expert
Subscribe
July 20, 2022
Уютно, вкусно и красиво. Брали эклеры и все понравились. Широкий ассортимент эклеров. Торты и пирожные красивые, но не поупала. В следующий раз обязательно куплю. Советую👍
2
Hide business's response
Official responseAugust 8, 2022
Спасибо, мы старались","Елена Захарова
Level 20 Local Expert
Subscribe
July 20, 2022
Уютно, вкусно и красиво. Брали эклеры и все понравились. Широкий ассортимент эклеров. Торты и пирожные красивые, но не поупала. В следующий раз обязательно куплю. Советую👍
2
Hide business's response
Official responseAugust 8, 2022
Спасибо, мы старались","['5', '']","['5.0', '']","['1', '']","Елена Захарова
Level 20 Local Expert
Subscribe
July 20, 2022
Уютно, вкусно и красиво. Брали эклеры и все понравились. Широкий ассортимент эклеров. Торты и пирожные красивые, но не поупала. В следующий раз обязательно куплю. Советую👍
2
Show business's response",dd50c546-b537-4f6a-9b25-ff66d0a405b6
"[None, 'Наталья Ми']","['https://avatars.mds.yandex.net/get-yapic/59871/0t-4/islands-68', '']","[None, 'Наталья Ми']",,"[None, 'July 8, 2025']","['2025-07-08T04:10:38.433Z', '']","Наталья Ми
Level 6 Local Expert
Subscribe
July 8, 2025
Вкусная выпечка, тортики, кофе с собой отвратительный
1
Show business's response",False,"Наталья Ми
Level 6 Local Expert
Subscribe
July 8, 2025
Вкусная выпечка, тортики, кофе с собой отвратительный
1
Show business's response","Наталья Ми
Level 6 Local Expert
Subscribe
July 8, 2025
Вкусная выпечка, тортики, кофе с собой отвратительный
1
Hide business's response
Official responseJuly 15, 2025
Добрый день Наталья! Спасибо за отзыв","Наталья Ми
Level 6 Local Expert
Subscribe
July 8, 2025
Вкусная выпечка, тортики, кофе с собой отвратительный
1
Hide business's response
Official responseJuly 15, 2025
Добрый день Наталья! Спасибо за отзыв","['5', '']","['4.0', '']","['1', '']","Наталья Ми
Level 6 Local Expert
Subscribe
July 8, 2025
Вкусная выпечка, тортики, кофе с собой отвратительный
1
Show business's response",cf945e74-db28-4c4a-8278-90a90a4c12b7
"[None, 'Марина Каримова']","['https://avatars.mds.yandex.net/get-yapic/45131/3jV1b7W0hgSkhYhvHc16CNPuQ-1/islands-68', '']","[None, 'Марина Каримова']",,"[None, 'April 10, 2023']","['2023-04-10T12:46:13.219Z', '']","Марина Каримова
Level 6 Local Expert
Subscribe
April 10, 2023
Брала лапшу с курицей. Очень много лука. Очень. После того как его вытащила, вкус блюда всё равно далек от 5 звёзд. Морсик вкусный. Столиков было много свободных, я заходила утром. В целом уютно.
Show business's response",False,"Марина Каримова
Level 6 Local Expert
Subscribe
April 10, 2023
Брала лапшу с курицей. Очень много лука. Очень. После того как его вытащила, вкус блюда всё равно далек от 5 звёзд. Морсик вкусный. Столиков было много свободных, я заходила утром. В целом уютно.
Show business's response","Марина Каримова
Level 6 Local Expert
Subscribe
April 10, 2023
Брала лапшу с курицей. Очень много лука. Очень. После того как его вытащила, вкус блюда всё равно далек от 5 звёзд. Морсик вкусный. Столиков было много свободных, я заходила утром. В целом уютно.
Hide business's response
Official responseApril 13, 2023
Марина, добрый день! Благодарим Вас за обратную связь. Мы обязательно проведем работу! Ждем вновь","Марина Каримова
Level 6 Local Expert
Subscribe
April 10, 2023
Брала лапшу с курицей. Очень много лука. Очень. После того как его вытащила, вкус блюда всё равно далек от 5 звёзд. Морсик вкусный. Столиков было много свободных, я заходила утром. В целом уютно.
Hide business's response
Official responseApril 13, 2023
Марина, добрый день! Благодарим Вас за обратную связь. Мы обязательно проведем работу! Ждем вновь","['5', '']","['4.0', '']","['1', '']","Марина Каримова
Level 6 Local Expert
Subscribe
April 10, 2023
Брала лапшу с курицей. Очень много лука. Очень. После того как его вытащила, вкус блюда всё равно далек от 5 звёзд. Морсик вкусный. Столиков было много свободных, я заходила утром. В целом уютно.
Show business's response",8de4e25d-c4c6-4afb-9001-3afe642d51e7
"[None, 'Ольга Д.']","['https://avatars.mds.yandex.net/get-yapic/61207/0h-9/islands-68', '']","[None, 'Ольга Д.']",,"[None, 'September 19, 2023']","['2023-09-19T15:08:49.303Z', '']","Ольга Д.
Level 4 Local Expert
Subscribe
September 19, 2023
Кафе классное, много народу. Очень вкусно. Но персонал забавный, орут на весь зал, чтобы забрали свои напитки 😄
Немного диковато выглядит, и весь антураж кафе идёт коту под хвост😕
3
1
Show business's response",False,"Ольга Д.
Level 4 Local Expert
Subscribe
September 19, 2023
Кафе классное, много народу. Очень вкусно. Но персонал забавный, орут на весь зал, чтобы забрали свои напитки 😄
Немного диковато выглядит, и весь антураж кафе идёт коту под хвост😕
3
1
Show business's response","Ольга Д.
Level 4 Local Expert
Subscribe
September 19, 2023
Кафе классное, много народу. Очень вкусно. Но персонал забавный, орут на весь зал, чтобы забрали свои напитки 😄
Немного диковато выглядит, и весь антураж кафе идёт коту под хвост😕
3
1
Hide business's response
Official responseSeptember 20, 2023
Спасибо за ваш отклик, проведем работу!","Ольга Д.
Level 4 Local Expert
Subscribe
September 19, 2023
Кафе классное, много народу. Очень вкусно. Но персонал забавный, орут на весь зал, чтобы забрали свои напитки 😄
Немного диковато выглядит, и весь антураж кафе идёт коту под хвост😕
3
1
Hide business's response
Official responseSeptember 20, 2023
Спасибо за ваш отклик, проведем работу!","['5', '']","['5.0', '']","['1', '']","Ольга Д.
Level 4 Local Expert
Subscribe
September 19, 2023
Кафе классное, много народу. Очень вкусно. Но персонал забавный, орут на весь зал, чтобы забрали свои напитки 😄
Немного диковато выглядит, и весь антураж кафе идёт коту под хвост😕
3
1
Show business's response",74478f1f-b218-4d1f-b398-963b4c1d1675
"[None, 'Анна Лазукова']","['https://avatars.mds.yandex.net/get-yapic/38663/0b-9/islands-68', '']","[None, 'Анна Лазукова']",,"[None, 'September 2, 2022']","['2022-09-02T11:28:50.633Z', '']","Анна Лазукова
Level 3 Local Expert
Subscribe
September 2, 2022
Заказала в данном кафе за сутки торт к 1 сентября и на палочках зефир . Позвонил менеджер согласовал все и сказал забирать только на пермской 22 , хотя нам удобнее на компросе , да ладно , в итоге 1 числа приезжает муж забрать заказ , он не собран , торта нет , никто не предупредил ,…
more
2
3
Show business's response",False,"Анна Лазукова
Level 3 Local Expert
Subscribe
September 2, 2022
Заказала в данном кафе за сутки торт к 1 сентября и на палочках зефир . Позвонил менеджер согласовал все и сказал забирать только на пермской 22 , хотя нам удобнее на компросе , да ладно , в итоге 1 числа приезжает муж забрать заказ , он не собран , торта нет , никто не предупредил ,…
more
2
3
Show business's response","Анна Лазукова
Level 3 Local Expert
Subscribe
September 2, 2022
Заказала в данном кафе за сутки торт к 1 сентября и на палочках зефир . Позвонил менеджер согласовал все и сказал забирать только на пермской 22 , хотя нам удобнее на компросе , да ладно , в итоге 1 числа приезжает муж забрать заказ , он не собран , торта нет , никто не предупредил ,…
more
2
3
Hide business's response
Official responseSeptember 16, 2022
Добрый день! Благодарим за обратную связь! Мы очень готовились к этому дню, выводили дополнительно людей, работали в три смены, но к сожалению так и не справились со спросом.
Приложим все усилия, чтоб на следующие Праздники тортиков хватило всем.
Приносим свои извинения, что огорчили вас и доставили неудобства.","Анна Лазукова
Level 3 Local Expert
Subscribe
September 2, 2022
Заказала в данном кафе за сутки торт к 1 сентября и на палочках зефир . Позвонил менеджер согласовал все и сказал забирать только на пермской 22 , хотя нам удобнее на компросе , да ладно , в итоге 1 числа приезжает муж забрать заказ , он не собран , торта нет , никто не предупредил ,…
more
2
3
Hide business's response
Official responseSeptember 16, 2022
Добрый день! Благодарим за обратную связь! Мы очень готовились к этому дню, выводили дополнительно людей, работали в три смены, но к сожалению так и не справились со спросом.
Приложим все усилия, чтоб на следующие Праздники тортиков хватило всем.
Приносим свои извинения, что огорчили вас и доставили неудобства.","['5', '']","['3.0', '']","['1', '']","Анна Лазукова
Level 3 Local Expert
Subscribe
September 2, 2022
Заказала в данном кафе за сутки торт к 1 сентября и на палочках зефир . Позвонил менеджер согласовал все и сказал забирать только на пермской 22 , хотя нам удобнее на компросе , да ладно , в итоге 1 числа приезжает муж забрать заказ , он не собран , торта нет , никто не предупредил ,…
more
2
3
Show business's response",23925099-4a61-4194-a8d2-a34288f325d2
"[None, 'Алена Чухнина']","['https://avatars.mds.yandex.net/get-yapic/40841/0f-2/islands-68', '']","[None, 'Алена Чухнина']",,"[None, 'February 3, 2024']","['2024-02-03T16:03:10.620Z', '']","Алена Чухнина
Level 3 Local Expert
Subscribe
February 3, 2024
Очень вкусно всё. Покупаем тортики и пирожные только там. Безумно вкусный торт три молока, за него отдельное спасибо ☺
Show business's response",False,"Алена Чухнина
Level 3 Local Expert
Subscribe
February 3, 2024
Очень вкусно всё. Покупаем тортики и пирожные только там. Безумно вкусный торт три молока, за него отдельное спасибо ☺
Show business's response","Алена Чухнина
Level 3 Local Expert
Subscribe
February 3, 2024
Очень вкусно всё. Покупаем тортики и пирожные только там. Безумно вкусный торт три молока, за него отдельное спасибо ☺
Hide business's response
Official responseFebruary 5, 2024
Благодарим за ваш отзыв","Алена Чухнина
Level 3 Local Expert
Subscribe
February 3, 2024
Очень вкусно всё. Покупаем тортики и пирожные только там. Безумно вкусный торт три молока, за него отдельное спасибо ☺
Hide business's response
Official responseFebruary 5, 2024
Благодарим за ваш отзыв","['5', '']","['5.0', '']","['1', '']","Алена Чухнина
Level 3 Local Expert
Subscribe
February 3, 2024
Очень вкусно всё. Покупаем тортики и пирожные только там. Безумно вкусный торт три молока, за него отдельное спасибо ☺
Show business's response",5737555f-4eda-4a9a-a53c-be79c022b57a
"[None, 'Евгений Резниченко']","['https://avatars.mds.yandex.net/get-yapic/47747/fBYaDPC6EyDfyxaqSW6foX9Mo-1/islands-68', '']","[None, 'Евгений Резниченко']",,"[None, 'December 31, 2021']","['2021-12-31T18:27:03.619Z', '']","Евгений Резниченко
Level 2 Local Expert
Subscribe
December 31, 2021
Сегодня посетил ваше замечательное заведение. Спасибо девочкам кассирам Дарье и Юлии , помогли, подсказали какой торт выбрать. Семья в восторге!! Обязательно посетим вас вновь. После нового года)))) будем рады попробовать и остальные вкусняшки)))
3
Show business's response",False,"Евгений Резниченко
Level 2 Local Expert
Subscribe
December 31, 2021
Сегодня посетил ваше замечательное заведение. Спасибо девочкам кассирам Дарье и Юлии , помогли, подсказали какой торт выбрать. Семья в восторге!! Обязательно посетим вас вновь. После нового года)))) будем рады попробовать и остальные вкусняшки)))
3
Show business's response","Евгений Резниченко
Level 2 Local Expert
Subscribe
December 31, 2021
Сегодня посетил ваше замечательное заведение. Спасибо девочкам кассирам Дарье и Юлии , помогли, подсказали какой торт выбрать. Семья в восторге!! Обязательно посетим вас вновь. После нового года)))) будем рады попробовать и остальные вкусняшки)))
3
Hide business's response
Official responseFebruary 2, 2022
Добрый день! Благодарим Вас за высокую оценку нашей деятельности! Будем ждать Вас вновь!","Евгений Резниченко
Level 2 Local Expert
Subscribe
December 31, 2021
Сегодня посетил ваше замечательное заведение. Спасибо девочкам кассирам Дарье и Юлии , помогли, подсказали какой торт выбрать. Семья в восторге!! Обязательно посетим вас вновь. После нового года)))) будем рады попробовать и остальные вкусняшки)))
3
Hide business's response
Official responseFebruary 2, 2022
Добрый день! Благодарим Вас за высокую оценку нашей деятельности! Будем ждать Вас вновь!","['5', '']","['5.0', '']","['1', '']","Евгений Резниченко
Level 2 Local Expert
Subscribe
December 31, 2021
Сегодня посетил ваше замечательное заведение. Спасибо девочкам кассирам Дарье и Юлии , помогли, подсказали какой торт выбрать. Семья в восторге!! Обязательно посетим вас вновь. После нового года)))) будем рады попробовать и остальные вкусняшки)))
3
Show business's response",d5a44d88-8381-4cc1-adbf-65a1a2c52e0c
"[None, '981416 Афонина']","['https://avatars.mds.yandex.net/get-yapic/69015/0t-5/islands-68', '']","[None, '981416 Афонина']",,"[None, 'September 4, 2024']","['2024-09-04T16:02:44.912Z', '']","981416 Афонина
Level 6 Local Expert
Subscribe
September 4, 2024
Обалденное местечко! Тортики и ппироженки пальчики оближешь! Все свеженькое вкусненькое!
3
1
Show business's response",False,"981416 Афонина
Level 6 Local Expert
Subscribe
September 4, 2024
Обалденное местечко! Тортики и ппироженки пальчики оближешь! Все свеженькое вкусненькое!
3
1
Show business's response","981416 Афонина
Level 6 Local Expert
Subscribe
September 4, 2024
Обалденное местечко! Тортики и ппироженки пальчики оближешь! Все свеженькое вкусненькое!
3
1
Hide business's response
Official responseSeptember 7, 2024
Спасибо за такой отзыв!","981416 Афонина
Level 6 Local Expert
Subscribe
September 4, 2024
Обалденное местечко! Тортики и ппироженки пальчики оближешь! Все свеженькое вкусненькое!
3
1
Hide business's response
Official responseSeptember 7, 2024
Спасибо за такой отзыв!","['5', '']","['5.0', '']","['1', '']","981416 Афонина
Level 6 Local Expert
Subscribe
September 4, 2024
Обалденное местечко! Тортики и ппироженки пальчики оближешь! Все свеженькое вкусненькое!
3
1
Show business's response",27bd1b4f-d4cf-4bd9-85ab-a26557ed7026
"[None, '188866 ярушина']","['https://avatars.mds.yandex.net/get-yapic/59871/0u-8/islands-68', '']","[None, '188866 ярушина']",,"[None, 'June 9, 2024']","['2024-06-09T15:37:32.834Z', '']","188866 ярушина
Level 11 Local Expert
Subscribe
June 9, 2024
Уютно, хороший интерьер, всегда приятно посетить проходя мимо, жаль не всегда есть свободные столики и цены на напитки как-то кусаются 🤔 ((((
1
Show business's response",False,"188866 ярушина
Level 11 Local Expert
Subscribe
June 9, 2024
Уютно, хороший интерьер, всегда приятно посетить проходя мимо, жаль не всегда есть свободные столики и цены на напитки как-то кусаются 🤔 ((((
1
Show business's response","188866 ярушина
Level 11 Local Expert
Subscribe
June 9, 2024
Уютно, хороший интерьер, всегда приятно посетить проходя мимо, жаль не всегда есть свободные столики и цены на напитки как-то кусаются 🤔 ((((
1
Hide business's response
Official responseJune 14, 2024
Благодарим за ваш отзыв, учтем замечание","188866 ярушина
Level 11 Local Expert
Subscribe
June 9, 2024
Уютно, хороший интерьер, всегда приятно посетить проходя мимо, жаль не всегда есть свободные столики и цены на напитки как-то кусаются 🤔 ((((
1
Hide business's response
Official responseJune 14, 2024
Благодарим за ваш отзыв, учтем замечание","['5', '']","['5.0', '']","['1', '']","188866 ярушина
Level 11 Local Expert
Subscribe
June 9, 2024
Уютно, хороший интерьер, всегда приятно посетить проходя мимо, жаль не всегда есть свободные столики и цены на напитки как-то кусаются 🤔 ((((
1
Show business's response",43026c58-d3b3-46a7-81ec-9279a7efa535
"[None, 'Наталья Шубина']","['https://avatars.mds.yandex.net/get-yapic/57243/H0ZVnQ9U6jEhBB5ynZNC8IDcR8-1/islands-68', '']","[None, 'Наталья Шубина']",,"[None, 'June 1, 2022']","['2022-06-01T13:19:51.852Z', '']","Наталья Шубина
Level 7 Local Expert
Subscribe
June 1, 2022
Кафе очень нравится ! Большой выбор десертов! Всё очень вкусное. Цены приемлимые. Вежливый персонал и уютная обстановка чтобы попить кофе.
4
Show business's response",False,"Наталья Шубина
Level 7 Local Expert
Subscribe
June 1, 2022
Кафе очень нравится ! Большой выбор десертов! Всё очень вкусное. Цены приемлимые. Вежливый персонал и уютная обстановка чтобы попить кофе.
4
Show business's response","Наталья Шубина
Level 7 Local Expert
Subscribe
June 1, 2022
Кафе очень нравится ! Большой выбор десертов! Всё очень вкусное. Цены приемлимые. Вежливый персонал и уютная обстановка чтобы попить кофе.
4
Hide business's response
Official responseJune 15, 2022
Добрый день! Искренне благодарим Вас за тёплые слова! Такие слова - лучшая награда для нас! Мы будем продолжать радовать Вас ещё больше! Надеемся видеть Вас в качестве нашего Гостя вновь и вновь!","Наталья Шубина
Level 7 Local Expert
Subscribe
June 1, 2022
Кафе очень нравится ! Большой выбор десертов! Всё очень вкусное. Цены приемлимые. Вежливый персонал и уютная обстановка чтобы попить кофе.
4
Hide business's response
Official responseJune 15, 2022
Добрый день! Искренне благодарим Вас за тёплые слова! Такие слова - лучшая награда для нас! Мы будем продолжать радовать Вас ещё больше! Надеемся видеть Вас в качестве нашего Гостя вновь и вновь!","['5', '']","['5.0', '']","['1', '']","Наталья Шубина
Level 7 Local Expert
Subscribe
June 1, 2022
Кафе очень нравится ! Большой выбор десертов! Всё очень вкусное. Цены приемлимые. Вежливый персонал и уютная обстановка чтобы попить кофе.
4
Show business's response",18963d00-b0d0-4c5f-a40b-f2e817f29d5a
"[None, 'Татьяна']","['https://avatars.mds.yandex.net/get-yapic/25358/0d-8/islands-68', '']","[None, 'Татьяна']",,"[None, 'January 24']","['2026-01-24T11:53:30.453Z', '']","Татьяна
Level 3 Local Expert
Subscribe
January 24
Очень замечательное и уютное место👍 Всё самое вкусное ❤️
1
Show business's response",False,"Татьяна
Level 3 Local Expert
Subscribe
January 24
Очень замечательное и уютное место👍 Всё самое вкусное ❤️
1
Show business's response","Татьяна
Level 3 Local Expert
Subscribe
January 24
Очень замечательное и уютное место👍 Всё самое вкусное ❤️
1
Hide business's response
Official responseJanuary 25
Татьяна, добрый день!Спасибо большое за вашу прекрасную оценку! Так приятно слышать, что вам понравилось у нас, и вы почувствовали уют и тепло нашего заведения. Будем рады видеть вас снова и снова радовать вкусными блюдами и гостеприимством!","Татьяна
Level 3 Local Expert
Subscribe
January 24
Очень замечательное и уютное место👍 Всё самое вкусное ❤️
1
Hide business's response
Official responseJanuary 25
Татьяна, добрый день!Спасибо большое за вашу прекрасную оценку! Так приятно слышать, что вам понравилось у нас, и вы почувствовали уют и тепло нашего заведения. Будем рады видеть вас снова и снова радовать вкусными блюдами и гостеприимством!","['5', '']","['5.0', '']","['1', '']","Татьяна
Level 3 Local Expert
Subscribe
January 24
Очень замечательное и уютное место👍 Всё самое вкусное ❤️
1
Show business's response",91d1b673-1cef-4732-8e5a-1d992ce4bdb7
,"['https://avatars.mds.yandex.net/get-yapic/15430/rDhCpsj92vt3KBYgqpXj6MQKyqY-1/islands-68', '']","[None, 'Анастасия Донских']",,"[None, 'May 30, 2024']","['2024-05-30T11:16:15.710Z', '']","Анастасия Донских
Level 19 Local Expert
May 30, 2024
Очень вкусно, свежие продукты, салаты, супы, вторые блюда! стараюсь обедать в этом месте, очень нравится, центр города. Уютно и вежливый персонал!
1
Show business's response",False,"Анастасия Донских
Level 19 Local Expert
May 30, 2024
Очень вкусно, свежие продукты, салаты, супы, вторые блюда! стараюсь обедать в этом месте, очень нравится, центр города. Уютно и вежливый персонал!
1
Show business's response","Анастасия Донских
Level 19 Local Expert
May 30, 2024
Очень вкусно, свежие продукты, салаты, супы, вторые блюда! стараюсь обедать в этом месте, очень нравится, центр города. Уютно и вежливый персонал!
1
Hide business's response
Official responseJune 5, 2024
Спасибо за такой отзыв","Анастасия Донских
Level 19 Local Expert
May 30, 2024
Очень вкусно, свежие продукты, салаты, супы, вторые блюда! стараюсь обедать в этом месте, очень нравится, центр города. Уютно и вежливый персонал!
1
Hide business's response
Official responseJune 5, 2024
Спасибо за такой отзыв","['5', '']","['5.0', '']","['1', '']","Анастасия Донских
Level 19 Local Expert
May 30, 2024
Очень вкусно, свежие продукты, салаты, супы, вторые блюда! стараюсь обедать в этом месте, очень нравится, центр города. Уютно и вежливый персонал!
1
Show business's response",52506e25-e156-4826-acbc-55ac06ad2ccb
"[None, 'Екатерина🤨']","['https://avatars.mds.yandex.net/get-yapic/65952/lfZXL5zFnzDM9L7nC9M96MqGd0-1/islands-68', '']","[None, 'Екатерина🤨']",,"[None, 'October 24, 2023']","['2023-10-24T15:17:18.762Z', '']","Екатерина🤨
Level 8 Local Expert
Subscribe
October 24, 2023
Уютное место, приятная фоновая музыка,выпить горячего чаю со свежими пирожными с видом на тихий компрос
2
Show business's response",False,"Екатерина🤨
Level 8 Local Expert
Subscribe
October 24, 2023
Уютное место, приятная фоновая музыка,выпить горячего чаю со свежими пирожными с видом на тихий компрос
2
Show business's response","Екатерина🤨
Level 8 Local Expert
Subscribe
October 24, 2023
Уютное место, приятная фоновая музыка,выпить горячего чаю со свежими пирожными с видом на тихий компрос
2
Hide business's response
Official responseOctober 30, 2023
Спасибо за приятный отзыв","Екатерина🤨
Level 8 Local Expert
Subscribe
October 24, 2023
Уютное место, приятная фоновая музыка,выпить горячего чаю со свежими пирожными с видом на тихий компрос
2
Hide business's response
Official responseOctober 30, 2023
Спасибо за приятный отзыв","['5', '']","['5.0', '']","['1', '']","Екатерина🤨
Level 8 Local Expert
Subscribe
October 24, 2023
Уютное место, приятная фоновая музыка,выпить горячего чаю со свежими пирожными с видом на тихий компрос
2
Show business's response",432e22dc-0f9e-4d35-9a2e-62ae326e678d
"[None, 'Екатерина И.']","['https://avatars.mds.yandex.net/get-yapic/51169/a9VhLDT9C1DcJRPdHwLOtjcVEMw-1/islands-68', '']","[None, 'Екатерина И.']",,"[None, 'March 18, 2024']","['2024-03-18T16:59:23.771Z', '']","Екатерина И.
Level 4 Local Expert
Subscribe
March 18, 2024
Очень вкусное маршмелоу. И вообще всегда вкусные тортики. Очень любим маковое поле и три шоколада
Show business's response",False,"Екатерина И.
Level 4 Local Expert
Subscribe
March 18, 2024
Очень вкусное маршмелоу. И вообще всегда вкусные тортики. Очень любим маковое поле и три шоколада
Show business's response","Екатерина И.
Level 4 Local Expert
Subscribe
March 18, 2024
Очень вкусное маршмелоу. И вообще всегда вкусные тортики. Очень любим маковое поле и три шоколада
Hide business's response
Official responseMarch 22, 2024
Спасибо, мы старались","Екатерина И.
Level 4 Local Expert
Subscribe
March 18, 2024
Очень вкусное маршмелоу. И вообще всегда вкусные тортики. Очень любим маковое поле и три шоколада
Hide business's response
Official responseMarch 22, 2024
Спасибо, мы старались","['5', '']","['5.0', '']","['1', '']","Екатерина И.
Level 4 Local Expert
Subscribe
March 18, 2024
Очень вкусное маршмелоу. И вообще всегда вкусные тортики. Очень любим маковое поле и три шоколада
Show business's response",acf00822-a07c-45b4-9e28-8b4aeb1ee531
"[None, 'Михаил Грек']","['https://avatars.mds.yandex.net/get-yapic/30061/06pvjg6G25U3uM3q3RpnEBZU0-1/islands-68', '']","[None, 'Михаил Грек']",,"[None, 'December 20, 2025']","['2025-12-20T08:48:25.913Z', '']","Михаил Грек
Level 21 Local Expert
Subscribe
December 20, 2025
Очень уютно, вкусно!!! Торты просто супер!!!
1
Show business's response",False,"Михаил Грек
Level 21 Local Expert
Subscribe
December 20, 2025
Очень уютно, вкусно!!! Торты просто супер!!!
1
Show business's response","Михаил Грек
Level 21 Local Expert
Subscribe
December 20, 2025
Очень уютно, вкусно!!! Торты просто супер!!!
1
Hide business's response
Official responseDecember 21, 2025
Михаил, добрый день! Огромное спасибо за теплый отзыв и добрые слова! Мы очень рады, что смогли подарить вам приятные впечатления и зарядить хорошим настроением. Будем стараться поддерживать высокий уровень сервиса и радовать вас новым вкусом и качеством наших изделий. Приглашаем заглянуть к нам снова и попробовать что-то новое!","Михаил Грек
Level 21 Local Expert
Subscribe
December 20, 2025
Очень уютно, вкусно!!! Торты просто супер!!!
1
Hide business's response
Official responseDecember 21, 2025
Михаил, добрый день! Огромное спасибо за теплый отзыв и добрые слова! Мы очень рады, что смогли подарить вам приятные впечатления и зарядить хорошим настроением. Будем стараться поддерживать высокий уровень сервиса и радовать вас новым вкусом и качеством наших изделий. Приглашаем заглянуть к нам снова и попробовать что-то новое!","['5', '']","['5.0', '']","['1', '']","Михаил Грек
Level 21 Local Expert
Subscribe
December 20, 2025
Очень уютно, вкусно!!! Торты просто супер!!!
1
Show business's response",b6ca8683-deb2-4097-a756-48c25b901625
"[None, 'Михаил Бездомников']","['https://avatars.mds.yandex.net/get-yapic/15298/enc-88c61ef6aed5528f5ae557ad62d37d1f/islands-68', '']","[None, 'Михаил Бездомников']",,"[None, 'August 21, 2023']","['2023-08-21T15:38:52.781Z', '']","Михаил Бездомников
Level 5 Local Expert
Subscribe
August 21, 2023
Персонал, расположение, атмосфера, предлагаемые услуги, ценовая политика - всё на мой вкус на высшем уровне. Буду посещать данное заведение и впредь.
3
Show business's response",False,"Михаил Бездомников
Level 5 Local Expert
Subscribe
August 21, 2023
Персонал, расположение, атмосфера, предлагаемые услуги, ценовая политика - всё на мой вкус на высшем уровне. Буду посещать данное заведение и впредь.
3
Show business's response","Михаил Бездомников
Level 5 Local Expert
Subscribe
August 21, 2023
Персонал, расположение, атмосфера, предлагаемые услуги, ценовая политика - всё на мой вкус на высшем уровне. Буду посещать данное заведение и впредь.
3
Hide business's response
Official responseAugust 31, 2023
Спасибо, мы старались","Михаил Бездомников
Level 5 Local Expert
Subscribe
August 21, 2023
Персонал, расположение, атмосфера, предлагаемые услуги, ценовая политика - всё на мой вкус на высшем уровне. Буду посещать данное заведение и впредь.
3
Hide business's response
Official responseAugust 31, 2023
Спасибо, мы старались","['5', '']","['5.0', '']","['1', '']","Михаил Бездомников
Level 5 Local Expert
Subscribe
August 21, 2023
Персонал, расположение, атмосфера, предлагаемые услуги, ценовая политика - всё на мой вкус на высшем уровне. Буду посещать данное заведение и впредь.
3
Show business's response",aacf2c63-5dfc-4211-ba97-a5f631f9f77b
,"['https://avatars.mds.yandex.net/get-yapic/51381/Uk4BVE9gEmoaYgDrgAG4YtffnAw-1/islands-68', '']","[None, 'Лариса Каюмова']",,"[None, 'January 15']","['2026-01-15T15:29:20.307Z', '']","Лариса Каюмова
Level 3 Local Expert
January 15
Быстро ! Вкусно ! Недорого (средний ценник ) ! Большой ассортимент всяких вкусняшек ! Очень удобная кондитерская ... как для перекуса по пути , а так же подойдёт и для встреч со знакомыми ! Рекомендую 👍👍👍👍👍 !!!
Show business's response",False,"Лариса Каюмова
Level 3 Local Expert
January 15
Быстро ! Вкусно ! Недорого (средний ценник ) ! Большой ассортимент всяких вкусняшек ! Очень удобная кондитерская ... как для перекуса по пути , а так же подойдёт и для встреч со знакомыми ! Рекомендую 👍👍👍👍👍 !!!
Show business's response","Лариса Каюмова
Level 3 Local Expert
January 15
Быстро ! Вкусно ! Недорого (средний ценник ) ! Большой ассортимент всяких вкусняшек ! Очень удобная кондитерская ... как для перекуса по пути , а так же подойдёт и для встреч со знакомыми ! Рекомендую 👍👍👍👍👍 !!!
Hide business's response
Official responseJanuary 19
Лариса, добрый день!Огромное спасибо за ваш положительный отзыв! Мы рады, что смогли порадовать вас быстротой обслуживания, вкусной продукцией и приемлемыми ценами. Приятно осознавать, что наша кондитерская стала удобным местом не только для быстрого перекуса, но и для уютных встреч с друзьями и близкими.
Ваше одобрение вдохновляет нас двигаться вперед и развиваться дальше, стремясь превзойти ожидания наших гостей. Пусть каждая ваша встреча в нашем заведении будет приятной и незабываемой!
Благодарим за рекомендацию и ждем вас снова!","Лариса Каюмова
Level 3 Local Expert
January 15
Быстро ! Вкусно ! Недорого (средний ценник ) ! Большой ассортимент всяких вкусняшек ! Очень удобная кондитерская ... как для перекуса по пути , а так же подойдёт и для встреч со знакомыми ! Рекомендую 👍👍👍👍👍 !!!
Hide business's response
Official responseJanuary 19
Лариса, добрый день!Огромное спасибо за ваш положительный отзыв! Мы рады, что смогли порадовать вас быстротой обслуживания, вкусной продукцией и приемлемыми ценами. Приятно осознавать, что наша кондитерская стала удобным местом не только для быстрого перекуса, но и для уютных встреч с друзьями и близкими.
Ваше одобрение вдохновляет нас двигаться вперед и развиваться дальше, стремясь превзойти ожидания наших гостей. Пусть каждая ваша встреча в нашем заведении будет приятной и незабываемой!
Благодарим за рекомендацию и ждем вас снова!","['5', '']","['5.0', '']","['1', '']","Лариса Каюмова
Level 3 Local Expert
January 15
Быстро ! Вкусно ! Недорого (средний ценник ) ! Большой ассортимент всяких вкусняшек ! Очень удобная кондитерская ... как для перекуса по пути , а так же подойдёт и для встреч со знакомыми ! Рекомендую 👍👍👍👍👍 !!!
Show business's response",e3057999-0242-4962-85c4-bd2a6de92723
"[None, 'Максим Ахмаров']","['https://avatars.mds.yandex.net/get-yapic/30955/2HGZ1TLokf9lHaHYXZnB6VP60GE-1/islands-68', '']","[None, 'Максим Ахмаров']",,"[None, 'November 6, 2025']","['2025-11-06T10:57:53.095Z', '']","Максим Ахмаров
Level 16 Local Expert
Subscribe
November 6, 2025
Вкусные торты. Не плохая программа лояльности
Show business's response",False,"Максим Ахмаров
Level 16 Local Expert
Subscribe
November 6, 2025
Вкусные торты. Не плохая программа лояльности
Show business's response","Максим Ахмаров
Level 16 Local Expert
Subscribe
November 6, 2025
Вкусные торты. Не плохая программа лояльности
Hide business's response
Official responseNovember 8, 2025
Максим, добрый день! Благодарим вас за тёплый отзыв и уделённое внимание нашему заведению! Ваши слова поддержки вдохновляют нашу команду ежедневно улучшать качество продуктов и сервиса. Приятно осознавать, что выбранные вами десерты оправдали ожидания, оставив приятное впечатление.
Программа лояльности создана специально для удобства наших постоянных гостей, позволяя наслаждаться любимым вкусом ещё приятнее благодаря специальным условиям и акциям. Ваша оценка мотивирует нас двигаться вперёд и предлагать всё больше возможностей для комфортного посещения нашего заведения.
Будьте уверены, что наша команда постоянно работает над совершенствованием ассортимента и сервисом обслуживания, стремясь сделать каждую покупку особенной и запоминающейся. Надеемся, что вы будете возвращаться к нам вновь и вновь, открывая новые вкусы и наслаждаясь любимой атмосферой домашнего уюта.
Ещё раз искренне признательны за оставленный отзыв и желаем вам приятных моментов и хорошего настроения!","Максим Ахмаров
Level 16 Local Expert
Subscribe
November 6, 2025
Вкусные торты. Не плохая программа лояльности
Hide business's response
Official responseNovember 8, 2025
Максим, добрый день! Благодарим вас за тёплый отзыв и уделённое внимание нашему заведению! Ваши слова поддержки вдохновляют нашу команду ежедневно улучшать качество продуктов и сервиса. Приятно осознавать, что выбранные вами десерты оправдали ожидания, оставив приятное впечатление.
Программа лояльности создана специально для удобства наших постоянных гостей, позволяя наслаждаться любимым вкусом ещё приятнее благодаря специальным условиям и акциям. Ваша оценка мотивирует нас двигаться вперёд и предлагать всё больше возможностей для комфортного посещения нашего заведения.
Будьте уверены, что наша команда постоянно работает над совершенствованием ассортимента и сервисом обслуживания, стремясь сделать каждую покупку особенной и запоминающейся. Надеемся, что вы будете возвращаться к нам вновь и вновь, открывая новые вкусы и наслаждаясь любимой атмосферой домашнего уюта.
Ещё раз искренне признательны за оставленный отзыв и желаем вам приятных моментов и хорошего настроения!","['5', '']","['5.0', '']","['1', '']","Максим Ахмаров
Level 16 Local Expert
Subscribe
November 6, 2025
Вкусные торты. Не плохая программа лояльности
Show business's response",9741784f-9fe7-4de4-808a-5a9ab161cfc1
"[None, 'Елена']","['https://avatars.mds.yandex.net/get-yapic/51381/UxU2yMndP2deLcJA2mliyz2s-1/islands-68', '']","[None, 'Елена']",,"[None, 'July 13, 2022']","['2022-07-13T18:35:29.059Z', '']","Елена
Level 4 Local Expert
Subscribe
July 13, 2022
Небольшое кафе на тихом компросе недалеко от ДК ""Соловьева"". Цены средние. Кондитерский ассортимент хороший. Кофе и чай на выбор. Небольшой, уютный зал.
3
Show business's response",False,"Елена
Level 4 Local Expert
Subscribe
July 13, 2022
Небольшое кафе на тихом компросе недалеко от ДК ""Соловьева"". Цены средние. Кондитерский ассортимент хороший. Кофе и чай на выбор. Небольшой, уютный зал.
3
Show business's response","Елена
Level 4 Local Expert
Subscribe
July 13, 2022
Небольшое кафе на тихом компросе недалеко от ДК ""Соловьева"". Цены средние. Кондитерский ассортимент хороший. Кофе и чай на выбор. Небольшой, уютный зал.
3
Hide business's response
Official responseJuly 20, 2022
Добрый день! Мы искренне благодарим Вас за столь тёплые слова и за то что Вы оценили наш труд! Мы продолжим радовать Вас ещё больше! Будем рады видеть Вас вновь в качестве Гостя нашей кондитерской!","Елена
Level 4 Local Expert
Subscribe
July 13, 2022
Небольшое кафе на тихом компросе недалеко от ДК ""Соловьева"". Цены средние. Кондитерский ассортимент хороший. Кофе и чай на выбор. Небольшой, уютный зал.
3
Hide business's response
Official responseJuly 20, 2022
Добрый день! Мы искренне благодарим Вас за столь тёплые слова и за то что Вы оценили наш труд! Мы продолжим радовать Вас ещё больше! Будем рады видеть Вас вновь в качестве Гостя нашей кондитерской!","['5', '']","['4.0', '']","['1', '']","Елена
Level 4 Local Expert
Subscribe
July 13, 2022
Небольшое кафе на тихом компросе недалеко от ДК ""Соловьева"". Цены средние. Кондитерский ассортимент хороший. Кофе и чай на выбор. Небольшой, уютный зал.
3
Show business's response",61cdae72-2d0f-4e2e-aa31-b20f63213154
"[None, 'Katya Katiko']","['https://avatars.mds.yandex.net/get-yapic/38663/9vK85L6r7bj3rVvSYDsbUGXho-1/islands-68', '']","[None, 'Katya Katiko']",,"[None, 'January 20, 2023']","['2023-01-20T12:46:56.825Z', '']","Katya Katiko
Level 4 Local Expert
Subscribe
January 20, 2023
Очень вкусные торты! Не было аллергии, а это показатель, что продукция хорошая. Осталась довольна и без проблем после 😊 

Нравится новое меню оно очень милое ❤️
Show business's response",False,"Katya Katiko
Level 4 Local Expert
Subscribe
January 20, 2023
Очень вкусные торты! Не было аллергии, а это показатель, что продукция хорошая. Осталась довольна и без проблем после 😊 

Нравится новое меню оно очень милое ❤️
Show business's response","Katya Katiko
Level 4 Local Expert
Subscribe
January 20, 2023
Очень вкусные торты! Не было аллергии, а это показатель, что продукция хорошая. Осталась довольна и без проблем после 😊 

Нравится новое меню оно очень милое ❤️
Hide business's response
Official responseJanuary 23, 2023
Спасибо за вашу оценку","Katya Katiko
Level 4 Local Expert
Subscribe
January 20, 2023
Очень вкусные торты! Не было аллергии, а это показатель, что продукция хорошая. Осталась довольна и без проблем после 😊 

Нравится новое меню оно очень милое ❤️
Hide business's response
Official responseJanuary 23, 2023
Спасибо за вашу оценку","['5', '']","['5.0', '']","['1', '']","Katya Katiko
Level 4 Local Expert
Subscribe
January 20, 2023
Очень вкусные торты! Не было аллергии, а это показатель, что продукция хорошая. Осталась довольна и без проблем после 😊 

Нравится новое меню оно очень милое ❤️
Show business's response",c95048a7-7c3e-4788-8532-6394f7feca25
"[None, 'Valentin Gordeev']","['https://avatars.mds.yandex.net/get-yapic/30955/naVcH7kqxGViK9IaPazrIWDVd0-1/islands-68', '']","[None, 'Valentin Gordeev']",,"[None, 'August 17, 2025']","['2025-08-17T11:16:59.700Z', '']","Valentin Gordeev
Level 9 Local Expert
Subscribe
August 17, 2025
Всегда очень вкусные десерты за умеренную цену.
1
Show business's response",False,"Valentin Gordeev
Level 9 Local Expert
Subscribe
August 17, 2025
Всегда очень вкусные десерты за умеренную цену.
1
Show business's response","Valentin Gordeev
Level 9 Local Expert
Subscribe
August 17, 2025
Всегда очень вкусные десерты за умеренную цену.
1
Hide business's response
Official responseAugust 19, 2025
Благодарим за ваш отзыв","Valentin Gordeev
Level 9 Local Expert
Subscribe
August 17, 2025
Всегда очень вкусные десерты за умеренную цену.
1
Hide business's response
Official responseAugust 19, 2025
Благодарим за ваш отзыв","['5', '']","['5.0', '']","['1', '']","Valentin Gordeev
Level 9 Local Expert
Subscribe
August 17, 2025
Всегда очень вкусные десерты за умеренную цену.
1
Show business's response",251aeec1-c919-4a6f-8ccf-1920691fb082
,"['https://avatars.mds.yandex.net/get-yapic/25817/0l-8/islands-68', '']","[None, 'Tatiana Q']",,"[None, 'December 18, 2024']","['2024-12-17T19:54:40.542Z', '']","Tatiana Q
Level 13 Local Expert
December 18, 2024
что-то вкусно, что-то так себе
Маковый торт хороший
Show business's response",False,"Tatiana Q
Level 13 Local Expert
December 18, 2024
что-то вкусно, что-то так себе
Маковый торт хороший
Show business's response","Tatiana Q
Level 13 Local Expert
December 18, 2024
что-то вкусно, что-то так себе
Маковый торт хороший
Hide business's response
Official responseDecember 25, 2024
Добрый день! Благодарим за обратную связь!","Tatiana Q
Level 13 Local Expert
December 18, 2024
что-то вкусно, что-то так себе
Маковый торт хороший
Hide business's response
Official responseDecember 25, 2024
Добрый день! Благодарим за обратную связь!","['5', '']","['4.0', '']","['1', '']","Tatiana Q
Level 13 Local Expert
December 18, 2024
что-то вкусно, что-то так себе
Маковый торт хороший
Show business's response",a599e2e5-d312-469e-a83e-66d2150f6dbd
"[None, 'Кристита Ти']","['https://avatars.mds.yandex.net/get-yapic/45131/0y-4/islands-68', '']","[None, 'Кристита Ти']",,"[None, 'March 20, 2024']","['2024-03-20T12:17:58.718Z', '']","Кристита Ти
Level 2 Local Expert
Subscribe
March 20, 2024
Красивый дизайн кафе, вкусные пирожные. И доступная цена. Вежливый персонал, девочки молодцы.
1
Show business's response",False,"Кристита Ти
Level 2 Local Expert
Subscribe
March 20, 2024
Красивый дизайн кафе, вкусные пирожные. И доступная цена. Вежливый персонал, девочки молодцы.
1
Show business's response","Кристита Ти
Level 2 Local Expert
Subscribe
March 20, 2024
Красивый дизайн кафе, вкусные пирожные. И доступная цена. Вежливый персонал, девочки молодцы.
1
Hide business's response
Official responseApril 7, 2024
Благодарим за ваш отзыв","Кристита Ти
Level 2 Local Expert
Subscribe
March 20, 2024
Красивый дизайн кафе, вкусные пирожные. И доступная цена. Вежливый персонал, девочки молодцы.
1
Hide business's response
Official responseApril 7, 2024
Благодарим за ваш отзыв","['5', '']","['5.0', '']","['1', '']","Кристита Ти
Level 2 Local Expert
Subscribe
March 20, 2024
Красивый дизайн кафе, вкусные пирожные. И доступная цена. Вежливый персонал, девочки молодцы.
1
Show business's response",b7e594cd-5d6a-43f3-b4bc-81b22ac58276
"[None, 'Александр Поздеев']","['https://avatars.mds.yandex.net/get-yapic/27503/0b-3/islands-68', '']","[None, 'Александр Поздеев']",,"[None, 'November 5, 2024']","['2024-11-05T11:52:10.753Z', '']","Александр Поздеев
Level 9 Local Expert
Subscribe
November 5, 2024
Очень вкусные торты. Очень нравятся торт три молока.
1
Show business's response",False,"Александр Поздеев
Level 9 Local Expert
Subscribe
November 5, 2024
Очень вкусные торты. Очень нравятся торт три молока.
1
Show business's response","Александр Поздеев
Level 9 Local Expert
Subscribe
November 5, 2024
Очень вкусные торты. Очень нравятся торт три молока.
1
Hide business's response
Official responseNovember 7, 2024
Благодарим за ваш отзыв","Александр Поздеев
Level 9 Local Expert
Subscribe
November 5, 2024
Очень вкусные торты. Очень нравятся торт три молока.
1
Hide business's response
Official responseNovember 7, 2024
Благодарим за ваш отзыв","['5', '']","['5.0', '']","['1', '']","Александр Поздеев
Level 9 Local Expert
Subscribe
November 5, 2024
Очень вкусные торты. Очень нравятся торт три молока.
1
Show business's response",caff3d9b-973d-4bba-9bd5-c0253e948b3f
,"['https://avatars.mds.yandex.net/get-yapic/59871/0y-2/islands-68', '']","[None, 'Иван И.']",,"[None, 'April 14']","['2026-04-14T15:23:22.778Z', '']","Иван И.
Level 4 Local Expert
April 14
Отличные тортики, вкусняшки!!!
Рекомендую, качество продукции и обслуживание на высоте!
Show business's response",False,"Иван И.
Level 4 Local Expert
April 14
Отличные тортики, вкусняшки!!!
Рекомендую, качество продукции и обслуживание на высоте!
Show business's response","Иван И.
Level 4 Local Expert
April 14
Отличные тортики, вкусняшки!!!
Рекомендую, качество продукции и обслуживание на высоте!
Hide business's response
Official responseApril 15
Спасибо за ваш отзыв","Иван И.
Level 4 Local Expert
April 14
Отличные тортики, вкусняшки!!!
Рекомендую, качество продукции и обслуживание на высоте!
Hide business's response
Official responseApril 15
Спасибо за ваш отзыв","['5', '']","['5.0', '']","['1', '']","Иван И.
Level 4 Local Expert
April 14
Отличные тортики, вкусняшки!!!
Рекомендую, качество продукции и обслуживание на высоте!
Show business's response",cc800e33-09d9-48e8-96f2-6bcabf6382b5
"[None, 'Анжелика']","['https://avatars.mds.yandex.net/get-yapic/26311/eGxaRw1hFcnLKpbCPlT6YbLNC5s-1/islands-68', '']","[None, 'Анжелика']",,"[None, 'October 9, 2025']","['2025-10-09T06:36:50.070Z', '']","Анжелика
Level 16 Local Expert
Subscribe
October 9, 2025
Очень вкусные торты по приемлемым ценам
1
Show business's response",False,"Анжелика
Level 16 Local Expert
Subscribe
October 9, 2025
Очень вкусные торты по приемлемым ценам
1
Show business's response","Анжелика
Level 16 Local Expert
Subscribe
October 9, 2025
Очень вкусные торты по приемлемым ценам
1
Hide business's response
Official responseOctober 10, 2025
Анжелика, добрый день! Благодарим вас за прекрасный отзыв! Для нас большая ценность, что вы высоко оцениваете не только вкус наших тортов, но и доступные цены. Мы стараемся предлагать лучшее качество по приятной стоимости, чтобы радовать всех сладкоежек. Будем счастливы снова встретить вас в числе наших клиентов!","Анжелика
Level 16 Local Expert
Subscribe
October 9, 2025
Очень вкусные торты по приемлемым ценам
1
Hide business's response
Official responseOctober 10, 2025
Анжелика, добрый день! Благодарим вас за прекрасный отзыв! Для нас большая ценность, что вы высоко оцениваете не только вкус наших тортов, но и доступные цены. Мы стараемся предлагать лучшее качество по приятной стоимости, чтобы радовать всех сладкоежек. Будем счастливы снова встретить вас в числе наших клиентов!","['5', '']","['5.0', '']","['1', '']","Анжелика
Level 16 Local Expert
Subscribe
October 9, 2025
Очень вкусные торты по приемлемым ценам
1
Show business's response",ac4ab205-83ed-4877-9478-9bc2b9a63ea8
"[None, 'Юлия К.']","['https://avatars.mds.yandex.net/get-yapic/31804/svXDuXGSk2iGRDCikQqXw8wBk-1/islands-68', '']","[None, 'Юлия К.']",,"[None, 'March 21, 2024']","['2024-03-21T13:43:32.825Z', '']","Юлия К.
Level 4 Local Expert
Subscribe
March 21, 2024
Очень уютное кафе. Всегда вкусные и свежие выпечка и десерты😋 Часто ходим сюда семьей
1
Show business's response",False,"Юлия К.
Level 4 Local Expert
Subscribe
March 21, 2024
Очень уютное кафе. Всегда вкусные и свежие выпечка и десерты😋 Часто ходим сюда семьей
1
Show business's response","Юлия К.
Level 4 Local Expert
Subscribe
March 21, 2024
Очень уютное кафе. Всегда вкусные и свежие выпечка и десерты😋 Часто ходим сюда семьей
1
Hide business's response
Official responseApril 7, 2024
Спасибо за ваш отклик","Юлия К.
Level 4 Local Expert
Subscribe
March 21, 2024
Очень уютное кафе. Всегда вкусные и свежие выпечка и десерты😋 Часто ходим сюда семьей
1
Hide business's response
Official responseApril 7, 2024
Спасибо за ваш отклик","['5', '']","['5.0', '']","['1', '']","Юлия К.
Level 4 Local Expert
Subscribe
March 21, 2024
Очень уютное кафе. Всегда вкусные и свежие выпечка и десерты😋 Часто ходим сюда семьей
1
Show business's response",7333ad11-6386-480e-888d-beaac9d231b8
"[None, 'Светлана С.']","['https://avatars.mds.yandex.net/get-yapic/20706/enc-ad855a8e5120013f08ef6c03233854c6ea4164df66245418d988e4a39b5f57f2/islands-68', '']","[None, 'Светлана С.']",,"[None, 'September 7, 2024']","['2024-09-07T09:28:22.810Z', '']","Светлана С.
Level 6 Local Expert
Subscribe
September 7, 2024
Все вкусно и даже при большом потоке быстро! Молодцы!
1
Show business's response",False,"Светлана С.
Level 6 Local Expert
Subscribe
September 7, 2024
Все вкусно и даже при большом потоке быстро! Молодцы!
1
Show business's response","Светлана С.
Level 6 Local Expert
Subscribe
September 7, 2024
Все вкусно и даже при большом потоке быстро! Молодцы!
1
Hide business's response
Official responseSeptember 12, 2024
Благодарим за ваш отзыв!","Светлана С.
Level 6 Local Expert
Subscribe
September 7, 2024
Все вкусно и даже при большом потоке быстро! Молодцы!
1
Hide business's response
Official responseSeptember 12, 2024
Благодарим за ваш отзыв!","['5', '']","['5.0', '']","['1', '']","Светлана С.
Level 6 Local Expert
Subscribe
September 7, 2024
Все вкусно и даже при большом потоке быстро! Молодцы!
1
Show business's response",6f6f5df4-2282-4561-a548-9ff6feb5c3b7
"[None, 'Елена']","['https://avatars.mds.yandex.net/get-yapic/47747/8JzpGg0ERv3xaVXTnnmDtNfimXg-1/islands-68', '']","[None, 'Елена']",,"[None, 'August 25, 2022']","['2022-08-25T14:15:33.550Z', '']","Елена
Level 10 Local Expert
Subscribe
August 25, 2022
Очень вкусные торты! Милая обстановка, уютная. Большой выбор кофе, пирожных, ну конечно же торты! Очень понравился торт ""Три молока"".
Show business's response",False,"Елена
Level 10 Local Expert
Subscribe
August 25, 2022
Очень вкусные торты! Милая обстановка, уютная. Большой выбор кофе, пирожных, ну конечно же торты! Очень понравился торт ""Три молока"".
Show business's response","Елена
Level 10 Local Expert
Subscribe
August 25, 2022
Очень вкусные торты! Милая обстановка, уютная. Большой выбор кофе, пирожных, ну конечно же торты! Очень понравился торт ""Три молока"".
Hide business's response
Official responseAugust 29, 2022
Добрый день! Искренне благодарим Вас за тёплые слова! Такие слова - лучшая награда для нас! Мы будем продолжать радовать Вас ещё больше! Будем рады видеть Вас вновь в качестве нашего Гостя!","Елена
Level 10 Local Expert
Subscribe
August 25, 2022
Очень вкусные торты! Милая обстановка, уютная. Большой выбор кофе, пирожных, ну конечно же торты! Очень понравился торт ""Три молока"".
Hide business's response
Official responseAugust 29, 2022
Добрый день! Искренне благодарим Вас за тёплые слова! Такие слова - лучшая награда для нас! Мы будем продолжать радовать Вас ещё больше! Будем рады видеть Вас вновь в качестве нашего Гостя!","['5', '']","['5.0', '']","['1', '']","Елена
Level 10 Local Expert
Subscribe
August 25, 2022
Очень вкусные торты! Милая обстановка, уютная. Большой выбор кофе, пирожных, ну конечно же торты! Очень понравился торт ""Три молока"".
Show business's response",6170d8a7-1b8e-4447-87eb-9566315e89bd
"[None, 'Эдуард Юсев']","['https://avatars.mds.yandex.net/get-yapic/29310/0o-6/islands-68', '']","[None, 'Эдуард Юсев']",,"[None, 'February 16, 2024']","['2024-02-16T11:31:57.475Z', '']","Эдуард Юсев
Level 11 Local Expert
Subscribe
February 16, 2024
Тортики просто изумительные. Выбор огромный. Есть много вариантов под заказ. Рекомендую ОДНОЗНАЧНО!!!
3
Show business's response",False,"Эдуард Юсев
Level 11 Local Expert
Subscribe
February 16, 2024
Тортики просто изумительные. Выбор огромный. Есть много вариантов под заказ. Рекомендую ОДНОЗНАЧНО!!!
3
Show business's response","Эдуард Юсев
Level 11 Local Expert
Subscribe
February 16, 2024
Тортики просто изумительные. Выбор огромный. Есть много вариантов под заказ. Рекомендую ОДНОЗНАЧНО!!!
3
Hide business's response
Official responseFebruary 27, 2024
Спасибо за приятный отзыв","Эдуард Юсев
Level 11 Local Expert
Subscribe
February 16, 2024
Тортики просто изумительные. Выбор огромный. Есть много вариантов под заказ. Рекомендую ОДНОЗНАЧНО!!!
3
Hide business's response
Official responseFebruary 27, 2024
Спасибо за приятный отзыв","['5', '']","['5.0', '']","['1', '']","Эдуард Юсев
Level 11 Local Expert
Subscribe
February 16, 2024
Тортики просто изумительные. Выбор огромный. Есть много вариантов под заказ. Рекомендую ОДНОЗНАЧНО!!!
3
Show business's response",4518d942-2db2-4214-bb3d-518b83c1d02a
"[None, 'Katy T']","['https://avatars.mds.yandex.net/get-yapic/57243/CC0xrRWY1SEDs6wBQhcFczYOE-1/islands-68', '']","[None, 'Katy T']",,"[None, 'February 28, 2024']","['2024-02-28T14:43:22.385Z', '']","Katy T
Level 9 Local Expert
Subscribe
February 28, 2024
Недавно полюбившаяся кафе-кондитерская. Торт три молока - в самое сердечко. Торт на заказ нужно брать за сутки, (оставлять заявку)
3
Show business's response",False,"Katy T
Level 9 Local Expert
Subscribe
February 28, 2024
Недавно полюбившаяся кафе-кондитерская. Торт три молока - в самое сердечко. Торт на заказ нужно брать за сутки, (оставлять заявку)
3
Show business's response","Katy T
Level 9 Local Expert
Subscribe
February 28, 2024
Недавно полюбившаяся кафе-кондитерская. Торт три молока - в самое сердечко. Торт на заказ нужно брать за сутки, (оставлять заявку)
3
Hide business's response
Official responseMarch 1, 2024
Благодарим вас за теплые слова! Мы стараемся делать наши десерты с любовью и радуемся, что они приносят вам удовольствие.","Katy T
Level 9 Local Expert
Subscribe
February 28, 2024
Недавно полюбившаяся кафе-кондитерская. Торт три молока - в самое сердечко. Торт на заказ нужно брать за сутки, (оставлять заявку)
3
Hide business's response
Official responseMarch 1, 2024
Благодарим вас за теплые слова! Мы стараемся делать наши десерты с любовью и радуемся, что они приносят вам удовольствие.","['5', '']","['5.0', '']","['1', '']","Katy T
Level 9 Local Expert
Subscribe
February 28, 2024
Недавно полюбившаяся кафе-кондитерская. Торт три молока - в самое сердечко. Торт на заказ нужно брать за сутки, (оставлять заявку)
3
Show business's response",d6e201f7-d6a6-45d8-b267-048a00882b97
"[None, 'людмила малышева']","['https://avatars.mds.yandex.net/get-yapic/68143/0k-4/islands-68', '']","[None, 'людмила малышева']",,"[None, 'July 9, 2025']","['2025-07-09T05:45:48.913Z', '']","людмила малышева
Level 4 Local Expert
Subscribe
July 9, 2025
Очень вкусно! Особенно пирожное Павлова!
3
Show business's response",False,"людмила малышева
Level 4 Local Expert
Subscribe
July 9, 2025
Очень вкусно! Особенно пирожное Павлова!
3
Show business's response","людмила малышева
Level 4 Local Expert
Subscribe
July 9, 2025
Очень вкусно! Особенно пирожное Павлова!
3
Hide business's response
Official responseJuly 15, 2025
Добрый день Людмила! Спасибо, что оценили","людмила малышева
Level 4 Local Expert
Subscribe
July 9, 2025
Очень вкусно! Особенно пирожное Павлова!
3
Hide business's response
Official responseJuly 15, 2025
Добрый день Людмила! Спасибо, что оценили","['5', '']","['5.0', '']","['1', '']","людмила малышева
Level 4 Local Expert
Subscribe
July 9, 2025
Очень вкусно! Особенно пирожное Павлова!
3
Show business's response",d56b1e99-4598-4d3d-acd1-b1cf6f584341
"[None, 'Наталья Засорина']","['https://avatars.mds.yandex.net/get-yapic/36777/0b-5/islands-68', '']","[None, 'Наталья Засорина']",,"[None, 'July 18, 2025']","['2025-07-18T04:49:17.849Z', '']","Наталья Засорина
Level 3 Local Expert
Subscribe
July 18, 2025
Приятное заведение для посещения. Свежее пирожное.
1
Show business's response",False,"Наталья Засорина
Level 3 Local Expert
Subscribe
July 18, 2025
Приятное заведение для посещения. Свежее пирожное.
1
Show business's response","Наталья Засорина
Level 3 Local Expert
Subscribe
July 18, 2025
Приятное заведение для посещения. Свежее пирожное.
1
Hide business's response
Official responseJuly 23, 2025
Добрый день Наталья! Благодарим Вас за отзыв.","Наталья Засорина
Level 3 Local Expert
Subscribe
July 18, 2025
Приятное заведение для посещения. Свежее пирожное.
1
Hide business's response
Official responseJuly 23, 2025
Добрый день Наталья! Благодарим Вас за отзыв.","['5', '']","['5.0', '']","['1', '']","Наталья Засорина
Level 3 Local Expert
Subscribe
July 18, 2025
Приятное заведение для посещения. Свежее пирожное.
1
Show business's response",ca74bc0d-a9af-4caa-9bdd-d7feee2a5b4b
"[None, 'Лариса Богатова']","['https://avatars.mds.yandex.net/get-yapic/28439/EyiLvVRqwlMDETPBUJqAKBFPDc-1/islands-68', '']","[None, 'Лариса Богатова']",,"[None, 'January 11, 2023']","['2023-01-11T14:47:23.607Z', '']","Лариса Богатова
Level 9 Local Expert
Subscribe
January 11, 2023
Всё вкусно, персонал вежливый, есть столики где можно попить чай с десертом, но дорого всё
Show business's response",False,"Лариса Богатова
Level 9 Local Expert
Subscribe
January 11, 2023
Всё вкусно, персонал вежливый, есть столики где можно попить чай с десертом, но дорого всё
Show business's response","Лариса Богатова
Level 9 Local Expert
Subscribe
January 11, 2023
Всё вкусно, персонал вежливый, есть столики где можно попить чай с десертом, но дорого всё
Hide business's response
Official responseJanuary 13, 2023
Спасибо, учтём","Лариса Богатова
Level 9 Local Expert
Subscribe
January 11, 2023
Всё вкусно, персонал вежливый, есть столики где можно попить чай с десертом, но дорого всё
Hide business's response
Official responseJanuary 13, 2023
Спасибо, учтём","['5', '']","['4.0', '']","['1', '']","Лариса Богатова
Level 9 Local Expert
Subscribe
January 11, 2023
Всё вкусно, персонал вежливый, есть столики где можно попить чай с десертом, но дорого всё
Show business's response",37c5334b-b7c7-4e24-99a7-1d62aa337470
"[None, 'Елена Радость']","['https://avatars.mds.yandex.net/get-yapic/27232/B2K6SA68X8uMJoaezetBa8EcLU-1/islands-68', '']","[None, 'Елена Радость']",,"[None, 'August 29, 2021']","['2021-08-29T17:08:05.416Z', '']","Елена Радость
Level 16 Local Expert
Subscribe
August 29, 2021
Вкусно, красиво, спокойно, цена приемлимая. Всё свежее. Персонал приветливый. Очень вкусный кофе. Месторасположение супер.
1
Show business's response",False,"Елена Радость
Level 16 Local Expert
Subscribe
August 29, 2021
Вкусно, красиво, спокойно, цена приемлимая. Всё свежее. Персонал приветливый. Очень вкусный кофе. Месторасположение супер.
1
Show business's response","Елена Радость
Level 16 Local Expert
Subscribe
August 29, 2021
Вкусно, красиво, спокойно, цена приемлимая. Всё свежее. Персонал приветливый. Очень вкусный кофе. Месторасположение супер.
1
Hide business's response
Official responseFebruary 2, 2022
Добрый день! Благодарим Вас за высокую оценку нашей деятельности! Будем ждать Вас вновь!","Елена Радость
Level 16 Local Expert
Subscribe
August 29, 2021
Вкусно, красиво, спокойно, цена приемлимая. Всё свежее. Персонал приветливый. Очень вкусный кофе. Месторасположение супер.
1
Hide business's response
Official responseFebruary 2, 2022
Добрый день! Благодарим Вас за высокую оценку нашей деятельности! Будем ждать Вас вновь!","['5', '']","['5.0', '']","['1', '']","Елена Радость
Level 16 Local Expert
Subscribe
August 29, 2021
Вкусно, красиво, спокойно, цена приемлимая. Всё свежее. Персонал приветливый. Очень вкусный кофе. Месторасположение супер.
1
Show business's response",708be96d-d376-464e-aece-386f26a9824d
"[None, 'Анна Трегубова']",,"[None, 'Анна Трегубова']",,"[None, 'November 3, 2022']","['2022-11-03T17:55:41.679Z', '']","А
Анна Трегубова
Level 9 Local Expert
Subscribe
November 3, 2022
Обалденные торты, и очень вкусный десерт Павловой, пальчики оближешь. Шла по Компросу и мечтала о торте ""маковое поле""🧁 не смогла не зайти!
Show business's response",False,"А
Анна Трегубова
Level 9 Local Expert
Subscribe
November 3, 2022
Обалденные торты, и очень вкусный десерт Павловой, пальчики оближешь. Шла по Компросу и мечтала о торте ""маковое поле""🧁 не смогла не зайти!
Show business's response","А
Анна Трегубова
Level 9 Local Expert
Subscribe
November 3, 2022
Обалденные торты, и очень вкусный десерт Павловой, пальчики оближешь. Шла по Компросу и мечтала о торте ""маковое поле""🧁 не смогла не зайти!
Hide business's response
Official responseNovember 5, 2022
Анна, добрый день! Искренне благодарим Вас за теплые слова и высокую оценку нашего труда! Всегда рады видеть Вас в наших кондитерских, ждем Вас вновь!!!","А
Анна Трегубова
Level 9 Local Expert
Subscribe
November 3, 2022
Обалденные торты, и очень вкусный десерт Павловой, пальчики оближешь. Шла по Компросу и мечтала о торте ""маковое поле""🧁 не смогла не зайти!
Hide business's response
Official responseNovember 5, 2022
Анна, добрый день! Искренне благодарим Вас за теплые слова и высокую оценку нашего труда! Всегда рады видеть Вас в наших кондитерских, ждем Вас вновь!!!","['5', '']","['5.0', '']","['1', '']","А
Анна Трегубова
Level 9 Local Expert
Subscribe
November 3, 2022
Обалденные торты, и очень вкусный десерт Павловой, пальчики оближешь. Шла по Компросу и мечтала о торте ""маковое поле""🧁 не смогла не зайти!
Show business's response",b0e407b7-62e1-4396-a6dd-2e7d74f4d329
"[None, 'Екатерина Т.']","['https://avatars.mds.yandex.net/get-yapic/68143/jNts9ifRPvOxRgz3lD3nK8Zct6U-1/islands-68', '']","[None, 'Екатерина Т.']",,"[None, 'April 17, 2022']","['2022-04-17T08:00:27.739Z', '']","Екатерина Т.
Level 11 Local Expert
Subscribe
April 17, 2022
Все вкусно, но дороговато. Очень нравится обстановка в зоне столиков. Уютно и приятно сидеть. Один большой минус, который за год так и не исчез : когда берёшь чайник с чаем, просто невозможно его налить, не залив весь поднос.
Show business's response",False,"Екатерина Т.
Level 11 Local Expert
Subscribe
April 17, 2022
Все вкусно, но дороговато. Очень нравится обстановка в зоне столиков. Уютно и приятно сидеть. Один большой минус, который за год так и не исчез : когда берёшь чайник с чаем, просто невозможно его налить, не залив весь поднос.
Show business's response","Екатерина Т.
Level 11 Local Expert
Subscribe
April 17, 2022
Все вкусно, но дороговато. Очень нравится обстановка в зоне столиков. Уютно и приятно сидеть. Один большой минус, который за год так и не исчез : когда берёшь чайник с чаем, просто невозможно его налить, не залив весь поднос.
Hide business's response
Official responseJune 15, 2022
Добрый день, спасибо за обратную связь. Мы стараемся заботиться о своих Гостях и используем только качественные продукты в приготовлении Ваших любимых сладостей! Мы разделяем Ваше негодование, а также хотим обратить внимание, что мы используем только натуральные ингредиенты в своих изделиях. Надеемся в будущем видеть Вас вновь в качестве Гостя нашей кондитерской! Благодарим за честный отзыв!","Екатерина Т.
Level 11 Local Expert
Subscribe
April 17, 2022
Все вкусно, но дороговато. Очень нравится обстановка в зоне столиков. Уютно и приятно сидеть. Один большой минус, который за год так и не исчез : когда берёшь чайник с чаем, просто невозможно его налить, не залив весь поднос.
Hide business's response
Official responseJune 15, 2022
Добрый день, спасибо за обратную связь. Мы стараемся заботиться о своих Гостях и используем только качественные продукты в приготовлении Ваших любимых сладостей! Мы разделяем Ваше негодование, а также хотим обратить внимание, что мы используем только натуральные ингредиенты в своих изделиях. Надеемся в будущем видеть Вас вновь в качестве Гостя нашей кондитерской! Благодарим за честный отзыв!","['5', '']","['4.0', '']","['1', '']","Екатерина Т.
Level 11 Local Expert
Subscribe
April 17, 2022
Все вкусно, но дороговато. Очень нравится обстановка в зоне столиков. Уютно и приятно сидеть. Один большой минус, который за год так и не исчез : когда берёшь чайник с чаем, просто невозможно его налить, не залив весь поднос.
Show business's response",e16db9a6-e924-4cc2-9629-cd82df88cdf4
"[None, 'Светлана Карпова']","['https://avatars.mds.yandex.net/get-yapic/33202/enc-f3b0752b39f88c53b5b22a2a4414c90957f58545c01d6d7880b097977e611c1f/islands-68', '']","[None, 'Светлана Карпова']",,"[None, 'February 26, 2024']","['2024-02-26T16:10:27.693Z', '']","Светлана Карпова
Level 11 Local Expert
Subscribe
February 26, 2024
Хорошее место очень уютное, хороший персонал, удобное расположение, жаль что кофе не дотягивает до того уровня чтоб приходить сюда снова и снова.
1
Show business's response",False,"Светлана Карпова
Level 11 Local Expert
Subscribe
February 26, 2024
Хорошее место очень уютное, хороший персонал, удобное расположение, жаль что кофе не дотягивает до того уровня чтоб приходить сюда снова и снова.
1
Show business's response","Светлана Карпова
Level 11 Local Expert
Subscribe
February 26, 2024
Хорошее место очень уютное, хороший персонал, удобное расположение, жаль что кофе не дотягивает до того уровня чтоб приходить сюда снова и снова.
1
Hide business's response
Official responseMarch 1, 2024
Спасибо за ваш отзыв! Мы ценим ваше внимание к нашей кондитерской и обещаем продолжать радовать вас качественными сладостями.","Светлана Карпова
Level 11 Local Expert
Subscribe
February 26, 2024
Хорошее место очень уютное, хороший персонал, удобное расположение, жаль что кофе не дотягивает до того уровня чтоб приходить сюда снова и снова.
1
Hide business's response
Official responseMarch 1, 2024
Спасибо за ваш отзыв! Мы ценим ваше внимание к нашей кондитерской и обещаем продолжать радовать вас качественными сладостями.","['5', '']","['5.0', '']","['1', '']","Светлана Карпова
Level 11 Local Expert
Subscribe
February 26, 2024
Хорошее место очень уютное, хороший персонал, удобное расположение, жаль что кофе не дотягивает до того уровня чтоб приходить сюда снова и снова.
1
Show business's response",1b4c0327-4b85-4fba-a497-70df636d4d2e
"[None, 'АННА К.']","['https://avatars.mds.yandex.net/get-yapic/29310/0d-3/islands-68', '']","[None, 'АННА К.']",,"[None, 'June 15, 2023']","['2023-06-15T15:35:08.331Z', '']","АННА К.
Level 3 Local Expert
Subscribe
June 15, 2023
Отличное кафе. Все вкусное, свежее. Персонал дружелюбный. Есть детский стульчик, можно прийти с малышом. Рекомендую!
3
Show business's response",False,"АННА К.
Level 3 Local Expert
Subscribe
June 15, 2023
Отличное кафе. Все вкусное, свежее. Персонал дружелюбный. Есть детский стульчик, можно прийти с малышом. Рекомендую!
3
Show business's response","АННА К.
Level 3 Local Expert
Subscribe
June 15, 2023
Отличное кафе. Все вкусное, свежее. Персонал дружелюбный. Есть детский стульчик, можно прийти с малышом. Рекомендую!
3
Hide business's response
Official responseJune 19, 2023
Спасибо за приятный отклик!","АННА К.
Level 3 Local Expert
Subscribe
June 15, 2023
Отличное кафе. Все вкусное, свежее. Персонал дружелюбный. Есть детский стульчик, можно прийти с малышом. Рекомендую!
3
Hide business's response
Official responseJune 19, 2023
Спасибо за приятный отклик!","['5', '']","['5.0', '']","['1', '']","АННА К.
Level 3 Local Expert
Subscribe
June 15, 2023
Отличное кафе. Все вкусное, свежее. Персонал дружелюбный. Есть детский стульчик, можно прийти с малышом. Рекомендую!
3
Show business's response",d7b1e216-0ea3-4bd9-a077-a9fbb97f0a0a
"[None, 'Ирина К.']","['https://avatars.mds.yandex.net/get-yapic/45566/UFVS6E9T5Ydl2i2konGtadbiU-1/islands-68', '']","[None, 'Ирина К.']",,"[None, 'March 29, 2024']","['2024-03-29T05:32:59.136Z', '']","Ирина К.
Level 10 Local Expert
Subscribe
March 29, 2024
Любимая кондитерская, но в праздничные дни ничего не купить, надо заказывать заранее. Торты, выпечка лучшие)
Show business's response",False,"Ирина К.
Level 10 Local Expert
Subscribe
March 29, 2024
Любимая кондитерская, но в праздничные дни ничего не купить, надо заказывать заранее. Торты, выпечка лучшие)
Show business's response","Ирина К.
Level 10 Local Expert
Subscribe
March 29, 2024
Любимая кондитерская, но в праздничные дни ничего не купить, надо заказывать заранее. Торты, выпечка лучшие)
Hide business's response
Official responseApril 7, 2024
Спасибо за вашу оценку","Ирина К.
Level 10 Local Expert
Subscribe
March 29, 2024
Любимая кондитерская, но в праздничные дни ничего не купить, надо заказывать заранее. Торты, выпечка лучшие)
Hide business's response
Official responseApril 7, 2024
Спасибо за вашу оценку","['5', '']","['5.0', '']","['1', '']","Ирина К.
Level 10 Local Expert
Subscribe
March 29, 2024
Любимая кондитерская, но в праздничные дни ничего не купить, надо заказывать заранее. Торты, выпечка лучшие)
Show business's response",b094fa50-2d5e-4e49-afbc-815d65068842
"[None, 'Dima Rodin']","['https://avatars.mds.yandex.net/get-yapic/59871/0hVGsOpFzGJEfZJYu9AS4oFGP8-1/islands-68', '']","[None, 'Dima Rodin']",,"[None, 'January 16, 2025']","['2025-01-16T16:01:02.378Z', '']","Dima Rodin
Level 5 Local Expert
Subscribe
January 16, 2025
Бывает покупаем торты тут. Купил торт три- молока а он к сожалению был на половину пропитан.
3
Show business's response",False,"Dima Rodin
Level 5 Local Expert
Subscribe
January 16, 2025
Бывает покупаем торты тут. Купил торт три- молока а он к сожалению был на половину пропитан.
3
Show business's response","Dima Rodin
Level 5 Local Expert
Subscribe
January 16, 2025
Бывает покупаем торты тут. Купил торт три- молока а он к сожалению был на половину пропитан.
3
Hide business's response
Official responseJanuary 20, 2025
Добрый день! Нам очень жаль, что вы столкнулись с данной ситуацией. Обязательно проведем работу над ошибками!","Dima Rodin
Level 5 Local Expert
Subscribe
January 16, 2025
Бывает покупаем торты тут. Купил торт три- молока а он к сожалению был на половину пропитан.
3
Hide business's response
Official responseJanuary 20, 2025
Добрый день! Нам очень жаль, что вы столкнулись с данной ситуацией. Обязательно проведем работу над ошибками!","['5', '']","['4.0', '']","['1', '']","Dima Rodin
Level 5 Local Expert
Subscribe
January 16, 2025
Бывает покупаем торты тут. Купил торт три- молока а он к сожалению был на половину пропитан.
3
Show business's response",be39ba89-98ef-4eac-b90e-47a48484911b
"[None, 'Яна П.']","['https://avatars.mds.yandex.net/get-yapic/42215/RmIEWHG3CkPTVQOB5TmRDFxBA-1/islands-68', '']","[None, 'Яна П.']",,"[None, 'December 13, 2021']","['2021-12-13T10:38:01.541Z', '']","Яна П.
Level 19 Local Expert
Subscribe
December 13, 2021
Вежливый персонал, приятная атмосфера, вкусные торты и кондитерские изделия, единственное мало мест для посадки
1
Show business's response",False,"Яна П.
Level 19 Local Expert
Subscribe
December 13, 2021
Вежливый персонал, приятная атмосфера, вкусные торты и кондитерские изделия, единственное мало мест для посадки
1
Show business's response","Яна П.
Level 19 Local Expert
Subscribe
December 13, 2021
Вежливый персонал, приятная атмосфера, вкусные торты и кондитерские изделия, единственное мало мест для посадки
1
Hide business's response
Official responseFebruary 2, 2022
Добрый день! Благодарим Вас за высокую оценку нашей деятельности! Будем ждать Вас вновь!","Яна П.
Level 19 Local Expert
Subscribe
December 13, 2021
Вежливый персонал, приятная атмосфера, вкусные торты и кондитерские изделия, единственное мало мест для посадки
1
Hide business's response
Official responseFebruary 2, 2022
Добрый день! Благодарим Вас за высокую оценку нашей деятельности! Будем ждать Вас вновь!","['5', '']","['5.0', '']","['1', '']","Яна П.
Level 19 Local Expert
Subscribe
December 13, 2021
Вежливый персонал, приятная атмосфера, вкусные торты и кондитерские изделия, единственное мало мест для посадки
1
Show business's response",cbac6431-4851-4067-bdf8-4651ff4a73f5
"[None, 'Тигра']","['https://avatars.mds.yandex.net/get-yapic/15298/xC3l2tUjnBA3OtrefK1VudZVQ-1/islands-68', '']","[None, 'Тигра']",,"[None, 'November 26, 2022']","['2022-11-26T13:17:10.476Z', '']","Тигра
Level 9 Local Expert
Subscribe
November 26, 2022
Уютно, вкусные пирожные и тортики, ассортимент отличается от других кондитерских.
Качество на уровне
3
Show business's response",False,"Тигра
Level 9 Local Expert
Subscribe
November 26, 2022
Уютно, вкусные пирожные и тортики, ассортимент отличается от других кондитерских.
Качество на уровне
3
Show business's response","Тигра
Level 9 Local Expert
Subscribe
November 26, 2022
Уютно, вкусные пирожные и тортики, ассортимент отличается от других кондитерских.
Качество на уровне
3
Hide business's response
Official responseNovember 27, 2022
Добрый вечер, Ирина! Благодарим Вас за приятный отклик и высокую оценку! Мы продолжим радовать Вас и дальше! Ждем Вас вновь)","Тигра
Level 9 Local Expert
Subscribe
November 26, 2022
Уютно, вкусные пирожные и тортики, ассортимент отличается от других кондитерских.
Качество на уровне
3
Hide business's response
Official responseNovember 27, 2022
Добрый вечер, Ирина! Благодарим Вас за приятный отклик и высокую оценку! Мы продолжим радовать Вас и дальше! Ждем Вас вновь)","['5', '']","['5.0', '']","['1', '']","Тигра
Level 9 Local Expert
Subscribe
November 26, 2022
Уютно, вкусные пирожные и тортики, ассортимент отличается от других кондитерских.
Качество на уровне
3
Show business's response",10f0ad79-b299-4b16-b859-6163c272a866
"[None, 'Елена Крылосова']","['https://avatars.mds.yandex.net/get-yapic/57243/MoDVj9AOTD2kflKviIfoHVoQP9U-1/islands-68', '']","[None, 'Елена Крылосова']",,"[None, 'March 20, 2024']","['2024-03-20T07:44:47.257Z', '']","Елена Крылосова
Level 3 Local Expert
Subscribe
March 20, 2024
Вежливый и отзывчивый персонал. Вкусная продукция. Одно из любимых мест, ходим всей семьёй.
1
Show business's response",False,"Елена Крылосова
Level 3 Local Expert
Subscribe
March 20, 2024
Вежливый и отзывчивый персонал. Вкусная продукция. Одно из любимых мест, ходим всей семьёй.
1
Show business's response","Елена Крылосова
Level 3 Local Expert
Subscribe
March 20, 2024
Вежливый и отзывчивый персонал. Вкусная продукция. Одно из любимых мест, ходим всей семьёй.
1
Hide business's response
Official responseApril 7, 2024
Спасибо за такой отзыв","Елена Крылосова
Level 3 Local Expert
Subscribe
March 20, 2024
Вежливый и отзывчивый персонал. Вкусная продукция. Одно из любимых мест, ходим всей семьёй.
1
Hide business's response
Official responseApril 7, 2024
Спасибо за такой отзыв","['5', '']","['5.0', '']","['1', '']","Елена Крылосова
Level 3 Local Expert
Subscribe
March 20, 2024
Вежливый и отзывчивый персонал. Вкусная продукция. Одно из любимых мест, ходим всей семьёй.
1
Show business's response",315649ff-7586-4f0b-9fe3-11a7bbc8c396
"[None, 'Инна Кустова']","['https://avatars.mds.yandex.net/get-yapic/29310/yrI3Lb8QZXuoA0xOxSbn4zLVkig-1/islands-68', '']","[None, 'Инна Кустова']",,"[None, 'October 11, 2021']","['2021-10-11T12:45:16.508Z', '']","Инна Кустова
Level 4 Local Expert
Subscribe
October 11, 2021
Отличное кафе😊Уютная атмосфера, приветливый персонал и ооочень вкусные тортики👍Всем рекомендую посетить это чудесное место 🤗❤💕❤
4
Show business's response",False,"Инна Кустова
Level 4 Local Expert
Subscribe
October 11, 2021
Отличное кафе😊Уютная атмосфера, приветливый персонал и ооочень вкусные тортики👍Всем рекомендую посетить это чудесное место 🤗❤💕❤
4
Show business's response","Инна Кустова
Level 4 Local Expert
Subscribe
October 11, 2021
Отличное кафе😊Уютная атмосфера, приветливый персонал и ооочень вкусные тортики👍Всем рекомендую посетить это чудесное место 🤗❤💕❤
4
Hide business's response
Official responseFebruary 2, 2022
Спасибо за вашу оценку","Инна Кустова
Level 4 Local Expert
Subscribe
October 11, 2021
Отличное кафе😊Уютная атмосфера, приветливый персонал и ооочень вкусные тортики👍Всем рекомендую посетить это чудесное место 🤗❤💕❤
4
Hide business's response
Official responseFebruary 2, 2022
Спасибо за вашу оценку","['5', '']","['5.0', '']","['1', '']","Инна Кустова
Level 4 Local Expert
Subscribe
October 11, 2021
Отличное кафе😊Уютная атмосфера, приветливый персонал и ооочень вкусные тортики👍Всем рекомендую посетить это чудесное место 🤗❤💕❤
4
Show business's response",9ca6b3b4-82f2-4ec2-8dd9-17afd2c131b5
"[None, 'Кирпикова Софья']","['https://avatars.mds.yandex.net/get-yapic/53031/rIuG5xh55QUbJwpNexW5OdoSI0-1/islands-68', '']","[None, 'Кирпикова Софья']",,"[None, 'March 31, 2025']","['2025-03-30T19:24:56.234Z', '']","Кирпикова Софья
Level 5 Local Expert
Subscribe
March 31, 2025
вкусные тортики, за всю стоимость- идеально!
Show business's response",False,"Кирпикова Софья
Level 5 Local Expert
Subscribe
March 31, 2025
вкусные тортики, за всю стоимость- идеально!
Show business's response","Кирпикова Софья
Level 5 Local Expert
Subscribe
March 31, 2025
вкусные тортики, за всю стоимость- идеально!
Hide business's response
Official responseApril 18, 2025
Сердечно благодарим! Такие слова вдохновляют нас творить ещё больше вкусных историй вместе с вами 🍮✨","Кирпикова Софья
Level 5 Local Expert
Subscribe
March 31, 2025
вкусные тортики, за всю стоимость- идеально!
Hide business's response
Official responseApril 18, 2025
Сердечно благодарим! Такие слова вдохновляют нас творить ещё больше вкусных историй вместе с вами 🍮✨","['5', '']","['5.0', '']","['1', '']","Кирпикова Софья
Level 5 Local Expert
Subscribe
March 31, 2025
вкусные тортики, за всю стоимость- идеально!
Show business's response",3cd02dd1-9d49-46c1-b6ff-614093c89ae9
"[None, 'Зайцева']","['https://avatars.mds.yandex.net/get-yapic/68143/0u-2/islands-68', '']","[None, 'Зайцева']",,"[None, 'August 11, 2022']","['2022-08-11T06:10:40.204Z', '']","Зайцева
Level 8 Local Expert
Subscribe
August 11, 2022
Очень вкусные десерты и выпечка! Приятное место для отдыха! Приветливый персонал и всегда всё свежее!!
Show business's response",False,"Зайцева
Level 8 Local Expert
Subscribe
August 11, 2022
Очень вкусные десерты и выпечка! Приятное место для отдыха! Приветливый персонал и всегда всё свежее!!
Show business's response","Зайцева
Level 8 Local Expert
Subscribe
August 11, 2022
Очень вкусные десерты и выпечка! Приятное место для отдыха! Приветливый персонал и всегда всё свежее!!
Hide business's response
Official responseAugust 29, 2022
Добрый день! Мы рады, что наши изделия пришлись Вам по вкусу! Будем рады видеть Вас вновь и вновь!","Зайцева
Level 8 Local Expert
Subscribe
August 11, 2022
Очень вкусные десерты и выпечка! Приятное место для отдыха! Приветливый персонал и всегда всё свежее!!
Hide business's response
Official responseAugust 29, 2022
Добрый день! Мы рады, что наши изделия пришлись Вам по вкусу! Будем рады видеть Вас вновь и вновь!","['5', '']","['5.0', '']","['1', '']","Зайцева
Level 8 Local Expert
Subscribe
August 11, 2022
Очень вкусные десерты и выпечка! Приятное место для отдыха! Приветливый персонал и всегда всё свежее!!
Show business's response",086f28a9-2f09-4dfa-9b06-529814df8971
"[None, 'Елена Гарикова']","['https://avatars.mds.yandex.net/get-yapic/62162/enc-6d5de240c357e7fb542854b7060e13af3f3b956ad2833c364d348661c9673d79/islands-68', '']","[None, 'Елена Гарикова']",,"[None, 'November 12, 2022']","['2022-11-12T16:12:13.984Z', '']","Елена Гарикова
Level 18 Local Expert
Subscribe
November 12, 2022
Маковый торт наш фаворит- вмеру сладкий и Орехово маковый вкус..мммм! Очень вкусно! Всегда в продаже свечи к именинам!
Show business's response",False,"Елена Гарикова
Level 18 Local Expert
Subscribe
November 12, 2022
Маковый торт наш фаворит- вмеру сладкий и Орехово маковый вкус..мммм! Очень вкусно! Всегда в продаже свечи к именинам!
Show business's response","Елена Гарикова
Level 18 Local Expert
Subscribe
November 12, 2022
Маковый торт наш фаворит- вмеру сладкий и Орехово маковый вкус..мммм! Очень вкусно! Всегда в продаже свечи к именинам!
Hide business's response
Official responseNovember 13, 2022
Добрый вечер, Елена! Спасибо Вам за высокую оценку! Мы стараемся для Вас! Ждем Вас вновь и вновь в наших кондитерских в качестве Гостя!","Елена Гарикова
Level 18 Local Expert
Subscribe
November 12, 2022
Маковый торт наш фаворит- вмеру сладкий и Орехово маковый вкус..мммм! Очень вкусно! Всегда в продаже свечи к именинам!
Hide business's response
Official responseNovember 13, 2022
Добрый вечер, Елена! Спасибо Вам за высокую оценку! Мы стараемся для Вас! Ждем Вас вновь и вновь в наших кондитерских в качестве Гостя!","['5', '']","['5.0', '']","['1', '']","Елена Гарикова
Level 18 Local Expert
Subscribe
November 12, 2022
Маковый торт наш фаворит- вмеру сладкий и Орехово маковый вкус..мммм! Очень вкусно! Всегда в продаже свечи к именинам!
Show business's response",bfd81625-1c98-438e-8abf-60efd3166e91
"[None, 'Марина Симонова']","['https://avatars.mds.yandex.net/get-yapic/61207/0a-3/islands-68', '']","[None, 'Марина Симонова']",,"[None, 'December 14, 2025']","['2025-12-14T17:38:05.786Z', '']","Марина Симонова
Level 10 Local Expert
Subscribe
December 14, 2025
Самые вкусные торты тут! Приятные цены
Show business's response",False,"Марина Симонова
Level 10 Local Expert
Subscribe
December 14, 2025
Самые вкусные торты тут! Приятные цены
Show business's response","Марина Симонова
Level 10 Local Expert
Subscribe
December 14, 2025
Самые вкусные торты тут! Приятные цены
Hide business's response
Official responseDecember 15, 2025
Марина, добрый день! Огромное спасибо за такие тёплые слова! Нам невероятно приятно читать ваши искренние отзывы и знать, что наши торты приносят радость.
Будем продолжать радовать вас любимыми десертами и приятными ценами. Спасибо, что выбираете нас! До новых встреч 😉","Марина Симонова
Level 10 Local Expert
Subscribe
December 14, 2025
Самые вкусные торты тут! Приятные цены
Hide business's response
Official responseDecember 15, 2025
Марина, добрый день! Огромное спасибо за такие тёплые слова! Нам невероятно приятно читать ваши искренние отзывы и знать, что наши торты приносят радость.
Будем продолжать радовать вас любимыми десертами и приятными ценами. Спасибо, что выбираете нас! До новых встреч 😉","['5', '']","['5.0', '']","['1', '']","Марина Симонова
Level 10 Local Expert
Subscribe
December 14, 2025
Самые вкусные торты тут! Приятные цены
Show business's response",b89baf79-441b-4ca3-9ce9-2fc9288935dc
"[None, 'Константин Сединин']","['https://avatars.mds.yandex.net/get-yapic/30061/Gh4jgrd1KDZOiaznpkByI7xPA-1/islands-68', '']","[None, 'Константин Сединин']",,"[None, 'September 13, 2023']","['2023-09-13T11:52:38.246Z', '']","Константин Сединин
Level 4 Local Expert
Subscribe
September 13, 2023
Так себе,цены завышенные,очень шумно,очень много кассиров, из-за друг друга не слышат клиентов,что именно нужно,просил пол пирога,взвешали весь, спасибо
4
2
Show business's response",False,"Константин Сединин
Level 4 Local Expert
Subscribe
September 13, 2023
Так себе,цены завышенные,очень шумно,очень много кассиров, из-за друг друга не слышат клиентов,что именно нужно,просил пол пирога,взвешали весь, спасибо
4
2
Show business's response","Константин Сединин
Level 4 Local Expert
Subscribe
September 13, 2023
Так себе,цены завышенные,очень шумно,очень много кассиров, из-за друг друга не слышат клиентов,что именно нужно,просил пол пирога,взвешали весь, спасибо
4
2
Hide business's response
Official responseSeptember 20, 2023
Константин, доброго времени суток! Могли бы Вы поделится, как пришли к такому выводу, что цены завышены? Завышены по сравнению с чем?
Могли бы Вы уточнить дату и время посещения заведения? Мы обязательно всё проверим и проведем работу над ошибками!
Благодарим за обратную связь!","Константин Сединин
Level 4 Local Expert
Subscribe
September 13, 2023
Так себе,цены завышенные,очень шумно,очень много кассиров, из-за друг друга не слышат клиентов,что именно нужно,просил пол пирога,взвешали весь, спасибо
4
2
Hide business's response
Official responseSeptember 20, 2023
Константин, доброго времени суток! Могли бы Вы поделится, как пришли к такому выводу, что цены завышены? Завышены по сравнению с чем?
Могли бы Вы уточнить дату и время посещения заведения? Мы обязательно всё проверим и проведем работу над ошибками!
Благодарим за обратную связь!","['5', '']","['1.0', '']","['1', '']","Константин Сединин
Level 4 Local Expert
Subscribe
September 13, 2023
Так себе,цены завышенные,очень шумно,очень много кассиров, из-за друг друга не слышат клиентов,что именно нужно,просил пол пирога,взвешали весь, спасибо
4
2
Show business's response",6d095f8a-5743-4294-82f7-63933afe643d
"[None, 'Галина']","['https://avatars.mds.yandex.net/get-yapic/31078/0o-4/islands-68', '']","[None, 'Галина']",,"[None, 'May 15, 2023']","['2023-05-15T15:36:30.793Z', '']","Галина
Level 7 Local Expert
Subscribe
May 15, 2023
Цены адекватные. Можно посидеть в кафе, выпить кофе и съесть вкусное пироженое.
Show business's response",False,"Галина
Level 7 Local Expert
Subscribe
May 15, 2023
Цены адекватные. Можно посидеть в кафе, выпить кофе и съесть вкусное пироженое.
Show business's response","Галина
Level 7 Local Expert
Subscribe
May 15, 2023
Цены адекватные. Можно посидеть в кафе, выпить кофе и съесть вкусное пироженое.
Hide business's response
Official responseMay 17, 2023
Спасибо за приятный отклик","Галина
Level 7 Local Expert
Subscribe
May 15, 2023
Цены адекватные. Можно посидеть в кафе, выпить кофе и съесть вкусное пироженое.
Hide business's response
Official responseMay 17, 2023
Спасибо за приятный отклик","['5', '']","['5.0', '']","['1', '']","Галина
Level 7 Local Expert
Subscribe
May 15, 2023
Цены адекватные. Можно посидеть в кафе, выпить кофе и съесть вкусное пироженое.
Show business's response",7e8b1146-8949-4e2b-b663-47c1a56b294a
"[None, 'Irina shipilova']","['https://avatars.mds.yandex.net/get-yapic/26057/0k-9/islands-68', '']","[None, 'Irina shipilova']",,"[None, 'April 27, 2025']","['2025-04-27T11:17:40.534Z', '']","Irina shipilova
Level 10 Local Expert
Subscribe
April 27, 2025
Самые вкусные тортики, трубочки и кофе
3
Show business's response",False,"Irina shipilova
Level 10 Local Expert
Subscribe
April 27, 2025
Самые вкусные тортики, трубочки и кофе
3
Show business's response","Irina shipilova
Level 10 Local Expert
Subscribe
April 27, 2025
Самые вкусные тортики, трубочки и кофе
3
Hide business's response
Official responseMay 5, 2025
Спасибо за приятный отзыв","Irina shipilova
Level 10 Local Expert
Subscribe
April 27, 2025
Самые вкусные тортики, трубочки и кофе
3
Hide business's response
Official responseMay 5, 2025
Спасибо за приятный отзыв","['5', '']","['5.0', '']","['1', '']","Irina shipilova
Level 10 Local Expert
Subscribe
April 27, 2025
Самые вкусные тортики, трубочки и кофе
3
Show business's response",a84a99cc-abb1-4963-88bd-e6ad6921d876
"[None, 'Елена Смольникова']","['https://avatars.mds.yandex.net/get-yapic/65952/R4VrvjDfKzkN3K9KrqYQwj4G1xA-1/islands-68', '']","[None, 'Елена Смольникова']",,"[None, 'January 5']","['2026-01-05T15:09:42.824Z', '']","Елена Смольникова
Level 6 Local Expert
Subscribe
January 5
Вкусно. Качественно. Многообразие вкусов.
Show business's response",False,"Елена Смольникова
Level 6 Local Expert
Subscribe
January 5
Вкусно. Качественно. Многообразие вкусов.
Show business's response","Елена Смольникова
Level 6 Local Expert
Subscribe
January 5
Вкусно. Качественно. Многообразие вкусов.
Hide business's response
Official responseJanuary 6
Елена, добрый день! Спасибо большое за позитивный отзыв и лестные слова о нашей работе! Очень приятно, что вы оценили вкус, качество и разнообразие наших десертов.
Именно ради таких комментариев мы усердно трудимся, стремясь предложить самое лучшее нашим дорогим гостям.
Пусть каждый новый визит принесёт море удовольствия и ярких эмоций!","Елена Смольникова
Level 6 Local Expert
Subscribe
January 5
Вкусно. Качественно. Многообразие вкусов.
Hide business's response
Official responseJanuary 6
Елена, добрый день! Спасибо большое за позитивный отзыв и лестные слова о нашей работе! Очень приятно, что вы оценили вкус, качество и разнообразие наших десертов.
Именно ради таких комментариев мы усердно трудимся, стремясь предложить самое лучшее нашим дорогим гостям.
Пусть каждый новый визит принесёт море удовольствия и ярких эмоций!","['5', '']","['5.0', '']","['1', '']","Елена Смольникова
Level 6 Local Expert
Subscribe
January 5
Вкусно. Качественно. Многообразие вкусов.
Show business's response",37287cb3-eea1-423c-ae12-0d88c9cba4d1
"[None, 'Екатерина Фудзияма']","['https://avatars.mds.yandex.net/get-yapic/38663/bmqyTjhftEPflCr96fK4escTnU4-1/islands-68', '']","[None, 'Екатерина Фудзияма']",,"[None, 'September 14, 2021']","['2021-09-14T14:05:37.810Z', '']","Екатерина Фудзияма
Level 14 Local Expert
Subscribe
September 14, 2021
Вкусные красивые, торты, есть столики можно попить чай, кофе. играет не навязчивая музыка создается ощущение сказки и чудес.
Show business's response",False,"Екатерина Фудзияма
Level 14 Local Expert
Subscribe
September 14, 2021
Вкусные красивые, торты, есть столики можно попить чай, кофе. играет не навязчивая музыка создается ощущение сказки и чудес.
Show business's response","Екатерина Фудзияма
Level 14 Local Expert
Subscribe
September 14, 2021
Вкусные красивые, торты, есть столики можно попить чай, кофе. играет не навязчивая музыка создается ощущение сказки и чудес.
Hide business's response
Official responseFebruary 2, 2022
Добрый день! Благодарим Вас за высокую оценку нашей деятельности! Будем ждать Вас вновь!","Екатерина Фудзияма
Level 14 Local Expert
Subscribe
September 14, 2021
Вкусные красивые, торты, есть столики можно попить чай, кофе. играет не навязчивая музыка создается ощущение сказки и чудес.
Hide business's response
Official responseFebruary 2, 2022
Добрый день! Благодарим Вас за высокую оценку нашей деятельности! Будем ждать Вас вновь!","['5', '']","['5.0', '']","['1', '']","Екатерина Фудзияма
Level 14 Local Expert
Subscribe
September 14, 2021
Вкусные красивые, торты, есть столики можно попить чай, кофе. играет не навязчивая музыка создается ощущение сказки и чудес.
Show business's response",9e35190f-d7d3-4543-9cc5-3ec3fcc5bb9f
"[None, 'Елена Долгих']","['https://avatars.mds.yandex.net/get-yapic/26311/0h-4/islands-68', '']","[None, 'Елена Долгих']",,"[None, 'May 16, 2024']","['2024-05-16T07:05:53.650Z', '']","Елена Долгих
Level 5 Local Expert
Subscribe
May 16, 2024
Всегда вкусные торты,быстрое и вежливое обслуживание.
Show business's response",False,"Елена Долгих
Level 5 Local Expert
Subscribe
May 16, 2024
Всегда вкусные торты,быстрое и вежливое обслуживание.
Show business's response","Елена Долгих
Level 5 Local Expert
Subscribe
May 16, 2024
Всегда вкусные торты,быстрое и вежливое обслуживание.
Hide business's response
Official responseMay 21, 2024
Спасибо за приятный отклик","Елена Долгих
Level 5 Local Expert
Subscribe
May 16, 2024
Всегда вкусные торты,быстрое и вежливое обслуживание.
Hide business's response
Official responseMay 21, 2024
Спасибо за приятный отклик","['5', '']","['5.0', '']","['1', '']","Елена Долгих
Level 5 Local Expert
Subscribe
May 16, 2024
Всегда вкусные торты,быстрое и вежливое обслуживание.
Show business's response",45c69a6c-cffd-4432-9dba-11f35a47b333
"[None, 'Артём Габдрахимов']","['https://avatars.mds.yandex.net/get-yapic/30955/2D6KQxttkSr4IqDVo7bXKRkIAn4-1/islands-68', '']","[None, 'Артём Габдрахимов']",,"[None, 'February 17, 2024']","['2024-02-17T14:13:25.490Z', '']","Артём Габдрахимов
Level 7 Local Expert
Subscribe
February 17, 2024
Позвонил и попросил оставить торт. Оставили) Все быстро и просто. Хороший клиентский сервис.
3
Show business's response",False,"Артём Габдрахимов
Level 7 Local Expert
Subscribe
February 17, 2024
Позвонил и попросил оставить торт. Оставили) Все быстро и просто. Хороший клиентский сервис.
3
Show business's response","Артём Габдрахимов
Level 7 Local Expert
Subscribe
February 17, 2024
Позвонил и попросил оставить торт. Оставили) Все быстро и просто. Хороший клиентский сервис.
3
Hide business's response
Official responseFebruary 27, 2024
Спасибо за приятный отклик","Артём Габдрахимов
Level 7 Local Expert
Subscribe
February 17, 2024
Позвонил и попросил оставить торт. Оставили) Все быстро и просто. Хороший клиентский сервис.
3
Hide business's response
Official responseFebruary 27, 2024
Спасибо за приятный отклик","['5', '']","['5.0', '']","['1', '']","Артём Габдрахимов
Level 7 Local Expert
Subscribe
February 17, 2024
Позвонил и попросил оставить торт. Оставили) Все быстро и просто. Хороший клиентский сервис.
3
Show business's response",9e449bd6-96f6-4184-b893-e6c8f1efedf2
"[None, 'Irina']","['https://avatars.mds.yandex.net/get-yapic/40841/0f-2/islands-68', '']","[None, 'Irina']",,"[None, 'May 2, 2024']","['2024-05-02T15:25:30.998Z', '']","Irina
Level 13 Local Expert
Subscribe
May 2, 2024
Очень приятная атмосфера в самом кафе. И очень вкусные тортики... очень рекомендую@
1
1
Show business's response",False,"Irina
Level 13 Local Expert
Subscribe
May 2, 2024
Очень приятная атмосфера в самом кафе. И очень вкусные тортики... очень рекомендую@
1
1
Show business's response","Irina
Level 13 Local Expert
Subscribe
May 2, 2024
Очень приятная атмосфера в самом кафе. И очень вкусные тортики... очень рекомендую@
1
1
Hide business's response
Official responseMay 5, 2024
Спасибо за приятный отклик","Irina
Level 13 Local Expert
Subscribe
May 2, 2024
Очень приятная атмосфера в самом кафе. И очень вкусные тортики... очень рекомендую@
1
1
Hide business's response
Official responseMay 5, 2024
Спасибо за приятный отклик","['5', '']","['5.0', '']","['1', '']","Irina
Level 13 Local Expert
Subscribe
May 2, 2024
Очень приятная атмосфера в самом кафе. И очень вкусные тортики... очень рекомендую@
1
1
Show business's response",8278e1e7-9ba8-4e4e-b870-6e65b145cab6
,"['https://avatars.mds.yandex.net/get-yapic/68143/0g-8/islands-68', '']","[None, 'Кирилл Власов']",,"[None, 'January 20, 2024']","['2024-01-20T15:59:33.220Z', '']","Кирилл Власов
Level 4 Local Expert
January 20, 2024
Кондитерская просто великолепная
Ходим сюда всей семьёй
Очень уютно, очень вкусно 
Персонал просто красотки!!! 
Если выбираете где купить торт или десерт - вам сюда!
1
Show business's response",False,"Кирилл Власов
Level 4 Local Expert
January 20, 2024
Кондитерская просто великолепная
Ходим сюда всей семьёй
Очень уютно, очень вкусно 
Персонал просто красотки!!! 
Если выбираете где купить торт или десерт - вам сюда!
1
Show business's response","Кирилл Власов
Level 4 Local Expert
January 20, 2024
Кондитерская просто великолепная
Ходим сюда всей семьёй
Очень уютно, очень вкусно 
Персонал просто красотки!!! 
Если выбираете где купить торт или десерт - вам сюда!
1
Hide business's response
Official responseJanuary 22, 2024
Спасибо за приятный отклик","Кирилл Власов
Level 4 Local Expert
January 20, 2024
Кондитерская просто великолепная
Ходим сюда всей семьёй
Очень уютно, очень вкусно 
Персонал просто красотки!!! 
Если выбираете где купить торт или десерт - вам сюда!
1
Hide business's response
Official responseJanuary 22, 2024
Спасибо за приятный отклик","['5', '']","['5.0', '']","['1', '']","Кирилл Власов
Level 4 Local Expert
January 20, 2024
Кондитерская просто великолепная
Ходим сюда всей семьёй
Очень уютно, очень вкусно 
Персонал просто красотки!!! 
Если выбираете где купить торт или десерт - вам сюда!
1
Show business's response",68bf095e-d709-48e4-9153-8370be5ea1ca
"[None, 'Александр Меркушев']","['https://avatars.mds.yandex.net/get-yapic/61207/0m-1/islands-68', '']","[None, 'Александр Меркушев']",,"[None, 'December 27, 2022']","['2022-12-27T18:45:54.165Z', '']","Александр Меркушев
Level 6 Local Expert
Subscribe
December 27, 2022
Здесь уютно, заходили перекусить с ребёнком, нам понравилось. Цены умеренные. 
Кстати, рекомендую торт ""Три молока"" - очень вкусный!
3
Show business's response",False,"Александр Меркушев
Level 6 Local Expert
Subscribe
December 27, 2022
Здесь уютно, заходили перекусить с ребёнком, нам понравилось. Цены умеренные. 
Кстати, рекомендую торт ""Три молока"" - очень вкусный!
3
Show business's response","Александр Меркушев
Level 6 Local Expert
Subscribe
December 27, 2022
Здесь уютно, заходили перекусить с ребёнком, нам понравилось. Цены умеренные. 
Кстати, рекомендую торт ""Три молока"" - очень вкусный!
3
Hide business's response
Official responseJanuary 10, 2023
Благодарим за ваш отзыв","Александр Меркушев
Level 6 Local Expert
Subscribe
December 27, 2022
Здесь уютно, заходили перекусить с ребёнком, нам понравилось. Цены умеренные. 
Кстати, рекомендую торт ""Три молока"" - очень вкусный!
3
Hide business's response
Official responseJanuary 10, 2023
Благодарим за ваш отзыв","['5', '']","['5.0', '']","['1', '']","Александр Меркушев
Level 6 Local Expert
Subscribe
December 27, 2022
Здесь уютно, заходили перекусить с ребёнком, нам понравилось. Цены умеренные. 
Кстати, рекомендую торт ""Три молока"" - очень вкусный!
3
Show business's response",1e5a6a05-1543-48eb-8ab8-b57e64feef32
"[None, 'Martes к']","['https://avatars.mds.yandex.net/get-yapic/26311/0c-2/islands-68', '']","[None, 'Martes к']",,"[None, 'May 2']","['2026-05-02T07:02:35.542Z', '']","Martes к
Level 2 Local Expert
Subscribe
May 2
Добрый день! Не первый раз хожу в данное заведение и мне есть что сказать.
Начну с плюсов:
1) Еда и напитки действительно приготовлены…
more",False,"Martes к
Level 2 Local Expert
Subscribe
May 2
Добрый день! Не первый раз хожу в данное заведение и мне есть что сказать.
Начну с плюсов:
1) Еда и напитки действительно приготовлены…
more",,,"['5', '']","['3.0', '']","['1', '']","Martes к
Level 2 Local Expert
Subscribe
May 2
Добрый день! Не первый раз хожу в данное заведение и мне есть что сказать.
Начну с плюсов:
1) Еда и напитки действительно приготовлены…
more",748a0802-70f7-4b20-9eea-6428ed7e40e4
"[None, '939761 Зубарева']","['https://avatars.mds.yandex.net/get-yapic/27274/h1DJB6Y8u47K1jRJdgdA2wlrBzc-1/islands-68', '']","[None, '939761 Зубарева']",,"[None, 'November 5, 2022']","['2022-11-05T11:13:20.242Z', '']","939761 Зубарева
Level 9 Local Expert
Subscribe
November 5, 2022
Очень вкусные торты и приемлемые цены! В день рождения делают скидку,это приятный бонус! Советую!
1
1
Show business's response",False,"939761 Зубарева
Level 9 Local Expert
Subscribe
November 5, 2022
Очень вкусные торты и приемлемые цены! В день рождения делают скидку,это приятный бонус! Советую!
1
1
Show business's response","939761 Зубарева
Level 9 Local Expert
Subscribe
November 5, 2022
Очень вкусные торты и приемлемые цены! В день рождения делают скидку,это приятный бонус! Советую!
1
1
Hide business's response
Official responseNovember 7, 2022
Добрый день! Спасибо за приятный отклик и высокую оценку! Всегда рады видеть Вас в качестве Гостя!","939761 Зубарева
Level 9 Local Expert
Subscribe
November 5, 2022
Очень вкусные торты и приемлемые цены! В день рождения делают скидку,это приятный бонус! Советую!
1
1
Hide business's response
Official responseNovember 7, 2022
Добрый день! Спасибо за приятный отклик и высокую оценку! Всегда рады видеть Вас в качестве Гостя!","['5', '']","['5.0', '']","['1', '']","939761 Зубарева
Level 9 Local Expert
Subscribe
November 5, 2022
Очень вкусные торты и приемлемые цены! В день рождения делают скидку,это приятный бонус! Советую!
1
1
Show business's response",527578bf-d4a7-47f3-a3c4-b1e2f7be5304
"[None, 'Александр Булычев']","['https://avatars.mds.yandex.net/get-yapic/34189/enc-826cfb1910fd5908ace6f45004b1c3dce84407b220ce5dd608b4ea3e86c0824a/islands-68', '']","[None, 'Александр Булычев']",,"[None, 'June 4, 2023']","['2023-06-04T11:59:09.560Z', '']","Александр Булычев
Level 7 Local Expert
Subscribe
June 4, 2023
Вкусные и оригинальные торты. Цена средняя, качество высокое.
Show business's response",False,"Александр Булычев
Level 7 Local Expert
Subscribe
June 4, 2023
Вкусные и оригинальные торты. Цена средняя, качество высокое.
Show business's response","Александр Булычев
Level 7 Local Expert
Subscribe
June 4, 2023
Вкусные и оригинальные торты. Цена средняя, качество высокое.
Hide business's response
Official responseJune 7, 2023
Спасибо за приятный отзыв","Александр Булычев
Level 7 Local Expert
Subscribe
June 4, 2023
Вкусные и оригинальные торты. Цена средняя, качество высокое.
Hide business's response
Official responseJune 7, 2023
Спасибо за приятный отзыв","['5', '']","['5.0', '']","['1', '']","Александр Булычев
Level 7 Local Expert
Subscribe
June 4, 2023
Вкусные и оригинальные торты. Цена средняя, качество высокое.
Show business's response",6e7d1789-a90d-4041-83b3-fa1137a13997
"[None, 'Mots']","['https://avatars.mds.yandex.net/get-yapic/57243/BxCAOZ0tkXUWpmektdyIjtCu5IU-1/islands-68', '']","[None, 'Mots']",,"[None, 'November 4, 2024']","['2024-11-04T07:32:39.117Z', '']","Mots
Level 6 Local Expert
Subscribe
November 4, 2024
Вкусные десерты, красивый интерьер
1
Show business's response",False,"Mots
Level 6 Local Expert
Subscribe
November 4, 2024
Вкусные десерты, красивый интерьер
1
Show business's response","Mots
Level 6 Local Expert
Subscribe
November 4, 2024
Вкусные десерты, красивый интерьер
1
Hide business's response
Official responseNovember 7, 2024
Спасибо за приятный отклик","Mots
Level 6 Local Expert
Subscribe
November 4, 2024
Вкусные десерты, красивый интерьер
1
Hide business's response
Official responseNovember 7, 2024
Спасибо за приятный отклик","['5', '']","['5.0', '']","['1', '']","Mots
Level 6 Local Expert
Subscribe
November 4, 2024
Вкусные десерты, красивый интерьер
1
Show business's response",51d845b7-6ddc-4a95-8ad0-cedac1bc5288
"[None, 'Елена Казакова']",,"[None, 'Елена Казакова']",,"[None, 'June 17, 2022']","['2022-06-17T11:58:36.188Z', '']","Е
Елена Казакова
Level 11 Local Expert
Subscribe
June 17, 2022
Любимое место для нас с ребёнком, вкусные десерты, есть любимое пирожное ""корзиночки с белковым кремом""
3
Show business's response",False,"Е
Елена Казакова
Level 11 Local Expert
Subscribe
June 17, 2022
Любимое место для нас с ребёнком, вкусные десерты, есть любимое пирожное ""корзиночки с белковым кремом""
3
Show business's response","Е
Елена Казакова
Level 11 Local Expert
Subscribe
June 17, 2022
Любимое место для нас с ребёнком, вкусные десерты, есть любимое пирожное ""корзиночки с белковым кремом""
3
Hide business's response
Official responseJuly 20, 2022
Добрый день! Мы искренне благодарим Вас за столь тёплые слова и за то что Вы оценили наш труд! Мы продолжим радовать Вас и Вашего ребёнка ещё больше! С нетерпением ждём новой встречи с Вами!","Е
Елена Казакова
Level 11 Local Expert
Subscribe
June 17, 2022
Любимое место для нас с ребёнком, вкусные десерты, есть любимое пирожное ""корзиночки с белковым кремом""
3
Hide business's response
Official responseJuly 20, 2022
Добрый день! Мы искренне благодарим Вас за столь тёплые слова и за то что Вы оценили наш труд! Мы продолжим радовать Вас и Вашего ребёнка ещё больше! С нетерпением ждём новой встречи с Вами!","['5', '']","['5.0', '']","['1', '']","Е
Елена Казакова
Level 11 Local Expert
Subscribe
June 17, 2022
Любимое место для нас с ребёнком, вкусные десерты, есть любимое пирожное ""корзиночки с белковым кремом""
3
Show business's response",ed0d553e-cb46-434d-beaf-ba1f43736d9d
"[None, 'Кирилл Ярыгин']","['https://avatars.mds.yandex.net/get-yapic/50595/0t-8/islands-68', '']","[None, 'Кирилл Ярыгин']",,"[None, 'December 14, 2023']","['2023-12-14T08:21:15.832Z', '']","Кирилл Ярыгин
Level 22 Local Expert
Subscribe
December 14, 2023
Обычная кондитерка, цены ломят , но некоторые пирожные вкусные , да) а другие дак куча крема
Show business's response",False,"Кирилл Ярыгин
Level 22 Local Expert
Subscribe
December 14, 2023
Обычная кондитерка, цены ломят , но некоторые пирожные вкусные , да) а другие дак куча крема
Show business's response","Кирилл Ярыгин
Level 22 Local Expert
Subscribe
December 14, 2023
Обычная кондитерка, цены ломят , но некоторые пирожные вкусные , да) а другие дак куча крема
Hide business's response
Official responseDecember 17, 2023
Спасибо, мы учтём","Кирилл Ярыгин
Level 22 Local Expert
Subscribe
December 14, 2023
Обычная кондитерка, цены ломят , но некоторые пирожные вкусные , да) а другие дак куча крема
Hide business's response
Official responseDecember 17, 2023
Спасибо, мы учтём","['5', '']","['4.0', '']","['1', '']","Кирилл Ярыгин
Level 22 Local Expert
Subscribe
December 14, 2023
Обычная кондитерка, цены ломят , но некоторые пирожные вкусные , да) а другие дак куча крема
Show business's response",3393bf89-2aee-4be9-aaf5-8adf0f5575fa
"[None, 'Юлия Александрова']","['https://avatars.mds.yandex.net/get-yapic/27274/8Raq6NqcGHGjX0xavFezJgRi6k-1/islands-68', '']","[None, 'Юлия Александрова']",,"[None, 'May 8, 2023']","['2023-05-08T11:26:10.249Z', '']","Юлия Александрова
Level 11 Local Expert
Subscribe
May 8, 2023
Хожу сюда через день! Очень нравиться! Но иногда когда прихожу вечером, часов в 7,8 тортики уже заветренные и не такие сочные!)) это печально, но все же вкусно 🤤
Show business's response",False,"Юлия Александрова
Level 11 Local Expert
Subscribe
May 8, 2023
Хожу сюда через день! Очень нравиться! Но иногда когда прихожу вечером, часов в 7,8 тортики уже заветренные и не такие сочные!)) это печально, но все же вкусно 🤤
Show business's response","Юлия Александрова
Level 11 Local Expert
Subscribe
May 8, 2023
Хожу сюда через день! Очень нравиться! Но иногда когда прихожу вечером, часов в 7,8 тортики уже заветренные и не такие сочные!)) это печально, но все же вкусно 🤤
Hide business's response
Official responseMay 17, 2023
Спасибо за оценку","Юлия Александрова
Level 11 Local Expert
Subscribe
May 8, 2023
Хожу сюда через день! Очень нравиться! Но иногда когда прихожу вечером, часов в 7,8 тортики уже заветренные и не такие сочные!)) это печально, но все же вкусно 🤤
Hide business's response
Official responseMay 17, 2023
Спасибо за оценку","['5', '']","['5.0', '']","['1', '']","Юлия Александрова
Level 11 Local Expert
Subscribe
May 8, 2023
Хожу сюда через день! Очень нравиться! Но иногда когда прихожу вечером, часов в 7,8 тортики уже заветренные и не такие сочные!)) это печально, но все же вкусно 🤤
Show business's response",169ae958-74d5-4cae-b60a-8d6c6a5a2311
"[None, 'Александр Найданов']","['https://avatars.mds.yandex.net/get-yapic/61207/0o-3/islands-68', '']","[None, 'Александр Найданов']",,"[None, 'August 29, 2025']","['2025-08-29T18:05:46.604Z', '']","Александр Найданов
Level 3 Local Expert
Subscribe
August 29, 2025
Уютное семейное кафе. Если заказывать торт то у них!
Show business's response",False,"Александр Найданов
Level 3 Local Expert
Subscribe
August 29, 2025
Уютное семейное кафе. Если заказывать торт то у них!
Show business's response","Александр Найданов
Level 3 Local Expert
Subscribe
August 29, 2025
Уютное семейное кафе. Если заказывать торт то у них!
Hide business's response
Official responseAugust 30, 2025
Александр, добрый день! От всей души благодарим вас за этот тёплый отзыв! Создать по-настоящему уютное пространство, куда хочется возвращаться с близкими, — это именно то, к чему мы стремимся. И мы невероятно счастливы, что вы по достоинству оценили и атмосферу, и нашу кондитерскую магию!

Для нас большая честь быть вашими личными кондитерами для самых важных семейных праздников и просто для сладких вечеров. Ваша рекомендация для нас дорогого стоит❤️","Александр Найданов
Level 3 Local Expert
Subscribe
August 29, 2025
Уютное семейное кафе. Если заказывать торт то у них!
Hide business's response
Official responseAugust 30, 2025
Александр, добрый день! От всей души благодарим вас за этот тёплый отзыв! Создать по-настоящему уютное пространство, куда хочется возвращаться с близкими, — это именно то, к чему мы стремимся. И мы невероятно счастливы, что вы по достоинству оценили и атмосферу, и нашу кондитерскую магию!

Для нас большая честь быть вашими личными кондитерами для самых важных семейных праздников и просто для сладких вечеров. Ваша рекомендация для нас дорогого стоит❤️","['5', '']","['4.0', '']","['1', '']","Александр Найданов
Level 3 Local Expert
Subscribe
August 29, 2025
Уютное семейное кафе. Если заказывать торт то у них!
Show business's response",97f991e3-b3bf-4c6f-b66f-57383c31bc9e
,,"[None, 'Dyb Huk']",,"[None, 'January 7, 2022']","['2022-01-07T10:36:22.118Z', '']","D
Dyb Huk
Level 22 Local Expert
January 7, 2022
Самые вкусные торты, пирожные, пироги, выпечка за разумные деньги. Приятно посидеть. Но необходимо огородить столики на входе, не уютно сидеть на проходе. В час пик в праздники, надо бы с запасом продукцию и касс добавить, а то скапливается очередь аж до входа. Да и не мешало бы с парковкой вопрос организовать.
1
Show business's response",False,"D
Dyb Huk
Level 22 Local Expert
January 7, 2022
Самые вкусные торты, пирожные, пироги, выпечка за разумные деньги. Приятно посидеть. Но необходимо огородить столики на входе, не уютно сидеть на проходе. В час пик в праздники, надо бы с запасом продукцию и касс добавить, а то скапливается очередь аж до входа. Да и не мешало бы с парковкой вопрос организовать.
1
Show business's response","D
Dyb Huk
Level 22 Local Expert
January 7, 2022
Самые вкусные торты, пирожные, пироги, выпечка за разумные деньги. Приятно посидеть. Но необходимо огородить столики на входе, не уютно сидеть на проходе. В час пик в праздники, надо бы с запасом продукцию и касс добавить, а то скапливается очередь аж до входа. Да и не мешало бы с парковкой вопрос организовать.
1
Hide business's response
Official responseFebruary 2, 2022
Добрый день! Благодарим Вас за высокую оценку нашей деятельности! И за пожелания и замечания. будем стараться становиться лучше! Будем ждать Вас вновь!","D
Dyb Huk
Level 22 Local Expert
January 7, 2022
Самые вкусные торты, пирожные, пироги, выпечка за разумные деньги. Приятно посидеть. Но необходимо огородить столики на входе, не уютно сидеть на проходе. В час пик в праздники, надо бы с запасом продукцию и касс добавить, а то скапливается очередь аж до входа. Да и не мешало бы с парковкой вопрос организовать.
1
Hide business's response
Official responseFebruary 2, 2022
Добрый день! Благодарим Вас за высокую оценку нашей деятельности! И за пожелания и замечания. будем стараться становиться лучше! Будем ждать Вас вновь!","['5', '']","['5.0', '']","['1', '']","D
Dyb Huk
Level 22 Local Expert
January 7, 2022
Самые вкусные торты, пирожные, пироги, выпечка за разумные деньги. Приятно посидеть. Но необходимо огородить столики на входе, не уютно сидеть на проходе. В час пик в праздники, надо бы с запасом продукцию и касс добавить, а то скапливается очередь аж до входа. Да и не мешало бы с парковкой вопрос организовать.
1
Show business's response",c9e0032f-39d5-46e1-a8d2-32e68fb5bab7
"[None, 'Анастасия Р.']","['https://avatars.mds.yandex.net/get-yapic/53031/0s-5/islands-68', '']","[None, 'Анастасия Р.']",,"[None, 'December 3, 2025']","['2025-12-03T17:56:33.968Z', '']","Анастасия Р.
Level 4 Local Expert
Subscribe
December 3, 2025
Очень атмосферное место
Show business's response",False,"Анастасия Р.
Level 4 Local Expert
Subscribe
December 3, 2025
Очень атмосферное место
Show business's response","Анастасия Р.
Level 4 Local Expert
Subscribe
December 3, 2025
Очень атмосферное место
Hide business's response
Official responseDecember 4, 2025
Анастасия, добрый день! Большое спасибо за ваш отзыв! 🌿 Атмосфера нашего кафе действительно важна для нас, мы стараемся создать пространство, где каждый гость чувствует себя комфортно и вдохновлённо. Очень рады, что вам понравилось! Ждём вас снова!","Анастасия Р.
Level 4 Local Expert
Subscribe
December 3, 2025
Очень атмосферное место
Hide business's response
Official responseDecember 4, 2025
Анастасия, добрый день! Большое спасибо за ваш отзыв! 🌿 Атмосфера нашего кафе действительно важна для нас, мы стараемся создать пространство, где каждый гость чувствует себя комфортно и вдохновлённо. Очень рады, что вам понравилось! Ждём вас снова!","['5', '']","['5.0', '']","['1', '']","Анастасия Р.
Level 4 Local Expert
Subscribe
December 3, 2025
Очень атмосферное место
Show business's response",f9b3fb4d-823a-4035-94be-95dbfcc23efe
"[None, 'Ольга Муравьева']","['https://avatars.mds.yandex.net/get-yapic/28053/enc-f03f5f41fb5467f39f069d514bfa8b7f2557cc7e44f0151a7b17622636464136/islands-68', '']","[None, 'Ольга Муравьева']",,"[None, 'July 7, 2021']","['2021-07-07T13:52:41.667Z', '']","Ольга Муравьева
Level 5 Local Expert
Subscribe
July 7, 2021
Торты не очень вкусные, изготовлены только по их размерам, по размеру заказчика не делают, и ассортимент небольшой.
3
Show business's response",False,"Ольга Муравьева
Level 5 Local Expert
Subscribe
July 7, 2021
Торты не очень вкусные, изготовлены только по их размерам, по размеру заказчика не делают, и ассортимент небольшой.
3
Show business's response","Ольга Муравьева
Level 5 Local Expert
Subscribe
July 7, 2021
Торты не очень вкусные, изготовлены только по их размерам, по размеру заказчика не делают, и ассортимент небольшой.
3
Hide business's response
Official responseFebruary 2, 2022
Добрый день! Благодарим Вас за обратную связь! Будем ждать Вас вновь!","Ольга Муравьева
Level 5 Local Expert
Subscribe
July 7, 2021
Торты не очень вкусные, изготовлены только по их размерам, по размеру заказчика не делают, и ассортимент небольшой.
3
Hide business's response
Official responseFebruary 2, 2022
Добрый день! Благодарим Вас за обратную связь! Будем ждать Вас вновь!","['5', '']","['3.0', '']","['1', '']","Ольга Муравьева
Level 5 Local Expert
Subscribe
July 7, 2021
Торты не очень вкусные, изготовлены только по их размерам, по размеру заказчика не делают, и ассортимент небольшой.
3
Show business's response",ab2169e3-c821-49e3-819e-a7cdcf369ecd
"[None, 'Наталья Терехова']","['https://avatars.mds.yandex.net/get-yapic/50595/4Fj86jUoCZon1Pkce1psIYxNGQ-1/islands-68', '']","[None, 'Наталья Терехова']",,"[None, 'August 9, 2023']","['2023-08-09T17:17:24.073Z', '']","Наталья Терехова
Level 6 Local Expert
Subscribe
August 9, 2023
Большой выбор выпечки,десерты,торты.Лояльные цены,можно на вынос .
3
Show business's response",False,"Наталья Терехова
Level 6 Local Expert
Subscribe
August 9, 2023
Большой выбор выпечки,десерты,торты.Лояльные цены,можно на вынос .
3
Show business's response","Наталья Терехова
Level 6 Local Expert
Subscribe
August 9, 2023
Большой выбор выпечки,десерты,торты.Лояльные цены,можно на вынос .
3
Hide business's response
Official responseAugust 15, 2023
Спасибо за ваш отклик","Наталья Терехова
Level 6 Local Expert
Subscribe
August 9, 2023
Большой выбор выпечки,десерты,торты.Лояльные цены,можно на вынос .
3
Hide business's response
Official responseAugust 15, 2023
Спасибо за ваш отклик","['5', '']","['5.0', '']","['1', '']","Наталья Терехова
Level 6 Local Expert
Subscribe
August 9, 2023
Большой выбор выпечки,десерты,торты.Лояльные цены,можно на вынос .
3
Show business's response",52b5e4c3-03b1-42c6-a02d-087883d65b0d
"[None, 'Каролина Микаилова']","['https://avatars.mds.yandex.net/get-yapic/53031/0s-5/islands-68', '']","[None, 'Каролина Микаилова']",,"[None, 'September 29, 2025']","['2025-09-29T17:19:44.232Z', '']","Каролина Микаилова
Level 5 Local Expert
Subscribe
September 29, 2025
Лучший морковный торт именно здесь.
Show business's response",False,"Каролина Микаилова
Level 5 Local Expert
Subscribe
September 29, 2025
Лучший морковный торт именно здесь.
Show business's response","Каролина Микаилова
Level 5 Local Expert
Subscribe
September 29, 2025
Лучший морковный торт именно здесь.
Hide business's response
Official responseSeptember 30, 2025
Каролина, добрый день! Какой чудесный отзыв! Наша команда очень рада, что наш морковный торт стал вашим любимым лакомством. Ваша поддержка и признание вдохновляют нас творить ещё больше кулинарных шедевров. Большое спасибо, что выбрали нас! До новых встреч и сладких моментов вместе! 🍰✨","Каролина Микаилова
Level 5 Local Expert
Subscribe
September 29, 2025
Лучший морковный торт именно здесь.
Hide business's response
Official responseSeptember 30, 2025
Каролина, добрый день! Какой чудесный отзыв! Наша команда очень рада, что наш морковный торт стал вашим любимым лакомством. Ваша поддержка и признание вдохновляют нас творить ещё больше кулинарных шедевров. Большое спасибо, что выбрали нас! До новых встреч и сладких моментов вместе! 🍰✨","['5', '']","['5.0', '']","['1', '']","Каролина Микаилова
Level 5 Local Expert
Subscribe
September 29, 2025
Лучший морковный торт именно здесь.
Show business's response",c181ac1c-f80d-49d2-92fc-32afb0b5f877
"[None, 'Игорь Цой']","['https://avatars.mds.yandex.net/get-yapic/26311/1vduFS6AhnKVZgYVWxRQf1DQ-1/islands-68', '']","[None, 'Игорь Цой']",,"[None, 'January 10, 2023']","['2023-01-10T14:20:32.406Z', '']","Игорь Цой
Level 11 Local Expert
Subscribe
January 10, 2023
Хорошая выпечка, высокий ценник. Красивый интерьер, вежливые сотрудники.
4
Show business's response",False,"Игорь Цой
Level 11 Local Expert
Subscribe
January 10, 2023
Хорошая выпечка, высокий ценник. Красивый интерьер, вежливые сотрудники.
4
Show business's response","Игорь Цой
Level 11 Local Expert
Subscribe
January 10, 2023
Хорошая выпечка, высокий ценник. Красивый интерьер, вежливые сотрудники.
4
Hide business's response
Official responseJanuary 13, 2023
Спасибо, за ваш отзыв","Игорь Цой
Level 11 Local Expert
Subscribe
January 10, 2023
Хорошая выпечка, высокий ценник. Красивый интерьер, вежливые сотрудники.
4
Hide business's response
Official responseJanuary 13, 2023
Спасибо, за ваш отзыв","['5', '']","['4.0', '']","['1', '']","Игорь Цой
Level 11 Local Expert
Subscribe
January 10, 2023
Хорошая выпечка, высокий ценник. Красивый интерьер, вежливые сотрудники.
4
Show business's response",c1280884-3569-475d-8831-cb7d8870bb27
"[None, 'Анастасия Лимонова']","['https://avatars.mds.yandex.net/get-yapic/30061/H84vQcWWW4PQF2C8W9mMISgZhek-1/islands-68', '']","[None, 'Анастасия Лимонова']",,"[None, 'March 30, 2024']","['2024-03-30T15:41:47.402Z', '']","Анастасия Лимонова
Level 7 Local Expert
Subscribe
March 30, 2024
Самые вкусные тортики в городе! Попробовав один раз влюбишься навсегда, просто пальчики оближешь как вкусно
3
Show business's response",False,"Анастасия Лимонова
Level 7 Local Expert
Subscribe
March 30, 2024
Самые вкусные тортики в городе! Попробовав один раз влюбишься навсегда, просто пальчики оближешь как вкусно
3
Show business's response","Анастасия Лимонова
Level 7 Local Expert
Subscribe
March 30, 2024
Самые вкусные тортики в городе! Попробовав один раз влюбишься навсегда, просто пальчики оближешь как вкусно
3
Hide business's response
Official responseApril 7, 2024
Спасибо, что оценили","Анастасия Лимонова
Level 7 Local Expert
Subscribe
March 30, 2024
Самые вкусные тортики в городе! Попробовав один раз влюбишься навсегда, просто пальчики оближешь как вкусно
3
Hide business's response
Official responseApril 7, 2024
Спасибо, что оценили","['5', '']","['5.0', '']","['1', '']","Анастасия Лимонова
Level 7 Local Expert
Subscribe
March 30, 2024
Самые вкусные тортики в городе! Попробовав один раз влюбишься навсегда, просто пальчики оближешь как вкусно
3
Show business's response",ef482e35-e7fb-487a-bc89-9c728c7e639c
"[None, 'Есения Пятунина']","['https://avatars.mds.yandex.net/get-yapic/31804/dKVehCsZRYc5JW02G7iizOvxkMY-1/islands-68', '']","[None, 'Есения Пятунина']",,"[None, 'January 13, 2023']","['2023-01-13T13:20:30.147Z', '']","Есения Пятунина
Level 3 Local Expert
Subscribe
January 13, 2023
Очень уютное кафе и большой выбор десертов, а также выпечки! Всем советую
3
Show business's response",False,"Есения Пятунина
Level 3 Local Expert
Subscribe
January 13, 2023
Очень уютное кафе и большой выбор десертов, а также выпечки! Всем советую
3
Show business's response","Есения Пятунина
Level 3 Local Expert
Subscribe
January 13, 2023
Очень уютное кафе и большой выбор десертов, а также выпечки! Всем советую
3
Hide business's response
Official responseJanuary 16, 2023
Спасибо за приятный отзыв","Есения Пятунина
Level 3 Local Expert
Subscribe
January 13, 2023
Очень уютное кафе и большой выбор десертов, а также выпечки! Всем советую
3
Hide business's response
Official responseJanuary 16, 2023
Спасибо за приятный отзыв","['5', '']","['5.0', '']","['1', '']","Есения Пятунина
Level 3 Local Expert
Subscribe
January 13, 2023
Очень уютное кафе и большой выбор десертов, а также выпечки! Всем советую
3
Show business's response",cf1b2c42-068a-4837-bb43-9ec35582a36a
"[None, 'Алла']","['https://avatars.mds.yandex.net/get-yapic/26057/brwl25puvI7SI2WIa9YbLz4I1AQ-1/islands-68', '']","[None, 'Алла']",,"[None, 'January 6, 2025']","['2025-01-05T21:20:51.795Z', '']","Алла
Level 5 Local Expert
Subscribe
January 6, 2025
Вкусные десерты , пельмешки ,выпечка
3
Show business's response",False,"Алла
Level 5 Local Expert
Subscribe
January 6, 2025
Вкусные десерты , пельмешки ,выпечка
3
Show business's response","Алла
Level 5 Local Expert
Subscribe
January 6, 2025
Вкусные десерты , пельмешки ,выпечка
3
Hide business's response
Official responseJanuary 8, 2025
Благодарим за ваш отзыв","Алла
Level 5 Local Expert
Subscribe
January 6, 2025
Вкусные десерты , пельмешки ,выпечка
3
Hide business's response
Official responseJanuary 8, 2025
Благодарим за ваш отзыв","['5', '']","['5.0', '']","['1', '']","Алла
Level 5 Local Expert
Subscribe
January 6, 2025
Вкусные десерты , пельмешки ,выпечка
3
Show business's response",41227cd6-180a-4648-83f7-ba08adbf0d1f
"[None, 'Александр Шадрин']","['https://avatars.mds.yandex.net/get-yapic/51381/0h-7/islands-68', '']","[None, 'Александр Шадрин']",,"[None, 'June 26, 2023']","['2023-06-26T15:32:46.688Z', '']","Александр Шадрин
Level 4 Local Expert
Subscribe
June 26, 2023
Отличная кулинария. Шикарные, свежие, очень-очень вкусные торты. Всем рекомендую.
3
Show business's response",False,"Александр Шадрин
Level 4 Local Expert
Subscribe
June 26, 2023
Отличная кулинария. Шикарные, свежие, очень-очень вкусные торты. Всем рекомендую.
3
Show business's response","Александр Шадрин
Level 4 Local Expert
Subscribe
June 26, 2023
Отличная кулинария. Шикарные, свежие, очень-очень вкусные торты. Всем рекомендую.
3
Hide business's response
Official responseJune 30, 2023
Спасибо, что оценили!","Александр Шадрин
Level 4 Local Expert
Subscribe
June 26, 2023
Отличная кулинария. Шикарные, свежие, очень-очень вкусные торты. Всем рекомендую.
3
Hide business's response
Official responseJune 30, 2023
Спасибо, что оценили!","['5', '']","['5.0', '']","['1', '']","Александр Шадрин
Level 4 Local Expert
Subscribe
June 26, 2023
Отличная кулинария. Шикарные, свежие, очень-очень вкусные торты. Всем рекомендую.
3
Show business's response",fc6e0c85-e356-42b8-b94d-8754335f820f
,"['https://avatars.mds.yandex.net/get-yapic/69015/7bW3VUzVyy17ZPtSNB0AbMw-1/islands-68', '']","[None, 'Бугор Ухабович Нароев']",,"[None, 'December 7, 2023']","['2023-12-07T17:15:25.687Z', '']","Бугор Ухабович Нароев
Level 11 Local Expert
December 7, 2023
Регулярно покупаем здесь торты для семейных торжеств. Всегда большой выбор и отличный вкус! А ещё приятная скидка для именинников!
2
Show business's response",False,"Бугор Ухабович Нароев
Level 11 Local Expert
December 7, 2023
Регулярно покупаем здесь торты для семейных торжеств. Всегда большой выбор и отличный вкус! А ещё приятная скидка для именинников!
2
Show business's response","Бугор Ухабович Нароев
Level 11 Local Expert
December 7, 2023
Регулярно покупаем здесь торты для семейных торжеств. Всегда большой выбор и отличный вкус! А ещё приятная скидка для именинников!
2
Hide business's response
Official responseDecember 12, 2023
Спасибо за приятный отклик","Бугор Ухабович Нароев
Level 11 Local Expert
December 7, 2023
Регулярно покупаем здесь торты для семейных торжеств. Всегда большой выбор и отличный вкус! А ещё приятная скидка для именинников!
2
Hide business's response
Official responseDecember 12, 2023
Спасибо за приятный отклик","['5', '']","['5.0', '']","['1', '']","Бугор Ухабович Нароев
Level 11 Local Expert
December 7, 2023
Регулярно покупаем здесь торты для семейных торжеств. Всегда большой выбор и отличный вкус! А ещё приятная скидка для именинников!
2
Show business's response",bd4790c8-f525-4939-9438-3ca726f2ea98
"[None, 'Алена Угринова']","['https://avatars.mds.yandex.net/get-yapic/26311/0u-1/islands-68', '']","[None, 'Алена Угринова']",,"[None, 'September 20, 2024']","['2024-09-20T13:39:14.432Z', '']","Алена Угринова
Level 4 Local Expert
Subscribe
September 20, 2024
Лучшее место в городе. Пироженки и кофе огнище. Спасибо!
Show business's response",False,"Алена Угринова
Level 4 Local Expert
Subscribe
September 20, 2024
Лучшее место в городе. Пироженки и кофе огнище. Спасибо!
Show business's response","Алена Угринова
Level 4 Local Expert
Subscribe
September 20, 2024
Лучшее место в городе. Пироженки и кофе огнище. Спасибо!
Hide business's response
Official responseSeptember 23, 2024
Спасибо за такой отзыв","Алена Угринова
Level 4 Local Expert
Subscribe
September 20, 2024
Лучшее место в городе. Пироженки и кофе огнище. Спасибо!
Hide business's response
Official responseSeptember 23, 2024
Спасибо за такой отзыв","['5', '']","['5.0', '']","['1', '']","Алена Угринова
Level 4 Local Expert
Subscribe
September 20, 2024
Лучшее место в городе. Пироженки и кофе огнище. Спасибо!
Show business's response",18b30ea4-f1ad-4aa7-adbf-df3f69789881
"[None, 'Светлана Растимовна']","['https://avatars.mds.yandex.net/get-yapic/34189/wnKCELNYLebpxj4UhUwgSf62qUg-1/islands-68', '']","[None, 'Светлана Растимовна']",,"[None, 'August 25, 2023']","['2023-08-25T15:42:35.676Z', '']","Светлана Растимовна
Level 8 Local Expert
Subscribe
August 25, 2023
Это удивительное место, девочки приветливые предложат вкусняшку и сварят ароматный вкусный кофе.
3
Show business's response",False,"Светлана Растимовна
Level 8 Local Expert
Subscribe
August 25, 2023
Это удивительное место, девочки приветливые предложат вкусняшку и сварят ароматный вкусный кофе.
3
Show business's response","Светлана Растимовна
Level 8 Local Expert
Subscribe
August 25, 2023
Это удивительное место, девочки приветливые предложат вкусняшку и сварят ароматный вкусный кофе.
3
Hide business's response
Official responseAugust 31, 2023
Спасибо за приятный отклик","Светлана Растимовна
Level 8 Local Expert
Subscribe
August 25, 2023
Это удивительное место, девочки приветливые предложат вкусняшку и сварят ароматный вкусный кофе.
3
Hide business's response
Official responseAugust 31, 2023
Спасибо за приятный отклик","['5', '']","['5.0', '']","['1', '']","Светлана Растимовна
Level 8 Local Expert
Subscribe
August 25, 2023
Это удивительное место, девочки приветливые предложат вкусняшку и сварят ароматный вкусный кофе.
3
Show business's response",ba166273-0351-4611-906c-29708610c392
"[None, 'Вероника Бесфамилии']","['https://avatars.mds.yandex.net/get-yapic/25817/0m-4/islands-68', '']","[None, 'Вероника Бесфамилии']",,"[None, 'June 26, 2022']","['2022-06-26T14:51:41.553Z', '']","Вероника Бесфамилии
Level 24 Local Expert
Subscribe
June 26, 2022
Обожаю эту кондитерскую! Разнообразие пирожных, тортов и выпечки, уютное кафе!
1
Show business's response",False,"Вероника Бесфамилии
Level 24 Local Expert
Subscribe
June 26, 2022
Обожаю эту кондитерскую! Разнообразие пирожных, тортов и выпечки, уютное кафе!
1
Show business's response","Вероника Бесфамилии
Level 24 Local Expert
Subscribe
June 26, 2022
Обожаю эту кондитерскую! Разнообразие пирожных, тортов и выпечки, уютное кафе!
1
Hide business's response
Official responseJuly 20, 2022
Добрый день! Мы безмерно благодарны Вам за столь тёплые слова! Такие слова - лучшая награда для нас! Мы будем с нетерпением ждать новой встречи с Вами в нашей кондитерской!","Вероника Бесфамилии
Level 24 Local Expert
Subscribe
June 26, 2022
Обожаю эту кондитерскую! Разнообразие пирожных, тортов и выпечки, уютное кафе!
1
Hide business's response
Official responseJuly 20, 2022
Добрый день! Мы безмерно благодарны Вам за столь тёплые слова! Такие слова - лучшая награда для нас! Мы будем с нетерпением ждать новой встречи с Вами в нашей кондитерской!","['5', '']","['5.0', '']","['1', '']","Вероника Бесфамилии
Level 24 Local Expert
Subscribe
June 26, 2022
Обожаю эту кондитерскую! Разнообразие пирожных, тортов и выпечки, уютное кафе!
1
Show business's response",c673870d-6c2e-4faf-8543-7c9095a6cea2
,,"[None, 'Anonymous review']",,"[None, 'June 15, 2022']","['2022-06-15T12:13:51.801Z', '']","A
Anonymous review
June 15, 2022
Уютное атмосферное место, безумно вкусно!
От ягодного чизкейка в полном восторге. Рекомендую)
3
Show business's response",False,"A
Anonymous review
June 15, 2022
Уютное атмосферное место, безумно вкусно!
От ягодного чизкейка в полном восторге. Рекомендую)
3
Show business's response","A
Anonymous review
June 15, 2022
Уютное атмосферное место, безумно вкусно!
От ягодного чизкейка в полном восторге. Рекомендую)
3
Hide business's response
Official responseJuly 20, 2022
Добрый день! Мы безмерно благодарны Вам за тёплые слова! Мы будем продолжать радовать Вас больше и больше! Будем рады видеть Вас вновь в качестве Гостя нашей кондитерской!","A
Anonymous review
June 15, 2022
Уютное атмосферное место, безумно вкусно!
От ягодного чизкейка в полном восторге. Рекомендую)
3
Hide business's response
Official responseJuly 20, 2022
Добрый день! Мы безмерно благодарны Вам за тёплые слова! Мы будем продолжать радовать Вас больше и больше! Будем рады видеть Вас вновь в качестве Гостя нашей кондитерской!","['5', '']","['5.0', '']","['1', '']","A
Anonymous review
June 15, 2022
Уютное атмосферное место, безумно вкусно!
От ягодного чизкейка в полном восторге. Рекомендую)
3
Show business's response",927708e0-1145-4150-9a74-da4324688bce
"[None, 'Елена Габова']","['https://avatars.mds.yandex.net/get-yapic/59871/TlVfNWXXtHERRBHv7vp6I92Fek-1/islands-68', '']","[None, 'Елена Габова']",,"[None, 'August 21, 2024']","['2024-08-21T11:04:25.423Z', '']","Елена Габова
Level 30 Local Expert
Subscribe
August 21, 2024
Очень вкусные десерты, обожаю данную сеть. 
Спасибо
1
Show business's response",False,"Елена Габова
Level 30 Local Expert
Subscribe
August 21, 2024
Очень вкусные десерты, обожаю данную сеть. 
Спасибо
1
Show business's response","Елена Габова
Level 30 Local Expert
Subscribe
August 21, 2024
Очень вкусные десерты, обожаю данную сеть. 
Спасибо
1
Hide business's response
Official responseAugust 24, 2024
Спасибо за приятный отзыв","Елена Габова
Level 30 Local Expert
Subscribe
August 21, 2024
Очень вкусные десерты, обожаю данную сеть. 
Спасибо
1
Hide business's response
Official responseAugust 24, 2024
Спасибо за приятный отзыв","['5', '']","['5.0', '']","['1', '']","Елена Габова
Level 30 Local Expert
Subscribe
August 21, 2024
Очень вкусные десерты, обожаю данную сеть. 
Спасибо
1
Show business's response",2800f721-52ad-444e-99be-4c019ec1a0d0
"[None, 'Александр Казанцев']","['https://avatars.mds.yandex.net/get-yapic/31804/0s-3/islands-68', '']","[None, 'Александр Казанцев']",,"[None, 'January 4, 2025']","['2025-01-04T10:37:17.493Z', '']","Александр Казанцев
Level 6 Local Expert
Subscribe
January 4, 2025
Очень вкусные эклеры и трубочки
3
Show business's response",False,"Александр Казанцев
Level 6 Local Expert
Subscribe
January 4, 2025
Очень вкусные эклеры и трубочки
3
Show business's response","Александр Казанцев
Level 6 Local Expert
Subscribe
January 4, 2025
Очень вкусные эклеры и трубочки
3
Hide business's response
Official responseJanuary 8, 2025
Спасибо за вашу оценку","Александр Казанцев
Level 6 Local Expert
Subscribe
January 4, 2025
Очень вкусные эклеры и трубочки
3
Hide business's response
Official responseJanuary 8, 2025
Спасибо за вашу оценку","['5', '']","['5.0', '']","['1', '']","Александр Казанцев
Level 6 Local Expert
Subscribe
January 4, 2025
Очень вкусные эклеры и трубочки
3
Show business's response",af84ac50-2b8b-46fd-b1d4-6147b3c60206
"[None, 'Елена Р.']","['https://avatars.mds.yandex.net/get-yapic/25358/0d-5/islands-68', '']","[None, 'Елена Р.']",,"[None, 'November 20, 2025']","['2025-11-20T05:26:32.775Z', '']","Елена Р.
Level 5 Local Expert
Subscribe
November 20, 2025
Удобно, вкусно, приятное обслуживание
3
Show business's response",False,"Елена Р.
Level 5 Local Expert
Subscribe
November 20, 2025
Удобно, вкусно, приятное обслуживание
3
Show business's response","Елена Р.
Level 5 Local Expert
Subscribe
November 20, 2025
Удобно, вкусно, приятное обслуживание
3
Hide business's response
Official responseNovember 21, 2025
Елена, добрый день! Спасибо большое за теплый отзыв! Для нас очень важно, что вы остались довольны сервисом и качеством блюд. Мы стараемся создать уютную атмосферу и предлагать приятные впечатления каждому гостю.
Пусть ваши визиты будут наполнены удовольствием и хорошим настроением. Всегда ждем вас снова!","Елена Р.
Level 5 Local Expert
Subscribe
November 20, 2025
Удобно, вкусно, приятное обслуживание
3
Hide business's response
Official responseNovember 21, 2025
Елена, добрый день! Спасибо большое за теплый отзыв! Для нас очень важно, что вы остались довольны сервисом и качеством блюд. Мы стараемся создать уютную атмосферу и предлагать приятные впечатления каждому гостю.
Пусть ваши визиты будут наполнены удовольствием и хорошим настроением. Всегда ждем вас снова!","['5', '']","['5.0', '']","['1', '']","Елена Р.
Level 5 Local Expert
Subscribe
November 20, 2025
Удобно, вкусно, приятное обслуживание
3
Show business's response",91357a3f-6b92-4085-9af4-80483389a431
"[None, 'Светлана Т.']","['https://avatars.mds.yandex.net/get-yapic/48449/0c-1/islands-68', '']","[None, 'Светлана Т.']",,"[None, 'October 1, 2024']","['2024-10-01T15:31:25.151Z', '']","Светлана Т.
Level 3 Local Expert
Subscribe
October 1, 2024
Обожаю кофе капучино и пирожное "" Шу"" в вашей кондитерской
1
Show business's response",False,"Светлана Т.
Level 3 Local Expert
Subscribe
October 1, 2024
Обожаю кофе капучино и пирожное "" Шу"" в вашей кондитерской
1
Show business's response","Светлана Т.
Level 3 Local Expert
Subscribe
October 1, 2024
Обожаю кофе капучино и пирожное "" Шу"" в вашей кондитерской
1
Hide business's response
Official responseOctober 8, 2024
Спасибо за приятный отзыв","Светлана Т.
Level 3 Local Expert
Subscribe
October 1, 2024
Обожаю кофе капучино и пирожное "" Шу"" в вашей кондитерской
1
Hide business's response
Official responseOctober 8, 2024
Спасибо за приятный отзыв","['5', '']","['5.0', '']","['1', '']","Светлана Т.
Level 3 Local Expert
Subscribe
October 1, 2024
Обожаю кофе капучино и пирожное "" Шу"" в вашей кондитерской
1
Show business's response",5e1c70b0-6291-4328-9337-372b0f4d6605
,"['https://avatars.mds.yandex.net/get-yapic/29310/yS6p6AfoHtSQSGsOphrjrPrus-1/islands-68', '']","[None, 'ya-l-a-g']",,"[None, 'June 7, 2023']","['2023-06-07T07:59:14.992Z', '']","ya-l-a-g
Level 6 Local Expert
June 7, 2023
Замечательное место с множеством вкусняшек! Часто захожу сюда выпичь чашечку вкусного кофе с капкейком и кусочком пирога.
3
1
Show business's response",False,"ya-l-a-g
Level 6 Local Expert
June 7, 2023
Замечательное место с множеством вкусняшек! Часто захожу сюда выпичь чашечку вкусного кофе с капкейком и кусочком пирога.
3
1
Show business's response","ya-l-a-g
Level 6 Local Expert
June 7, 2023
Замечательное место с множеством вкусняшек! Часто захожу сюда выпичь чашечку вкусного кофе с капкейком и кусочком пирога.
3
1
Hide business's response
Official responseJune 12, 2023
Спасибо за вашу оценку","ya-l-a-g
Level 6 Local Expert
June 7, 2023
Замечательное место с множеством вкусняшек! Часто захожу сюда выпичь чашечку вкусного кофе с капкейком и кусочком пирога.
3
1
Hide business's response
Official responseJune 12, 2023
Спасибо за вашу оценку","['5', '']","['5.0', '']","['1', '']","ya-l-a-g
Level 6 Local Expert
June 7, 2023
Замечательное место с множеством вкусняшек! Часто захожу сюда выпичь чашечку вкусного кофе с капкейком и кусочком пирога.
3
1
Show business's response",c5c7ddbc-9c73-4fb2-a8f7-f2949785f2f7
"[None, '619133 Бажутина']","['https://avatars.mds.yandex.net/get-yapic/47747/0l-1/islands-68', '']","[None, '619133 Бажутина']",,"[None, 'February 15, 2024']","['2024-02-15T04:40:23.392Z', '']","619133 Бажутина
Level 10 Local Expert
Subscribe
February 15, 2024
Отличное место. Стильно вкусно разнообразно приемлемые цены
Show business's response",False,"619133 Бажутина
Level 10 Local Expert
Subscribe
February 15, 2024
Отличное место. Стильно вкусно разнообразно приемлемые цены
Show business's response","619133 Бажутина
Level 10 Local Expert
Subscribe
February 15, 2024
Отличное место. Стильно вкусно разнообразно приемлемые цены
Hide business's response
Official responseFebruary 27, 2024
Спасибо за ваш отзыв","619133 Бажутина
Level 10 Local Expert
Subscribe
February 15, 2024
Отличное место. Стильно вкусно разнообразно приемлемые цены
Hide business's response
Official responseFebruary 27, 2024
Спасибо за ваш отзыв","['5', '']","['5.0', '']","['1', '']","619133 Бажутина
Level 10 Local Expert
Subscribe
February 15, 2024
Отличное место. Стильно вкусно разнообразно приемлемые цены
Show business's response",1ad53820-a199-4938-a0f6-58d8d2e7a165
"[None, 'Светлана Ветчинова']","['https://avatars.mds.yandex.net/get-yapic/33202/DyxKZpi7eryJDtABO000X9NriAI-1/islands-68', '']","[None, 'Светлана Ветчинова']",,"[None, 'December 16, 2023']","['2023-12-16T11:37:42.068Z', '']","Светлана Ветчинова
Level 6 Local Expert
Subscribe
December 16, 2023
Вкусные торты и пирожные! Большой выбор и приятные цены!
1
Show business's response",False,"Светлана Ветчинова
Level 6 Local Expert
Subscribe
December 16, 2023
Вкусные торты и пирожные! Большой выбор и приятные цены!
1
Show business's response","Светлана Ветчинова
Level 6 Local Expert
Subscribe
December 16, 2023
Вкусные торты и пирожные! Большой выбор и приятные цены!
1
Hide business's response
Official responseDecember 17, 2023
Благодарим вас за высокую оценку. Приходите к нам почаще 🤗","Светлана Ветчинова
Level 6 Local Expert
Subscribe
December 16, 2023
Вкусные торты и пирожные! Большой выбор и приятные цены!
1
Hide business's response
Official responseDecember 17, 2023
Благодарим вас за высокую оценку. Приходите к нам почаще 🤗","['5', '']","['5.0', '']","['1', '']","Светлана Ветчинова
Level 6 Local Expert
Subscribe
December 16, 2023
Вкусные торты и пирожные! Большой выбор и приятные цены!
1
Show business's response",6e4aa373-29ce-43a2-8ee7-5ef0601ccb7f
"[None, 'Мария Н']","['https://avatars.mds.yandex.net/get-yapic/31078/zO5DJTl8WBVyVcpRpj7pSXmgGQ-1/islands-68', '']","[None, 'Мария Н']",,"[None, 'July 21, 2022']","['2022-07-21T11:06:39.302Z', '']","Мария Н
Level 9 Local Expert
Subscribe
July 21, 2022
Часто бываем, есть где посидеть, вкусно. Не совсем удобный сейчас подъезд, потому что ремонт дороги идет. А так всем довольны
Show business's response",False,"Мария Н
Level 9 Local Expert
Subscribe
July 21, 2022
Часто бываем, есть где посидеть, вкусно. Не совсем удобный сейчас подъезд, потому что ремонт дороги идет. А так всем довольны
Show business's response","Мария Н
Level 9 Local Expert
Subscribe
July 21, 2022
Часто бываем, есть где посидеть, вкусно. Не совсем удобный сейчас подъезд, потому что ремонт дороги идет. А так всем довольны
Hide business's response
Official responseAugust 8, 2022
Спасибо за приятный отзыв","Мария Н
Level 9 Local Expert
Subscribe
July 21, 2022
Часто бываем, есть где посидеть, вкусно. Не совсем удобный сейчас подъезд, потому что ремонт дороги идет. А так всем довольны
Hide business's response
Official responseAugust 8, 2022
Спасибо за приятный отзыв","['5', '']","['5.0', '']","['1', '']","Мария Н
Level 9 Local Expert
Subscribe
July 21, 2022
Часто бываем, есть где посидеть, вкусно. Не совсем удобный сейчас подъезд, потому что ремонт дороги идет. А так всем довольны
Show business's response",e8dcdf15-143e-4bdc-890f-b3aae55ba5b2
"[None, 'Евгений Никитин']","['https://avatars.mds.yandex.net/get-yapic/31078/JJttnng3VprrtM6jaWyxBy3v6mA-1/islands-68', '']","[None, 'Евгений Никитин']",,"[None, 'October 8, 2024']","['2024-10-08T17:28:53.141Z', '']","Евгений Никитин
Level 19 Local Expert
Subscribe
October 8, 2024
Не нравится только обслуживание, к изделиям претензий нет.
1
Show business's response",False,"Евгений Никитин
Level 19 Local Expert
Subscribe
October 8, 2024
Не нравится только обслуживание, к изделиям претензий нет.
1
Show business's response","Евгений Никитин
Level 19 Local Expert
Subscribe
October 8, 2024
Не нравится только обслуживание, к изделиям претензий нет.
1
Hide business's response
Official responseOctober 14, 2024
Здравствуйте, Евгений! Благодарим, что уделили время для написания отзыва. Нам очень жаль, что Вы испытали негативный опыт при посещении нашего кафе. Могли бы Вы более подробно рассказать о случившемся?","Евгений Никитин
Level 19 Local Expert
Subscribe
October 8, 2024
Не нравится только обслуживание, к изделиям претензий нет.
1
Hide business's response
Official responseOctober 14, 2024
Здравствуйте, Евгений! Благодарим, что уделили время для написания отзыва. Нам очень жаль, что Вы испытали негативный опыт при посещении нашего кафе. Могли бы Вы более подробно рассказать о случившемся?","['5', '']","['4.0', '']","['1', '']","Евгений Никитин
Level 19 Local Expert
Subscribe
October 8, 2024
Не нравится только обслуживание, к изделиям претензий нет.
1
Show business's response",1f6e7b1b-244c-4e80-920c-8d5a9f70323e
"[None, 'Галина']","['https://avatars.mds.yandex.net/get-yapic/48449/4D1vWhDMx3UM5to7VT9RrYvOGOI-1/islands-68', '']","[None, 'Галина']",,"[None, 'September 30, 2023']","['2023-09-30T15:57:11.573Z', '']","Галина
Level 8 Local Expert
Subscribe
September 30, 2023
Уютное местечко, где можно семьёй вкусненько перекусить десертом и прикупить сладостей домой.
Show business's response",False,"Галина
Level 8 Local Expert
Subscribe
September 30, 2023
Уютное местечко, где можно семьёй вкусненько перекусить десертом и прикупить сладостей домой.
Show business's response","Галина
Level 8 Local Expert
Subscribe
September 30, 2023
Уютное местечко, где можно семьёй вкусненько перекусить десертом и прикупить сладостей домой.
Hide business's response
Official responseOctober 2, 2023
Спасибо за такой отзыв","Галина
Level 8 Local Expert
Subscribe
September 30, 2023
Уютное местечко, где можно семьёй вкусненько перекусить десертом и прикупить сладостей домой.
Hide business's response
Official responseOctober 2, 2023
Спасибо за такой отзыв","['5', '']","['5.0', '']","['1', '']","Галина
Level 8 Local Expert
Subscribe
September 30, 2023
Уютное местечко, где можно семьёй вкусненько перекусить десертом и прикупить сладостей домой.
Show business's response",e977e642-ef7c-4621-96c5-59f885e3715b
,"['https://avatars.mds.yandex.net/get-yapic/35885/9DdzOQNumfsVgL3ym0lF8Ns9kbA-1/islands-68', '']","[None, 'Александра']",,"[None, 'June 27, 2025']","['2025-06-27T11:34:09.253Z', '']","Александра
Level 7 Local Expert
June 27, 2025
Очень вкусные тортики
Теперь невозможно есть торты из других мест
3
Show business's response",False,"Александра
Level 7 Local Expert
June 27, 2025
Очень вкусные тортики
Теперь невозможно есть торты из других мест
3
Show business's response","Александра
Level 7 Local Expert
June 27, 2025
Очень вкусные тортики
Теперь невозможно есть торты из других мест
3
Hide business's response
Official responseJuly 1, 2025
Добрый день Александр! Спасибо за Ваш отзыв","Александра
Level 7 Local Expert
June 27, 2025
Очень вкусные тортики
Теперь невозможно есть торты из других мест
3
Hide business's response
Official responseJuly 1, 2025
Добрый день Александр! Спасибо за Ваш отзыв","['5', '']","['5.0', '']","['1', '']","Александра
Level 7 Local Expert
June 27, 2025
Очень вкусные тортики
Теперь невозможно есть торты из других мест
3
Show business's response",a7118a57-0406-4bb8-8226-c1512fca0ebc
,"['https://avatars.mds.yandex.net/get-yapic/40841/0k-6/islands-68', '']","[None, 'Дюк']",,"[None, 'May 4, 2024']","['2024-05-04T12:53:47.615Z', '']","Дюк
Level 3 Local Expert
May 4, 2024
Не знаю откуда столько хвалебных отзывов, ветринка маленькая, полно народу, прадавцы, бегуют ,носятся, спешат кудато, выбор тортов не большой, пришлось выбирать из того что было, заметим, 10,30 суббота, чтоб потом не говорили что пришли поздно, все разобрали, описание…
more
6
3",False,"Дюк
Level 3 Local Expert
May 4, 2024
Не знаю откуда столько хвалебных отзывов, ветринка маленькая, полно народу, прадавцы, бегуют ,носятся, спешат кудато, выбор тортов не большой, пришлось выбирать из того что было, заметим, 10,30 суббота, чтоб потом не говорили что пришли поздно, все разобрали, описание…
more
6
3",,,"['5', '']","['1.0', '']","['1', '']","Дюк
Level 3 Local Expert
May 4, 2024
Не знаю откуда столько хвалебных отзывов, ветринка маленькая, полно народу, прадавцы, бегуют ,носятся, спешат кудато, выбор тортов не большой, пришлось выбирать из того что было, заметим, 10,30 суббота, чтоб потом не говорили что пришли поздно, все разобрали, описание…
more
6
3",d2a5ba58-d6d5-4183-be08-8d10d95716cf
"[None, 'Наталья Зуева']","['https://avatars.mds.yandex.net/get-yapic/24700/enc-01276459193ca6eed800c719c5d3747398eee9008467e0d4eb455d6405be2647/islands-68', '']","[None, 'Наталья Зуева']",,"[None, 'September 14, 2022']","['2022-09-14T16:05:08.438Z', '']","Наталья Зуева
Level 8 Local Expert
Subscribe
September 14, 2022
Очень-очень-вкусно!!!!!Милая и уютная обстановка!Попробуйте тортик три молока и навсегда станете постоянным покупателем!
3
Show business's response",False,"Наталья Зуева
Level 8 Local Expert
Subscribe
September 14, 2022
Очень-очень-вкусно!!!!!Милая и уютная обстановка!Попробуйте тортик три молока и навсегда станете постоянным покупателем!
3
Show business's response","Наталья Зуева
Level 8 Local Expert
Subscribe
September 14, 2022
Очень-очень-вкусно!!!!!Милая и уютная обстановка!Попробуйте тортик три молока и навсегда станете постоянным покупателем!
3
Hide business's response
Official responseSeptember 21, 2022
Добрый день! Мы рады, что наши изделия пришлись Вам по вкусу! Будем рады видеть Вас вновь и вновь!

P.S. наши Гости самые лучшие! 💕","Наталья Зуева
Level 8 Local Expert
Subscribe
September 14, 2022
Очень-очень-вкусно!!!!!Милая и уютная обстановка!Попробуйте тортик три молока и навсегда станете постоянным покупателем!
3
Hide business's response
Official responseSeptember 21, 2022
Добрый день! Мы рады, что наши изделия пришлись Вам по вкусу! Будем рады видеть Вас вновь и вновь!

P.S. наши Гости самые лучшие! 💕","['5', '']","['5.0', '']","['1', '']","Наталья Зуева
Level 8 Local Expert
Subscribe
September 14, 2022
Очень-очень-вкусно!!!!!Милая и уютная обстановка!Попробуйте тортик три молока и навсегда станете постоянным покупателем!
3
Show business's response",8984442c-3105-49d0-af75-25f712419c5b
"[None, 'Андрей К.']","['https://avatars.mds.yandex.net/get-yapic/69015/0a-9/islands-68', '']","[None, 'Андрей К.']",,"[None, 'November 4, 2024']","['2024-11-04T07:23:02.285Z', '']","Андрей К.
Level 2 Local Expert
Subscribe
November 4, 2024
Бываю часто. Замечательное кафе. Отличный кофе.
1
Show business's response",False,"Андрей К.
Level 2 Local Expert
Subscribe
November 4, 2024
Бываю часто. Замечательное кафе. Отличный кофе.
1
Show business's response","Андрей К.
Level 2 Local Expert
Subscribe
November 4, 2024
Бываю часто. Замечательное кафе. Отличный кофе.
1
Hide business's response
Official responseNovember 7, 2024
Благодарим за ваш отзыв","Андрей К.
Level 2 Local Expert
Subscribe
November 4, 2024
Бываю часто. Замечательное кафе. Отличный кофе.
1
Hide business's response
Official responseNovember 7, 2024
Благодарим за ваш отзыв","['5', '']","['5.0', '']","['1', '']","Андрей К.
Level 2 Local Expert
Subscribe
November 4, 2024
Бываю часто. Замечательное кафе. Отличный кофе.
1
Show business's response",b03a3980-b774-4eff-9cba-480ebb99b910
"[None, 'Валерия']","['https://avatars.mds.yandex.net/get-yapic/38135/YvQxmvFPwpiLfpGB7hRoW3nlis-1570861671/islands-68', '']","[None, 'Валерия']",,"[None, 'December 13, 2023']","['2023-12-13T13:53:08.717Z', '']","Валерия
Level 5 Local Expert
Subscribe
December 13, 2023
Отличная атмосфера, вкусные тортики и капучино
Show business's response",False,"Валерия
Level 5 Local Expert
Subscribe
December 13, 2023
Отличная атмосфера, вкусные тортики и капучино
Show business's response","Валерия
Level 5 Local Expert
Subscribe
December 13, 2023
Отличная атмосфера, вкусные тортики и капучино
Hide business's response
Official responseDecember 17, 2023
Здравствуйте, благодарим!!! Очень приятно!","Валерия
Level 5 Local Expert
Subscribe
December 13, 2023
Отличная атмосфера, вкусные тортики и капучино
Hide business's response
Official responseDecember 17, 2023
Здравствуйте, благодарим!!! Очень приятно!","['5', '']","['5.0', '']","['1', '']","Валерия
Level 5 Local Expert
Subscribe
December 13, 2023
Отличная атмосфера, вкусные тортики и капучино
Show business's response",89052adf-6f10-4e5e-aaa5-b1bc90fecf8a
"[None, 'Aleshka']","['https://avatars.mds.yandex.net/get-yapic/40138/enc-dd926ac28167e51b59c656c9eb5953798a4d736a085e674790581fc9f409efd7/islands-68', '']","[None, 'Aleshka']",,"[None, 'March 10']","['2026-03-10T14:38:14.556Z', '']","Aleshka
Level 9 Local Expert
Subscribe
March 10
Наверно самые вкусные торты в городе
Show business's response",False,"Aleshka
Level 9 Local Expert
Subscribe
March 10
Наверно самые вкусные торты в городе
Show business's response","Aleshka
Level 9 Local Expert
Subscribe
March 10
Наверно самые вкусные торты в городе
Hide business's response
Official responseMarch 11
Спасибо за вашу высокую оценку нашей работы! Нам очень приятно!!!","Aleshka
Level 9 Local Expert
Subscribe
March 10
Наверно самые вкусные торты в городе
Hide business's response
Official responseMarch 11
Спасибо за вашу высокую оценку нашей работы! Нам очень приятно!!!","['5', '']","['5.0', '']","['1', '']","Aleshka
Level 9 Local Expert
Subscribe
March 10
Наверно самые вкусные торты в городе
Show business's response",d53730bf-bd7d-445a-a4d1-cc674245fbe2
"[None, 'Данил Томилов']","['https://avatars.mds.yandex.net/get-yapic/63032/0k-5/islands-68', '']","[None, 'Данил Томилов']",,"[None, 'January 1']","['2026-01-01T16:52:17.995Z', '']","Данил Томилов
Level 10 Local Expert
Subscribe
January 1
Самые вкусные торты
Show business's response",False,"Данил Томилов
Level 10 Local Expert
Subscribe
January 1
Самые вкусные торты
Show business's response","Данил Томилов
Level 10 Local Expert
Subscribe
January 1
Самые вкусные торты
Hide business's response
Official responseJanuary 5
Данил, добрый день!Спасибо большое за приятный отзыв и высокие оценки наших тортов! Мы счастливы, что наши десерты приносят вам столько радости и удовлетворения.
Именно ради таких отзывов мы неустанно экспериментируем с рецептурой, выбираем лучшие ингредиенты и вкладываем душу в каждую деталь.
Делитесь радостью вкусов с близкими людьми и приходите к нам снова за новыми гастрономическими открытиями!","Данил Томилов
Level 10 Local Expert
Subscribe
January 1
Самые вкусные торты
Hide business's response
Official responseJanuary 5
Данил, добрый день!Спасибо большое за приятный отзыв и высокие оценки наших тортов! Мы счастливы, что наши десерты приносят вам столько радости и удовлетворения.
Именно ради таких отзывов мы неустанно экспериментируем с рецептурой, выбираем лучшие ингредиенты и вкладываем душу в каждую деталь.
Делитесь радостью вкусов с близкими людьми и приходите к нам снова за новыми гастрономическими открытиями!","['5', '']","['5.0', '']","['1', '']","Данил Томилов
Level 10 Local Expert
Subscribe
January 1
Самые вкусные торты
Show business's response",e137aef6-d40f-4b02-a6d2-2bd7955e5a41
"[None, 'Екатерина Бурылова']","['https://avatars.mds.yandex.net/get-yapic/51169/0c-5/islands-68', '']","[None, 'Екатерина Бурылова']",,"[None, 'May 18, 2022']","['2022-05-18T13:23:04.742Z', '']","Екатерина Бурылова
Level 16 Local Expert
Subscribe
May 18, 2022
Отличная кондитерская, очень уютная. Дизайн интересный. Вкусно и красиво!
Show business's response",False,"Екатерина Бурылова
Level 16 Local Expert
Subscribe
May 18, 2022
Отличная кондитерская, очень уютная. Дизайн интересный. Вкусно и красиво!
Show business's response","Екатерина Бурылова
Level 16 Local Expert
Subscribe
May 18, 2022
Отличная кондитерская, очень уютная. Дизайн интересный. Вкусно и красиво!
Hide business's response
Official responseJune 15, 2022
Добрый день! Безмерно благодарим Вас за столь тёплые слова! Такие слова - лучшая награда для нас! Надеемся видеть Вас в качестве Гостя нашей кондитерской вновь и вновь!","Екатерина Бурылова
Level 16 Local Expert
Subscribe
May 18, 2022
Отличная кондитерская, очень уютная. Дизайн интересный. Вкусно и красиво!
Hide business's response
Official responseJune 15, 2022
Добрый день! Безмерно благодарим Вас за столь тёплые слова! Такие слова - лучшая награда для нас! Надеемся видеть Вас в качестве Гостя нашей кондитерской вновь и вновь!","['5', '']","['5.0', '']","['1', '']","Екатерина Бурылова
Level 16 Local Expert
Subscribe
May 18, 2022
Отличная кондитерская, очень уютная. Дизайн интересный. Вкусно и красиво!
Show business's response",7691dd30-ed6d-41b0-8590-28174e43d947
"[None, 'Евгения П.']","['https://avatars.mds.yandex.net/get-yapic/31078/0o-4/islands-68', '']","[None, 'Евгения П.']",,"[None, 'November 23, 2023']","['2023-11-23T14:30:42.371Z', '']","Евгения П.
Level 5 Local Expert
Subscribe
November 23, 2023
Всегда вкусные тортики! Постоянно на день рождения там берём)
3
Show business's response",False,"Евгения П.
Level 5 Local Expert
Subscribe
November 23, 2023
Всегда вкусные тортики! Постоянно на день рождения там берём)
3
Show business's response","Евгения П.
Level 5 Local Expert
Subscribe
November 23, 2023
Всегда вкусные тортики! Постоянно на день рождения там берём)
3
Hide business's response
Official responseNovember 28, 2023
Спасибо за приятный отклик","Евгения П.
Level 5 Local Expert
Subscribe
November 23, 2023
Всегда вкусные тортики! Постоянно на день рождения там берём)
3
Hide business's response
Official responseNovember 28, 2023
Спасибо за приятный отклик","['5', '']","['5.0', '']","['1', '']","Евгения П.
Level 5 Local Expert
Subscribe
November 23, 2023
Всегда вкусные тортики! Постоянно на день рождения там берём)
3
Show business's response",5afa9688-6bd9-46fa-b3a8-c2f6a7c139c4
"[None, 'Client Client']","['https://avatars.mds.yandex.net/get-yapic/15298/enc-4de00a1a91931c89c2dffdf7869667dfea4164df66245418d988e4a39b5f57f2/islands-68', '']","[None, 'Client Client']",,"[None, 'December 28, 2023']","['2023-12-28T13:09:41.365Z', '']","Client Client
Level 11 Local Expert
Subscribe
December 28, 2023
Прекрасное место, вкусный кофе 👍
Очень вкусные десерты 🔥
3
Show business's response",False,"Client Client
Level 11 Local Expert
Subscribe
December 28, 2023
Прекрасное место, вкусный кофе 👍
Очень вкусные десерты 🔥
3
Show business's response","Client Client
Level 11 Local Expert
Subscribe
December 28, 2023
Прекрасное место, вкусный кофе 👍
Очень вкусные десерты 🔥
3
Hide business's response
Official responseJanuary 5, 2024
Спасибо, что оценили","Client Client
Level 11 Local Expert
Subscribe
December 28, 2023
Прекрасное место, вкусный кофе 👍
Очень вкусные десерты 🔥
3
Hide business's response
Official responseJanuary 5, 2024
Спасибо, что оценили","['5', '']","['5.0', '']","['1', '']","Client Client
Level 11 Local Expert
Subscribe
December 28, 2023
Прекрасное место, вкусный кофе 👍
Очень вкусные десерты 🔥
3
Show business's response",c90e77b9-f776-48b1-a1cb-34f10b0367ba
"[None, 'елена елена']","['https://avatars.mds.yandex.net/get-yapic/65952/0g-9/islands-68', '']","[None, 'елена елена']",,"[None, 'March 20, 2023']","['2023-03-20T15:45:21.370Z', '']","елена елена
Level 8 Local Expert
Subscribe
March 20, 2023
Вкусный кофе, неплохая выпечка, уютный зал, но обслуживание очень медленное))
Show business's response",False,"елена елена
Level 8 Local Expert
Subscribe
March 20, 2023
Вкусный кофе, неплохая выпечка, уютный зал, но обслуживание очень медленное))
Show business's response","елена елена
Level 8 Local Expert
Subscribe
March 20, 2023
Вкусный кофе, неплохая выпечка, уютный зал, но обслуживание очень медленное))
Hide business's response
Official responseApril 13, 2023
Спасибо за приятный отклик, а также за обратную связь! Мы проведём работу над обслуживанием и постараемся исправить все ошибки","елена елена
Level 8 Local Expert
Subscribe
March 20, 2023
Вкусный кофе, неплохая выпечка, уютный зал, но обслуживание очень медленное))
Hide business's response
Official responseApril 13, 2023
Спасибо за приятный отклик, а также за обратную связь! Мы проведём работу над обслуживанием и постараемся исправить все ошибки","['5', '']","['5.0', '']","['1', '']","елена елена
Level 8 Local Expert
Subscribe
March 20, 2023
Вкусный кофе, неплохая выпечка, уютный зал, но обслуживание очень медленное))
Show business's response",84655821-441d-4520-abc6-80bbd82dc38c
"[None, 'Инкогнито 1874']","['https://avatars.mds.yandex.net/get-yapic/65952/0h-5/islands-68', '']","[None, 'Инкогнито 1874']",,"[None, 'December 29, 2024']","['2024-12-29T15:12:02.748Z', '']","Инкогнито 1874
Level 5 Local Expert
Subscribe
December 29, 2024
Лучшие тортики и пирожные в г.перми😍
3
Show business's response",False,"Инкогнито 1874
Level 5 Local Expert
Subscribe
December 29, 2024
Лучшие тортики и пирожные в г.перми😍
3
Show business's response","Инкогнито 1874
Level 5 Local Expert
Subscribe
December 29, 2024
Лучшие тортики и пирожные в г.перми😍
3
Hide business's response
Official responseJanuary 4, 2025
Спасибо за приятный отзыв","Инкогнито 1874
Level 5 Local Expert
Subscribe
December 29, 2024
Лучшие тортики и пирожные в г.перми😍
3
Hide business's response
Official responseJanuary 4, 2025
Спасибо за приятный отзыв","['5', '']","['5.0', '']","['1', '']","Инкогнито 1874
Level 5 Local Expert
Subscribe
December 29, 2024
Лучшие тортики и пирожные в г.перми😍
3
Show business's response",f58b6119-fa3a-4c7a-b63e-e1204e514e2d
"[None, 'Нина М']","['https://avatars.mds.yandex.net/get-yapic/25358/0d-5/islands-68', '']","[None, 'Нина М']",,"[None, 'August 27, 2024']","['2024-08-27T01:02:31.849Z', '']","Нина М
Level 4 Local Expert
Subscribe
August 27, 2024
Маленькая уютная кондитерская.
Где вкусно можно полакомиться и приятно отдохнуть ...
3
Show business's response",False,"Нина М
Level 4 Local Expert
Subscribe
August 27, 2024
Маленькая уютная кондитерская.
Где вкусно можно полакомиться и приятно отдохнуть ...
3
Show business's response","Нина М
Level 4 Local Expert
Subscribe
August 27, 2024
Маленькая уютная кондитерская.
Где вкусно можно полакомиться и приятно отдохнуть ...
3
Hide business's response
Official responseSeptember 7, 2024
Благодарим за ваш отзыв!","Нина М
Level 4 Local Expert
Subscribe
August 27, 2024
Маленькая уютная кондитерская.
Где вкусно можно полакомиться и приятно отдохнуть ...
3
Hide business's response
Official responseSeptember 7, 2024
Благодарим за ваш отзыв!","['5', '']","['5.0', '']","['1', '']","Нина М
Level 4 Local Expert
Subscribe
August 27, 2024
Маленькая уютная кондитерская.
Где вкусно можно полакомиться и приятно отдохнуть ...
3
Show business's response",f3635977-82bf-4989-97d6-afd1079b103c
"[None, 'Nataly']","['https://avatars.mds.yandex.net/get-yapic/60687/enc-79797ee625cd265c3626796f59e40fac98f740edf6507d162d0a8b857c6b30ca/islands-68', '']","[None, 'Nataly']",,"[None, 'January 12, 2022']","['2022-01-12T16:03:58.709Z', '']","Nataly
Level 10 Local Expert
Subscribe
January 12, 2022
Изумительное пирожное и очень вкусные торты. Цены средние. Где то есть дороже, где то дешевле.
3
Show business's response",False,"Nataly
Level 10 Local Expert
Subscribe
January 12, 2022
Изумительное пирожное и очень вкусные торты. Цены средние. Где то есть дороже, где то дешевле.
3
Show business's response","Nataly
Level 10 Local Expert
Subscribe
January 12, 2022
Изумительное пирожное и очень вкусные торты. Цены средние. Где то есть дороже, где то дешевле.
3
Hide business's response
Official responseFebruary 2, 2022
Добрый день! Благодарим Вас за высокую оценку нашей деятельности! Будем ждать Вас вновь!","Nataly
Level 10 Local Expert
Subscribe
January 12, 2022
Изумительное пирожное и очень вкусные торты. Цены средние. Где то есть дороже, где то дешевле.
3
Hide business's response
Official responseFebruary 2, 2022
Добрый день! Благодарим Вас за высокую оценку нашей деятельности! Будем ждать Вас вновь!","['5', '']","['5.0', '']","['1', '']","Nataly
Level 10 Local Expert
Subscribe
January 12, 2022
Изумительное пирожное и очень вкусные торты. Цены средние. Где то есть дороже, где то дешевле.
3
Show business's response",67cea092-29d7-44e9-93a9-7a681a3ff605
,"['https://avatars.mds.yandex.net/get-yapic/39727/enc-8804572c96470b077b0434c2a60a279e1094c0c0088de16fb9df0f3d34cefb0b/islands-68', '']","[None, 'Роман Ж.']",,"[None, 'July 21, 2023']","['2023-07-21T06:52:59.434Z', '']","Роман Ж.
Level 19 Local Expert
July 21, 2023
Очень низкие цены на пирожные. А до 11 утра еще и скидки на кофе. Классный интерьер.
Show business's response",False,"Роман Ж.
Level 19 Local Expert
July 21, 2023
Очень низкие цены на пирожные. А до 11 утра еще и скидки на кофе. Классный интерьер.
Show business's response","Роман Ж.
Level 19 Local Expert
July 21, 2023
Очень низкие цены на пирожные. А до 11 утра еще и скидки на кофе. Классный интерьер.
Hide business's response
Official responseJuly 24, 2023
Спасибо за оценку! Рады видеть Вас в наших кондитерских.","Роман Ж.
Level 19 Local Expert
July 21, 2023
Очень низкие цены на пирожные. А до 11 утра еще и скидки на кофе. Классный интерьер.
Hide business's response
Official responseJuly 24, 2023
Спасибо за оценку! Рады видеть Вас в наших кондитерских.","['5', '']","['5.0', '']","['1', '']","Роман Ж.
Level 19 Local Expert
July 21, 2023
Очень низкие цены на пирожные. А до 11 утра еще и скидки на кофе. Классный интерьер.
Show business's response",c00aa482-817f-4ec9-8b03-635cf674298c
"[None, 'Юлия Новокрещенных']","['https://avatars.mds.yandex.net/get-yapic/51169/nJSLU4jiumk1xavGK38GpcJPmo-1/islands-68', '']","[None, 'Юлия Новокрещенных']",,"[None, 'September 20, 2025']","['2025-09-20T08:42:27.457Z', '']","Юлия Новокрещенных
Level 3 Local Expert
Subscribe
September 20, 2025
Отличное заведение. Лучшее сочетание цены , качества и прекрасной атмосферы.
2
Show business's response",False,"Юлия Новокрещенных
Level 3 Local Expert
Subscribe
September 20, 2025
Отличное заведение. Лучшее сочетание цены , качества и прекрасной атмосферы.
2
Show business's response","Юлия Новокрещенных
Level 3 Local Expert
Subscribe
September 20, 2025
Отличное заведение. Лучшее сочетание цены , качества и прекрасной атмосферы.
2
Hide business's response
Official responseSeptember 20, 2025
Юлия, добрый день! ❣️ Как приятно получать такие отзывы! Большое спасибо за теплые слова и признание нашего труда. Рады, что смогли порадовать вас отличной атмосферой, вкусными блюдами и доступными ценами. Ждем вас снова в гости!","Юлия Новокрещенных
Level 3 Local Expert
Subscribe
September 20, 2025
Отличное заведение. Лучшее сочетание цены , качества и прекрасной атмосферы.
2
Hide business's response
Official responseSeptember 20, 2025
Юлия, добрый день! ❣️ Как приятно получать такие отзывы! Большое спасибо за теплые слова и признание нашего труда. Рады, что смогли порадовать вас отличной атмосферой, вкусными блюдами и доступными ценами. Ждем вас снова в гости!","['5', '']","['5.0', '']","['1', '']","Юлия Новокрещенных
Level 3 Local Expert
Subscribe
September 20, 2025
Отличное заведение. Лучшее сочетание цены , качества и прекрасной атмосферы.
2
Show business's response",f2a53c8b-cea8-434a-b578-75fa89a50aed
"[None, 'София Ощепкова']","['https://avatars.mds.yandex.net/get-yapic/69015/0o-9/islands-68', '']","[None, 'София Ощепкова']",,"[None, 'February 14']","['2026-02-14T11:11:26.877Z', '']","София Ощепкова
Level 7 Local Expert
Subscribe
February 14
очень вкусно , но дороговато
Show business's response",False,"София Ощепкова
Level 7 Local Expert
Subscribe
February 14
очень вкусно , но дороговато
Show business's response","София Ощепкова
Level 7 Local Expert
Subscribe
February 14
очень вкусно , но дороговато
Hide business's response
Official responseFebruary 15
Спасибо за ваш отклик","София Ощепкова
Level 7 Local Expert
Subscribe
February 14
очень вкусно , но дороговато
Hide business's response
Official responseFebruary 15
Спасибо за ваш отклик","['5', '']","['5.0', '']","['1', '']","София Ощепкова
Level 7 Local Expert
Subscribe
February 14
очень вкусно , но дороговато
Show business's response",c31b26d1-74ce-452c-a703-c1d1073d158d
"[None, 'Юлия Сесюнина']","['https://avatars.mds.yandex.net/get-yapic/51381/0h-7/islands-68', '']","[None, 'Юлия Сесюнина']",,"[None, 'September 25, 2024']","['2024-09-25T05:03:18.459Z', '']","Юлия Сесюнина
Level 3 Local Expert
Subscribe
September 25, 2024
Отличная кондитерская! Рекомендую! Вкусно, уютная атмосфера.
1
Show business's response",False,"Юлия Сесюнина
Level 3 Local Expert
Subscribe
September 25, 2024
Отличная кондитерская! Рекомендую! Вкусно, уютная атмосфера.
1
Show business's response","Юлия Сесюнина
Level 3 Local Expert
Subscribe
September 25, 2024
Отличная кондитерская! Рекомендую! Вкусно, уютная атмосфера.
1
Hide business's response
Official responseSeptember 30, 2024
Благодарим за ваш отзыв!","Юлия Сесюнина
Level 3 Local Expert
Subscribe
September 25, 2024
Отличная кондитерская! Рекомендую! Вкусно, уютная атмосфера.
1
Hide business's response
Official responseSeptember 30, 2024
Благодарим за ваш отзыв!","['5', '']","['5.0', '']","['1', '']","Юлия Сесюнина
Level 3 Local Expert
Subscribe
September 25, 2024
Отличная кондитерская! Рекомендую! Вкусно, уютная атмосфера.
1
Show business's response",08459c5d-cb2e-4a34-8ad3-910f865d3bfd
"[None, 'bykova.anastasiia.a']","['https://avatars.mds.yandex.net/get-yapic/45131/0r-8/islands-68', '']","[None, 'bykova.anastasiia.a']",,"[None, 'March 20, 2024']","['2024-03-20T04:39:17.433Z', '']","bykova.anastasiia.a
Level 2 Local Expert
Subscribe
March 20, 2024
Отличное место, очень вкусные десерты, демократичные цены!
1
Show business's response",False,"bykova.anastasiia.a
Level 2 Local Expert
Subscribe
March 20, 2024
Отличное место, очень вкусные десерты, демократичные цены!
1
Show business's response","bykova.anastasiia.a
Level 2 Local Expert
Subscribe
March 20, 2024
Отличное место, очень вкусные десерты, демократичные цены!
1
Hide business's response
Official responseApril 7, 2024
Спасибо за ваш отклик","bykova.anastasiia.a
Level 2 Local Expert
Subscribe
March 20, 2024
Отличное место, очень вкусные десерты, демократичные цены!
1
Hide business's response
Official responseApril 7, 2024
Спасибо за ваш отклик","['5', '']","['5.0', '']","['1', '']","bykova.anastasiia.a
Level 2 Local Expert
Subscribe
March 20, 2024
Отличное место, очень вкусные десерты, демократичные цены!
1
Show business's response",90b78d03-fc8a-4802-9198-a3974a9cc7a9
"[None, 'еремеева анастасия']","['https://avatars.mds.yandex.net/get-yapic/61207/0a-3/islands-68', '']","[None, 'еремеева анастасия']",,"[None, 'December 5, 2023']","['2023-12-05T02:32:05.743Z', '']","еремеева анастасия
Level 8 Local Expert
Subscribe
December 5, 2023
Вкусный кофе, свежие тортики и пирожные. Рекомендую
3
Show business's response",False,"еремеева анастасия
Level 8 Local Expert
Subscribe
December 5, 2023
Вкусный кофе, свежие тортики и пирожные. Рекомендую
3
Show business's response","еремеева анастасия
Level 8 Local Expert
Subscribe
December 5, 2023
Вкусный кофе, свежие тортики и пирожные. Рекомендую
3
Hide business's response
Official responseDecember 7, 2023
Спасибо за ваш отклик","еремеева анастасия
Level 8 Local Expert
Subscribe
December 5, 2023
Вкусный кофе, свежие тортики и пирожные. Рекомендую
3
Hide business's response
Official responseDecember 7, 2023
Спасибо за ваш отклик","['5', '']","['5.0', '']","['1', '']","еремеева анастасия
Level 8 Local Expert
Subscribe
December 5, 2023
Вкусный кофе, свежие тортики и пирожные. Рекомендую
3
Show business's response",aeeb3428-70fb-4c43-b699-54a2af9da616
,"['https://avatars.mds.yandex.net/get-yapic/50595/5maxKLDscVG2W01XjRonmNwwFVM-1/islands-68', '']","[None, 'Анна']",,"[None, 'July 23, 2022']","['2022-07-23T15:49:31.203Z', '']","Анна
Level 9 Local Expert
July 23, 2022
Большой выбор сладостей и десертов) С кофе самое то, тем более что есть место присесть и попробовать все вкусняхи прямо тут. Есть и сытная выпечка.
3
Show business's response",False,"Анна
Level 9 Local Expert
July 23, 2022
Большой выбор сладостей и десертов) С кофе самое то, тем более что есть место присесть и попробовать все вкусняхи прямо тут. Есть и сытная выпечка.
3
Show business's response","Анна
Level 9 Local Expert
July 23, 2022
Большой выбор сладостей и десертов) С кофе самое то, тем более что есть место присесть и попробовать все вкусняхи прямо тут. Есть и сытная выпечка.
3
Hide business's response
Official responseAugust 8, 2022
Спасибо за приятный отклик","Анна
Level 9 Local Expert
July 23, 2022
Большой выбор сладостей и десертов) С кофе самое то, тем более что есть место присесть и попробовать все вкусняхи прямо тут. Есть и сытная выпечка.
3
Hide business's response
Official responseAugust 8, 2022
Спасибо за приятный отклик","['5', '']","['5.0', '']","['1', '']","Анна
Level 9 Local Expert
July 23, 2022
Большой выбор сладостей и десертов) С кофе самое то, тем более что есть место присесть и попробовать все вкусняхи прямо тут. Есть и сытная выпечка.
3
Show business's response",15f2498c-ff05-4e54-b5d9-defd5584370d
"[None, 'Лена Боровых']","['https://avatars.mds.yandex.net/get-yapic/21377/enc-3ac91a4b94e04c8b4c238aca4608b54b98eee9008467e0d4eb455d6405be2647/islands-68', '']","[None, 'Лена Боровых']",,"[None, 'August 1, 2025']","['2025-08-01T14:56:34.470Z', '']","Лена Боровых
Level 6 Local Expert
Subscribe
August 1, 2025
Вкусная выпечка и десерты
Show business's response",False,"Лена Боровых
Level 6 Local Expert
Subscribe
August 1, 2025
Вкусная выпечка и десерты
Show business's response","Лена Боровых
Level 6 Local Expert
Subscribe
August 1, 2025
Вкусная выпечка и десерты
Hide business's response
Official responseAugust 4, 2025
Добрый день Лена! Спасибо огромное за тёплые слова! Очень рады, что наша выпечка и десерты доставили Вам удовольствие. Для нас важно радовать Вас вкусом и заботой в каждом кусочке. Будем ждать Вас снова!","Лена Боровых
Level 6 Local Expert
Subscribe
August 1, 2025
Вкусная выпечка и десерты
Hide business's response
Official responseAugust 4, 2025
Добрый день Лена! Спасибо огромное за тёплые слова! Очень рады, что наша выпечка и десерты доставили Вам удовольствие. Для нас важно радовать Вас вкусом и заботой в каждом кусочке. Будем ждать Вас снова!","['5', '']","['4.0', '']","['1', '']","Лена Боровых
Level 6 Local Expert
Subscribe
August 1, 2025
Вкусная выпечка и десерты
Show business's response",628b4cb3-447c-4488-81e7-9801ed25518e
"[None, 'Садилова Екатерина']","['https://avatars.mds.yandex.net/get-yapic/30061/w1OiaeKf9EuSKAL2h1feXoQiZE-1/islands-68', '']","[None, 'Садилова Екатерина']",,"[None, 'April 13, 2025']","['2025-04-13T12:07:31.725Z', '']","Садилова Екатерина
Level 16 Local Expert
Subscribe
April 13, 2025
Вкусно уютно Идеально для встречи с друзьями)
3
Show business's response",False,"Садилова Екатерина
Level 16 Local Expert
Subscribe
April 13, 2025
Вкусно уютно Идеально для встречи с друзьями)
3
Show business's response","Садилова Екатерина
Level 16 Local Expert
Subscribe
April 13, 2025
Вкусно уютно Идеально для встречи с друзьями)
3
Hide business's response
Official responseApril 18, 2025
Спасибо вам за отзыв! Мы дорожим каждым гостем — и будем рады снова радовать вас новыми десертами!","Садилова Екатерина
Level 16 Local Expert
Subscribe
April 13, 2025
Вкусно уютно Идеально для встречи с друзьями)
3
Hide business's response
Official responseApril 18, 2025
Спасибо вам за отзыв! Мы дорожим каждым гостем — и будем рады снова радовать вас новыми десертами!","['5', '']","['5.0', '']","['1', '']","Садилова Екатерина
Level 16 Local Expert
Subscribe
April 13, 2025
Вкусно уютно Идеально для встречи с друзьями)
3
Show business's response",64fae9ff-aeae-4d7e-84f6-43cbcefc3abd
"[None, 'Михаил']","['https://avatars.mds.yandex.net/get-yapic/51169/0c-5/islands-68', '']","[None, 'Михаил']",,"[None, 'April 28, 2023']","['2023-04-28T14:43:53.098Z', '']","Михаил
Level 9 Local Expert
Subscribe
April 28, 2023
Приятное место. Свежая выпечка я и большой выбор десертов.
1
Show business's response",False,"Михаил
Level 9 Local Expert
Subscribe
April 28, 2023
Приятное место. Свежая выпечка я и большой выбор десертов.
1
Show business's response","Михаил
Level 9 Local Expert
Subscribe
April 28, 2023
Приятное место. Свежая выпечка я и большой выбор десертов.
1
Hide business's response
Official responseMay 1, 2023
Благодарим за ваш отзыв","Михаил
Level 9 Local Expert
Subscribe
April 28, 2023
Приятное место. Свежая выпечка я и большой выбор десертов.
1
Hide business's response
Official responseMay 1, 2023
Благодарим за ваш отзыв","['5', '']","['5.0', '']","['1', '']","Михаил
Level 9 Local Expert
Subscribe
April 28, 2023
Приятное место. Свежая выпечка я и большой выбор десертов.
1
Show business's response",70d71703-38f1-4247-a48e-a738bb55e70b
"[None, 'Данила Радченко']","['https://avatars.mds.yandex.net/get-yapic/32838/enc-01aae2479df7af89ac2d16553c9c29e57ff283feea29818977c245bbf0d593a2/islands-68', '']","[None, 'Данила Радченко']",,"[None, 'September 10, 2022']","['2022-09-09T21:59:19.705Z', '']","Данила Радченко
Level 9 Local Expert
Subscribe
September 10, 2022
Отличное кофе, отличные кондитерские изделия, великолепный киш.
2
Show business's response",False,"Данила Радченко
Level 9 Local Expert
Subscribe
September 10, 2022
Отличное кофе, отличные кондитерские изделия, великолепный киш.
2
Show business's response","Данила Радченко
Level 9 Local Expert
Subscribe
September 10, 2022
Отличное кофе, отличные кондитерские изделия, великолепный киш.
2
Hide business's response
Official responseSeptember 16, 2022
Добрый день! Мы искренне благодарим Вас за столь тёплые слова и за то что Вы оценили наш труд! Мы продолжим радовать Вас ещё больше! Будем рады видеть Вас вновь в качестве Гостя нашей кондитерской!","Данила Радченко
Level 9 Local Expert
Subscribe
September 10, 2022
Отличное кофе, отличные кондитерские изделия, великолепный киш.
2
Hide business's response
Official responseSeptember 16, 2022
Добрый день! Мы искренне благодарим Вас за столь тёплые слова и за то что Вы оценили наш труд! Мы продолжим радовать Вас ещё больше! Будем рады видеть Вас вновь в качестве Гостя нашей кондитерской!","['5', '']","['5.0', '']","['1', '']","Данила Радченко
Level 9 Local Expert
Subscribe
September 10, 2022
Отличное кофе, отличные кондитерские изделия, великолепный киш.
2
Show business's response",e7888c76-b511-4e20-9965-1de5e338054e
"[None, 'Дарья Верзилова']","['https://avatars.mds.yandex.net/get-yapic/48449/LzxxnvAyJh7JUjCetzMGeokue1o-1/islands-68', '']","[None, 'Дарья Верзилова']",,"[None, 'March 14, 2025']","['2025-03-14T08:05:05.306Z', '']","Дарья Верзилова
Level 3 Local Expert
Subscribe
March 14, 2025
Как всегда вкусно🫶
Show business's response",False,"Дарья Верзилова
Level 3 Local Expert
Subscribe
March 14, 2025
Как всегда вкусно🫶
Show business's response","Дарья Верзилова
Level 3 Local Expert
Subscribe
March 14, 2025
Как всегда вкусно🫶
Hide business's response
Official responseApril 1, 2025
Спасибо за вашу оценку","Дарья Верзилова
Level 3 Local Expert
Subscribe
March 14, 2025
Как всегда вкусно🫶
Hide business's response
Official responseApril 1, 2025
Спасибо за вашу оценку","['5', '']","['5.0', '']","['1', '']","Дарья Верзилова
Level 3 Local Expert
Subscribe
March 14, 2025
Как всегда вкусно🫶
Show business's response",2a104847-d73c-4e97-bd16-52c3a62e2444
"[None, 'Ver Lorer']","['https://avatars.mds.yandex.net/get-yapic/26057/0c-6/islands-68', '']","[None, 'Ver Lorer']",,"[None, 'January 31, 2023']","['2023-01-31T16:14:38.699Z', '']","Ver Lorer
Level 9 Local Expert
Subscribe
January 31, 2023
Уютное место. С удовольствием провели время с родными. Все вкусно, главное, успеть купить)
2
Show business's response",False,"Ver Lorer
Level 9 Local Expert
Subscribe
January 31, 2023
Уютное место. С удовольствием провели время с родными. Все вкусно, главное, успеть купить)
2
Show business's response","Ver Lorer
Level 9 Local Expert
Subscribe
January 31, 2023
Уютное место. С удовольствием провели время с родными. Все вкусно, главное, успеть купить)
2
Hide business's response
Official responseFebruary 3, 2023
Благодарим за ваш отзыв","Ver Lorer
Level 9 Local Expert
Subscribe
January 31, 2023
Уютное место. С удовольствием провели время с родными. Все вкусно, главное, успеть купить)
2
Hide business's response
Official responseFebruary 3, 2023
Благодарим за ваш отзыв","['5', '']","['5.0', '']","['1', '']","Ver Lorer
Level 9 Local Expert
Subscribe
January 31, 2023
Уютное место. С удовольствием провели время с родными. Все вкусно, главное, успеть купить)
2
Show business's response",263a97c2-bc02-408f-bad1-c891fde77c06
"[None, 'Алексей Перебатов']","['https://avatars.mds.yandex.net/get-yapic/28439/enc-178983e83b615abd3c6995d0e7d6b030c43837bc05729eaba6fe4fba32cb5710/islands-68', '']","[None, 'Алексей Перебатов']",,"[None, 'June 9, 2025']","['2025-06-09T17:48:46.482Z', '']","Алексей Перебатов
Level 6 Local Expert
Subscribe
June 9, 2025
Лучшее ""Павлова"", которое я пробовал!
3
Show business's response",False,"Алексей Перебатов
Level 6 Local Expert
Subscribe
June 9, 2025
Лучшее ""Павлова"", которое я пробовал!
3
Show business's response","Алексей Перебатов
Level 6 Local Expert
Subscribe
June 9, 2025
Лучшее ""Павлова"", которое я пробовал!
3
Hide business's response
Official responseJune 10, 2025
Добрый день Алексей! Спасибо за ваш отзыв","Алексей Перебатов
Level 6 Local Expert
Subscribe
June 9, 2025
Лучшее ""Павлова"", которое я пробовал!
3
Hide business's response
Official responseJune 10, 2025
Добрый день Алексей! Спасибо за ваш отзыв","['5', '']","['5.0', '']","['1', '']","Алексей Перебатов
Level 6 Local Expert
Subscribe
June 9, 2025
Лучшее ""Павлова"", которое я пробовал!
3
Show business's response",f82455d0-1a6f-44d5-a685-0e2ae4a54fda
"[None, 'Ульяна С.']","['https://avatars.mds.yandex.net/get-yapic/30061/uOd3524pdFi4jsjah4EqVRb1dVY-1/islands-68', '']","[None, 'Ульяна С.']",,"[None, 'April 17, 2024']","['2024-04-16T20:17:27.368Z', '']","Ульяна С.
Level 5 Local Expert
Subscribe
April 17, 2024
Отличное место, очень вкусные торты, которые берем уже не в первый раз☺️
1
Show business's response",False,"Ульяна С.
Level 5 Local Expert
Subscribe
April 17, 2024
Отличное место, очень вкусные торты, которые берем уже не в первый раз☺️
1
Show business's response","Ульяна С.
Level 5 Local Expert
Subscribe
April 17, 2024
Отличное место, очень вкусные торты, которые берем уже не в первый раз☺️
1
Hide business's response
Official responseApril 19, 2024
Спасибо за вашу оценку","Ульяна С.
Level 5 Local Expert
Subscribe
April 17, 2024
Отличное место, очень вкусные торты, которые берем уже не в первый раз☺️
1
Hide business's response
Official responseApril 19, 2024
Спасибо за вашу оценку","['5', '']","['5.0', '']","['1', '']","Ульяна С.
Level 5 Local Expert
Subscribe
April 17, 2024
Отличное место, очень вкусные торты, которые берем уже не в первый раз☺️
1
Show business's response",723b142f-156b-4ba0-bd0f-8c3f6afb4637
"[None, 'Наталья Г']","['https://avatars.mds.yandex.net/get-yapic/57243/0t-9/islands-68', '']","[None, 'Наталья Г']",,"[None, 'February 7, 2022']","['2022-02-07T15:45:28.237Z', '']","Наталья Г
Level 6 Local Expert
Subscribe
February 7, 2022
В целом вкусно, уютно. Но раз на раз. Иногда пироженое или торты невкусные
3
Show business's response",False,"Наталья Г
Level 6 Local Expert
Subscribe
February 7, 2022
В целом вкусно, уютно. Но раз на раз. Иногда пироженое или торты невкусные
3
Show business's response","Наталья Г
Level 6 Local Expert
Subscribe
February 7, 2022
В целом вкусно, уютно. Но раз на раз. Иногда пироженое или торты невкусные
3
Hide business's response
Official responseFebruary 14, 2022
Добрый день! Благодарим Вас за обратную связь! Расскажите пожалуйста подробнее, что Вас не устроило в качестве продукции. Для нас очень важно мнение каждого гостя, мы ценим свою репутацию и желаем становится лучше и лучше.","Наталья Г
Level 6 Local Expert
Subscribe
February 7, 2022
В целом вкусно, уютно. Но раз на раз. Иногда пироженое или торты невкусные
3
Hide business's response
Official responseFebruary 14, 2022
Добрый день! Благодарим Вас за обратную связь! Расскажите пожалуйста подробнее, что Вас не устроило в качестве продукции. Для нас очень важно мнение каждого гостя, мы ценим свою репутацию и желаем становится лучше и лучше.","['5', '']","['4.0', '']","['1', '']","Наталья Г
Level 6 Local Expert
Subscribe
February 7, 2022
В целом вкусно, уютно. Но раз на раз. Иногда пироженое или торты невкусные
3
Show business's response",645584f8-5a23-4311-9da5-ada6f9993c2d
"[None, 'Ирина']","['https://avatars.mds.yandex.net/get-yapic/58107/0f-1/islands-68', '']","[None, 'Ирина']",,"[None, 'May 10, 2023']","['2023-05-10T15:54:54.134Z', '']","Ирина
Level 13 Local Expert
Subscribe
May 10, 2023
Тортики и пирожные - просто объедение: тают во рту
1
Show business's response",False,"Ирина
Level 13 Local Expert
Subscribe
May 10, 2023
Тортики и пирожные - просто объедение: тают во рту
1
Show business's response","Ирина
Level 13 Local Expert
Subscribe
May 10, 2023
Тортики и пирожные - просто объедение: тают во рту
1
Hide business's response
Official responseMay 17, 2023
Спасибо, что оценили","Ирина
Level 13 Local Expert
Subscribe
May 10, 2023
Тортики и пирожные - просто объедение: тают во рту
1
Hide business's response
Official responseMay 17, 2023
Спасибо, что оценили","['5', '']","['5.0', '']","['1', '']","Ирина
Level 13 Local Expert
Subscribe
May 10, 2023
Тортики и пирожные - просто объедение: тают во рту
1
Show business's response",2254a2da-f6a5-422f-aed1-45661276a2b4
"[None, 'Свадьба свадьба']","['https://avatars.mds.yandex.net/get-yapic/27274/GJe3ixLcNUTd18o52JwMGxHNuA-1/islands-68', '']","[None, 'Свадьба свадьба']",,"[None, 'July 12, 2023']","['2023-07-12T18:49:26.067Z', '']","Свадьба свадьба
Level 10 Local Expert
Subscribe
July 12, 2023
Самые вкусные десерты и пироги в Перми в Сант Оноре!!!!
4
1
Show business's response",False,"Свадьба свадьба
Level 10 Local Expert
Subscribe
July 12, 2023
Самые вкусные десерты и пироги в Перми в Сант Оноре!!!!
4
1
Show business's response","Свадьба свадьба
Level 10 Local Expert
Subscribe
July 12, 2023
Самые вкусные десерты и пироги в Перми в Сант Оноре!!!!
4
1
Hide business's response
Official responseJuly 14, 2023
Добрый день!! Благодарим за ваш отзыв.","Свадьба свадьба
Level 10 Local Expert
Subscribe
July 12, 2023
Самые вкусные десерты и пироги в Перми в Сант Оноре!!!!
4
1
Hide business's response
Official responseJuly 14, 2023
Добрый день!! Благодарим за ваш отзыв.","['5', '']","['5.0', '']","['1', '']","Свадьба свадьба
Level 10 Local Expert
Subscribe
July 12, 2023
Самые вкусные десерты и пироги в Перми в Сант Оноре!!!!
4
1
Show business's response",1e32a9b0-1619-4e99-962b-e0deca99edd0
"[None, 'максим максимов']","['https://avatars.mds.yandex.net/get-yapic/25817/0y-3/islands-68', '']","[None, 'максим максимов']",,"[None, 'April 26, 2023']","['2023-04-26T03:55:03.758Z', '']","максим максимов
Level 14 Local Expert
Subscribe
April 26, 2023
Уютно. Вкусный кофе и десерты к ним. Цены приемлимые
Show business's response",False,"максим максимов
Level 14 Local Expert
Subscribe
April 26, 2023
Уютно. Вкусный кофе и десерты к ним. Цены приемлимые
Show business's response","максим максимов
Level 14 Local Expert
Subscribe
April 26, 2023
Уютно. Вкусный кофе и десерты к ним. Цены приемлимые
Hide business's response
Official responseMay 1, 2023
Спасибо за приятный отзыв","максим максимов
Level 14 Local Expert
Subscribe
April 26, 2023
Уютно. Вкусный кофе и десерты к ним. Цены приемлимые
Hide business's response
Official responseMay 1, 2023
Спасибо за приятный отзыв","['5', '']","['5.0', '']","['1', '']","максим максимов
Level 14 Local Expert
Subscribe
April 26, 2023
Уютно. Вкусный кофе и десерты к ним. Цены приемлимые
Show business's response",0a0894e5-b8aa-4195-8d27-a0600236ca54
,"['https://avatars.mds.yandex.net/get-yapic/68143/0g-8/islands-68', '']","[None, 'Ирина Серва']",,"[None, 'February 15, 2024']","['2024-02-15T14:48:30.799Z', '']","Ирина Серва
Level 7 Local Expert
February 15, 2024
Люблю эту сеть кондитерских,лучшие торты, единственный минус данного кафе-небольшой ассортимент,по сравнению с кафе на Пермской!
3
Show business's response",False,"Ирина Серва
Level 7 Local Expert
February 15, 2024
Люблю эту сеть кондитерских,лучшие торты, единственный минус данного кафе-небольшой ассортимент,по сравнению с кафе на Пермской!
3
Show business's response","Ирина Серва
Level 7 Local Expert
February 15, 2024
Люблю эту сеть кондитерских,лучшие торты, единственный минус данного кафе-небольшой ассортимент,по сравнению с кафе на Пермской!
3
Hide business's response
Official responseFebruary 27, 2024
Спасибо, учтём ваше мнение","Ирина Серва
Level 7 Local Expert
February 15, 2024
Люблю эту сеть кондитерских,лучшие торты, единственный минус данного кафе-небольшой ассортимент,по сравнению с кафе на Пермской!
3
Hide business's response
Official responseFebruary 27, 2024
Спасибо, учтём ваше мнение","['5', '']","['4.0', '']","['1', '']","Ирина Серва
Level 7 Local Expert
February 15, 2024
Люблю эту сеть кондитерских,лучшие торты, единственный минус данного кафе-небольшой ассортимент,по сравнению с кафе на Пермской!
3
Show business's response",2c33e0b6-45b7-4a0f-ac4f-cc35cbafd9ac
"[None, 'Мария Имайкина']","['https://avatars.mds.yandex.net/get-yapic/54535/TzRb8nV5jaTUW32hp8qPHOlJY8-1/islands-68', '']","[None, 'Мария Имайкина']",,"[None, 'November 17, 2024']","['2024-11-17T08:07:13.138Z', '']","Мария Имайкина
Level 6 Local Expert
Subscribe
November 17, 2024
Прекрасное место, всегда все очень вкусно🧁
3
Show business's response",False,"Мария Имайкина
Level 6 Local Expert
Subscribe
November 17, 2024
Прекрасное место, всегда все очень вкусно🧁
3
Show business's response","Мария Имайкина
Level 6 Local Expert
Subscribe
November 17, 2024
Прекрасное место, всегда все очень вкусно🧁
3
Hide business's response
Official responseNovember 19, 2024
Спасибо за такой отзыв","Мария Имайкина
Level 6 Local Expert
Subscribe
November 17, 2024
Прекрасное место, всегда все очень вкусно🧁
3
Hide business's response
Official responseNovember 19, 2024
Спасибо за такой отзыв","['5', '']","['5.0', '']","['1', '']","Мария Имайкина
Level 6 Local Expert
Subscribe
November 17, 2024
Прекрасное место, всегда все очень вкусно🧁
3
Show business's response",f3b2c5f7-8b24-496d-9b8b-cb1faff389b8
"[None, 'Николай Щедринский']","['https://avatars.mds.yandex.net/get-yapic/51169/DlqMsM6RHPYa0ekOJU5QpFIQtuM-1/islands-68', '']","[None, 'Николай Щедринский']",,"[None, 'September 15, 2023']","['2023-09-15T06:54:38.093Z', '']","Николай Щедринский
Level 16 Local Expert
Subscribe
September 15, 2023
Сам регулярно езжу за изделиями Мастеров с другого конца города, всех гостей из других городов непременно потчуем вкусняшками. Есть почитатели в Москве и Глазове, которым с оказией отвозим либо передаём замечательную продукцию.
1
Show business's response",False,"Николай Щедринский
Level 16 Local Expert
Subscribe
September 15, 2023
Сам регулярно езжу за изделиями Мастеров с другого конца города, всех гостей из других городов непременно потчуем вкусняшками. Есть почитатели в Москве и Глазове, которым с оказией отвозим либо передаём замечательную продукцию.
1
Show business's response","Николай Щедринский
Level 16 Local Expert
Subscribe
September 15, 2023
Сам регулярно езжу за изделиями Мастеров с другого конца города, всех гостей из других городов непременно потчуем вкусняшками. Есть почитатели в Москве и Глазове, которым с оказией отвозим либо передаём замечательную продукцию.
1
Hide business's response
Official responseSeptember 20, 2023
Николай, большое спасибо за такую высокую оценку и приятные слова!","Николай Щедринский
Level 16 Local Expert
Subscribe
September 15, 2023
Сам регулярно езжу за изделиями Мастеров с другого конца города, всех гостей из других городов непременно потчуем вкусняшками. Есть почитатели в Москве и Глазове, которым с оказией отвозим либо передаём замечательную продукцию.
1
Hide business's response
Official responseSeptember 20, 2023
Николай, большое спасибо за такую высокую оценку и приятные слова!","['5', '']","['5.0', '']","['1', '']","Николай Щедринский
Level 16 Local Expert
Subscribe
September 15, 2023
Сам регулярно езжу за изделиями Мастеров с другого конца города, всех гостей из других городов непременно потчуем вкусняшками. Есть почитатели в Москве и Глазове, которым с оказией отвозим либо передаём замечательную продукцию.
1
Show business's response",a16c8005-c2cc-4bb8-a29c-0bfef63ea89d
"[None, 'наталья бояршинова']","['https://avatars.mds.yandex.net/get-yapic/68143/0s-4/islands-68', '']","[None, 'наталья бояршинова']",,"[None, 'September 7, 2023']","['2023-09-07T08:10:20.196Z', '']","наталья бояршинова
Level 15 Local Expert
Subscribe
September 7, 2023
Была на завтраке. Все свежее, цены адекватные. Рекомендую.
3
Show business's response",False,"наталья бояршинова
Level 15 Local Expert
Subscribe
September 7, 2023
Была на завтраке. Все свежее, цены адекватные. Рекомендую.
3
Show business's response","наталья бояршинова
Level 15 Local Expert
Subscribe
September 7, 2023
Была на завтраке. Все свежее, цены адекватные. Рекомендую.
3
Hide business's response
Official responseSeptember 11, 2023
Спасибо за вашу оценку","наталья бояршинова
Level 15 Local Expert
Subscribe
September 7, 2023
Была на завтраке. Все свежее, цены адекватные. Рекомендую.
3
Hide business's response
Official responseSeptember 11, 2023
Спасибо за вашу оценку","['5', '']","['5.0', '']","['1', '']","наталья бояршинова
Level 15 Local Expert
Subscribe
September 7, 2023
Была на завтраке. Все свежее, цены адекватные. Рекомендую.
3
Show business's response",29b04e12-7cc2-4dbe-be70-23bd2d53266b
"[None, 'Петр Шешуков']","['https://avatars.mds.yandex.net/get-yapic/26311/0s-1/islands-68', '']","[None, 'Петр Шешуков']",,"[None, 'October 18, 2022']","['2022-10-18T15:44:25.285Z', '']","Петр Шешуков
Level 6 Local Expert
Subscribe
October 18, 2022
Всегда было все замечательно и вкусно! Но! Сегодня взял пирог с чёрной смородиной, а в нем - камень!!! Хорошо, что удалось избежать сломанного зуба…
2
2
Show business's response",False,"Петр Шешуков
Level 6 Local Expert
Subscribe
October 18, 2022
Всегда было все замечательно и вкусно! Но! Сегодня взял пирог с чёрной смородиной, а в нем - камень!!! Хорошо, что удалось избежать сломанного зуба…
2
2
Show business's response","Петр Шешуков
Level 6 Local Expert
Subscribe
October 18, 2022
Всегда было все замечательно и вкусно! Но! Сегодня взял пирог с чёрной смородиной, а в нем - камень!!! Хорошо, что удалось избежать сломанного зуба…
2
2
Hide business's response
Official responseOctober 23, 2022
Петр, добрый день! Примите наши извинения, мы благодарны Вам за обратную связь! Мы обязательно проведем расследование и разберемся в этой ситуации, кто и на каком этапе допустил это нарушение, и примем меры, что такого впредь не повторилось! Как мы можем с Вами связаться, чтобы исправить впечатление?","Петр Шешуков
Level 6 Local Expert
Subscribe
October 18, 2022
Всегда было все замечательно и вкусно! Но! Сегодня взял пирог с чёрной смородиной, а в нем - камень!!! Хорошо, что удалось избежать сломанного зуба…
2
2
Hide business's response
Official responseOctober 23, 2022
Петр, добрый день! Примите наши извинения, мы благодарны Вам за обратную связь! Мы обязательно проведем расследование и разберемся в этой ситуации, кто и на каком этапе допустил это нарушение, и примем меры, что такого впредь не повторилось! Как мы можем с Вами связаться, чтобы исправить впечатление?","['5', '']","['1.0', '']","['1', '']","Петр Шешуков
Level 6 Local Expert
Subscribe
October 18, 2022
Всегда было все замечательно и вкусно! Но! Сегодня взял пирог с чёрной смородиной, а в нем - камень!!! Хорошо, что удалось избежать сломанного зуба…
2
2
Show business's response",acf85158-240c-4cd4-a8ee-ad3aaa75d89f
"[None, 'Валерий Сычёв']","['https://avatars.mds.yandex.net/get-yapic/53031/0s-5/islands-68', '']","[None, 'Валерий Сычёв']",,"[None, 'January 13, 2025']","['2025-01-13T14:32:33.036Z', '']","Валерий Сычёв
Level 7 Local Expert
Subscribe
January 13, 2025
Хорошее место, вкусные десерты.
3
Show business's response",False,"Валерий Сычёв
Level 7 Local Expert
Subscribe
January 13, 2025
Хорошее место, вкусные десерты.
3
Show business's response","Валерий Сычёв
Level 7 Local Expert
Subscribe
January 13, 2025
Хорошее место, вкусные десерты.
3
Hide business's response
Official responseJanuary 16, 2025
Спасибо за приятный отклик","Валерий Сычёв
Level 7 Local Expert
Subscribe
January 13, 2025
Хорошее место, вкусные десерты.
3
Hide business's response
Official responseJanuary 16, 2025
Спасибо за приятный отклик","['5', '']","['5.0', '']","['1', '']","Валерий Сычёв
Level 7 Local Expert
Subscribe
January 13, 2025
Хорошее место, вкусные десерты.
3
Show business's response",78f9b9d0-e765-4052-af6d-7dfcf3a25d3a
"[None, 'Борис Зырин']","['https://avatars.mds.yandex.net/get-yapic/45566/SaegNe0BqNNm8bMdv85uKJWI5Qk-1/islands-68', '']","[None, 'Борис Зырин']",,"[None, 'March 24, 2024']","['2024-03-24T11:59:16.106Z', '']","Борис Зырин
Level 3 Local Expert
Subscribe
March 24, 2024
Прекрасное место для посиделок. Торт 3 молока - огонь!
1
Show business's response",False,"Борис Зырин
Level 3 Local Expert
Subscribe
March 24, 2024
Прекрасное место для посиделок. Торт 3 молока - огонь!
1
Show business's response","Борис Зырин
Level 3 Local Expert
Subscribe
March 24, 2024
Прекрасное место для посиделок. Торт 3 молока - огонь!
1
Hide business's response
Official responseApril 7, 2024
Спасибо за ваш отклик","Борис Зырин
Level 3 Local Expert
Subscribe
March 24, 2024
Прекрасное место для посиделок. Торт 3 молока - огонь!
1
Hide business's response
Official responseApril 7, 2024
Спасибо за ваш отклик","['5', '']","['5.0', '']","['1', '']","Борис Зырин
Level 3 Local Expert
Subscribe
March 24, 2024
Прекрасное место для посиделок. Торт 3 молока - огонь!
1
Show business's response",305b2d82-ade6-43be-8dd0-857cb9632fdc
"[None, 'Иванов Андрей']","['https://avatars.mds.yandex.net/get-yapic/36689/0u-7/islands-68', '']","[None, 'Иванов Андрей']",,"[None, 'January 20, 2025']","['2025-01-20T16:16:07.396Z', '']","Иванов Андрей
Level 4 Local Expert
Subscribe
January 20, 2025
Всегда все вкусное и свежее!
3
Show business's response",False,"Иванов Андрей
Level 4 Local Expert
Subscribe
January 20, 2025
Всегда все вкусное и свежее!
3
Show business's response","Иванов Андрей
Level 4 Local Expert
Subscribe
January 20, 2025
Всегда все вкусное и свежее!
3
Hide business's response
Official responseJanuary 24, 2025
Спасибо за приятный отклик","Иванов Андрей
Level 4 Local Expert
Subscribe
January 20, 2025
Всегда все вкусное и свежее!
3
Hide business's response
Official responseJanuary 24, 2025
Спасибо за приятный отклик","['5', '']","['5.0', '']","['1', '']","Иванов Андрей
Level 4 Local Expert
Subscribe
January 20, 2025
Всегда все вкусное и свежее!
3
Show business's response",f9d41362-9ba6-4b4f-bb7b-0ff8d8486953
"[None, 'Varvara.photo']","['https://avatars.mds.yandex.net/get-yapic/26311/RBLGVvwV9XQmw4YDGneuo34mjw-1/islands-68', '']","[None, 'Varvara.photo']",,"[None, 'July 11, 2024']","['2024-07-11T15:13:37.335Z', '']","Varvara.photo
Level 7 Local Expert
Subscribe
July 11, 2024
Прекрасное заведение со свежей и вкусной продукцией👍🏻
3
Show business's response",False,"Varvara.photo
Level 7 Local Expert
Subscribe
July 11, 2024
Прекрасное заведение со свежей и вкусной продукцией👍🏻
3
Show business's response","Varvara.photo
Level 7 Local Expert
Subscribe
July 11, 2024
Прекрасное заведение со свежей и вкусной продукцией👍🏻
3
Hide business's response
Official responseJuly 17, 2024
Спасибо за вашу оценку","Varvara.photo
Level 7 Local Expert
Subscribe
July 11, 2024
Прекрасное заведение со свежей и вкусной продукцией👍🏻
3
Hide business's response
Official responseJuly 17, 2024
Спасибо за вашу оценку","['5', '']","['5.0', '']","['1', '']","Varvara.photo
Level 7 Local Expert
Subscribe
July 11, 2024
Прекрасное заведение со свежей и вкусной продукцией👍🏻
3
Show business's response",1b13f55f-7a70-4d4c-a54d-f70885998f9a
"[None, 'Илья П']","['https://avatars.mds.yandex.net/get-yapic/29310/aCJwTIanxCtIDBUfJV1Zqa8NASQ-1/islands-68', '']","[None, 'Илья П']",,"[None, 'June 26, 2023']","['2023-06-26T01:23:33.979Z', '']","Илья П
Level 9 Local Expert
Subscribe
June 26, 2023
Торты и другие изделия на очень хорошем уровне цены на торт около 1000р
1
Show business's response",False,"Илья П
Level 9 Local Expert
Subscribe
June 26, 2023
Торты и другие изделия на очень хорошем уровне цены на торт около 1000р
1
Show business's response","Илья П
Level 9 Local Expert
Subscribe
June 26, 2023
Торты и другие изделия на очень хорошем уровне цены на торт около 1000р
1
Hide business's response
Official responseJune 30, 2023
Спасибо за ваш отзыв!","Илья П
Level 9 Local Expert
Subscribe
June 26, 2023
Торты и другие изделия на очень хорошем уровне цены на торт около 1000р
1
Hide business's response
Official responseJune 30, 2023
Спасибо за ваш отзыв!","['5', '']","['5.0', '']","['1', '']","Илья П
Level 9 Local Expert
Subscribe
June 26, 2023
Торты и другие изделия на очень хорошем уровне цены на торт около 1000р
1
Show business's response",93fcd8b6-02a4-42ad-8180-d0df55b4f4ed
"[None, 'Елена Мельник']",,"[None, 'Елена Мельник']",,"[None, 'January 16, 2025']","['2025-01-16T17:05:09.423Z', '']","Е
Елена Мельник
Level 4 Local Expert
Subscribe
January 16, 2025
Как всегда все очень вкусно! Спасибо!
1
Show business's response",False,"Е
Елена Мельник
Level 4 Local Expert
Subscribe
January 16, 2025
Как всегда все очень вкусно! Спасибо!
1
Show business's response","Е
Елена Мельник
Level 4 Local Expert
Subscribe
January 16, 2025
Как всегда все очень вкусно! Спасибо!
1
Hide business's response
Official responseJanuary 20, 2025
Спасибо за вашу оценку","Е
Елена Мельник
Level 4 Local Expert
Subscribe
January 16, 2025
Как всегда все очень вкусно! Спасибо!
1
Hide business's response
Official responseJanuary 20, 2025
Спасибо за вашу оценку","['5', '']","['5.0', '']","['1', '']","Е
Елена Мельник
Level 4 Local Expert
Subscribe
January 16, 2025
Как всегда все очень вкусно! Спасибо!
1
Show business's response",423793a0-0199-4822-b6fc-d4e47b425649
"[None, 'Деннис']","['https://avatars.mds.yandex.net/get-yapic/51381/enc-df6d2f233571be49423e29af81b3fcf24e4836ca310c6eb5fba0ae5cc1cd1f4d/islands-68', '']","[None, 'Деннис']",,"[None, 'December 26, 2021']","['2021-12-26T09:47:41.377Z', '']","Деннис
Level 10 Local Expert
Subscribe
December 26, 2021
Очень Уютно и вкусно! Небольшое заведение с интересным и разнообразным меню.
Show business's response",False,"Деннис
Level 10 Local Expert
Subscribe
December 26, 2021
Очень Уютно и вкусно! Небольшое заведение с интересным и разнообразным меню.
Show business's response","Деннис
Level 10 Local Expert
Subscribe
December 26, 2021
Очень Уютно и вкусно! Небольшое заведение с интересным и разнообразным меню.
Hide business's response
Official responseFebruary 2, 2022
Добрый день! Благодарим Вас за высокую оценку нашей деятельности! Будем ждать Вас вновь!","Деннис
Level 10 Local Expert
Subscribe
December 26, 2021
Очень Уютно и вкусно! Небольшое заведение с интересным и разнообразным меню.
Hide business's response
Official responseFebruary 2, 2022
Добрый день! Благодарим Вас за высокую оценку нашей деятельности! Будем ждать Вас вновь!","['5', '']","['5.0', '']","['1', '']","Деннис
Level 10 Local Expert
Subscribe
December 26, 2021
Очень Уютно и вкусно! Небольшое заведение с интересным и разнообразным меню.
Show business's response",0bcec0e9-f9e6-4606-952b-f56e74b47524
"[None, 'Ксения Кодирова']","['https://avatars.mds.yandex.net/get-yapic/40841/enc-0d4343d0749db8bfe38f2ee831267257b00ff811a8dd26a6998a216a5b758fbe/islands-68', '']","[None, 'Ксения Кодирова']",,"[None, 'November 8, 2023']","['2023-11-08T15:33:24.778Z', '']","Ксения Кодирова
Level 8 Local Expert
Subscribe
November 8, 2023
Мой любимая кондитерская , вкусное всё от пирожных до пирогов 👌🏼
1
Show business's response",False,"Ксения Кодирова
Level 8 Local Expert
Subscribe
November 8, 2023
Мой любимая кондитерская , вкусное всё от пирожных до пирогов 👌🏼
1
Show business's response","Ксения Кодирова
Level 8 Local Expert
Subscribe
November 8, 2023
Мой любимая кондитерская , вкусное всё от пирожных до пирогов 👌🏼
1
Hide business's response
Official responseNovember 10, 2023
Спасибо за приятный отзыв","Ксения Кодирова
Level 8 Local Expert
Subscribe
November 8, 2023
Мой любимая кондитерская , вкусное всё от пирожных до пирогов 👌🏼
1
Hide business's response
Official responseNovember 10, 2023
Спасибо за приятный отзыв","['5', '']","['5.0', '']","['1', '']","Ксения Кодирова
Level 8 Local Expert
Subscribe
November 8, 2023
Мой любимая кондитерская , вкусное всё от пирожных до пирогов 👌🏼
1
Show business's response",2bae20d8-8f43-4019-bbe1-44d91cf20203
"[None, 'FKK VV']","['https://avatars.mds.yandex.net/get-yapic/21377/enc-598b9afb223406a2c46ac80a345c8b4798eee9008467e0d4eb455d6405be2647/islands-68', '']","[None, 'FKK VV']",,"[None, 'October 13, 2023']","['2023-10-13T18:25:21.703Z', '']","FKK VV
Level 11 Local Expert
Subscribe
October 13, 2023
Проезжал мимо, по быстрому заскочил, купил тортики, все супер.
Show business's response",False,"FKK VV
Level 11 Local Expert
Subscribe
October 13, 2023
Проезжал мимо, по быстрому заскочил, купил тортики, все супер.
Show business's response","FKK VV
Level 11 Local Expert
Subscribe
October 13, 2023
Проезжал мимо, по быстрому заскочил, купил тортики, все супер.
Hide business's response
Official responseOctober 14, 2023
Спасибо, мы старались","FKK VV
Level 11 Local Expert
Subscribe
October 13, 2023
Проезжал мимо, по быстрому заскочил, купил тортики, все супер.
Hide business's response
Official responseOctober 14, 2023
Спасибо, мы старались","['5', '']","['5.0', '']","['1', '']","FKK VV
Level 11 Local Expert
Subscribe
October 13, 2023
Проезжал мимо, по быстрому заскочил, купил тортики, все супер.
Show business's response",72a32139-4be0-4eb9-ba6e-e67044a58572
"[None, 'Екатерина Н.']","['https://avatars.mds.yandex.net/get-yapic/26311/0a-2/islands-68', '']","[None, 'Екатерина Н.']",,"[None, 'November 12, 2025']","['2025-11-12T10:15:25.344Z', '']","Екатерина Н.
Level 10 Local Expert
Subscribe
November 12, 2025
Вкусные торты
Show business's response",False,"Екатерина Н.
Level 10 Local Expert
Subscribe
November 12, 2025
Вкусные торты
Show business's response","Екатерина Н.
Level 10 Local Expert
Subscribe
November 12, 2025
Вкусные торты
Hide business's response
Official responseNovember 13, 2025
Екатерина, добрый день! Благодарим вас за тёплый отзыв! Мы искренне рады, что наши торты покорили ваше сердце своими вкусовыми качествами. Это признание — лучшее доказательство того, что мы идём правильным путём и делаем свою работу качественно и с душой. Благодаря вашим словам мы становимся ещё сильнее мотивированы создавать для вас новые кулинарные шедевры и дарить радость каждому вашему визиту. Пусть наши десерты будут частичкой приятных воспоминаний и вдохновения! Будем счастливы видеть вас снова в гостях!","Екатерина Н.
Level 10 Local Expert
Subscribe
November 12, 2025
Вкусные торты
Hide business's response
Official responseNovember 13, 2025
Екатерина, добрый день! Благодарим вас за тёплый отзыв! Мы искренне рады, что наши торты покорили ваше сердце своими вкусовыми качествами. Это признание — лучшее доказательство того, что мы идём правильным путём и делаем свою работу качественно и с душой. Благодаря вашим словам мы становимся ещё сильнее мотивированы создавать для вас новые кулинарные шедевры и дарить радость каждому вашему визиту. Пусть наши десерты будут частичкой приятных воспоминаний и вдохновения! Будем счастливы видеть вас снова в гостях!","['5', '']","['5.0', '']","['1', '']","Екатерина Н.
Level 10 Local Expert
Subscribe
November 12, 2025
Вкусные торты
Show business's response",2606838b-47be-4b7c-8d5e-3e5097369282
,"['https://avatars.mds.yandex.net/get-yapic/32838/xmDdgK6zdTVyCLU6HyHWy218PU4-1/islands-68', '']","[None, 'Мария']",,"[None, 'June 8, 2021']","['2021-06-08T10:14:03.562Z', '']","Мария
Level 12 Local Expert
June 8, 2021
Кондитерская супер! Вкусные торты и без всяких плохих добавок! Цены супер! Советую всем!
3
Show business's response",False,"Мария
Level 12 Local Expert
June 8, 2021
Кондитерская супер! Вкусные торты и без всяких плохих добавок! Цены супер! Советую всем!
3
Show business's response","Мария
Level 12 Local Expert
June 8, 2021
Кондитерская супер! Вкусные торты и без всяких плохих добавок! Цены супер! Советую всем!
3
Hide business's response
Official responseFebruary 2, 2022
Добрый день! Благодарим Вас за высокую оценку нашей деятельности! Будем ждать Вас вновь!","Мария
Level 12 Local Expert
June 8, 2021
Кондитерская супер! Вкусные торты и без всяких плохих добавок! Цены супер! Советую всем!
3
Hide business's response
Official responseFebruary 2, 2022
Добрый день! Благодарим Вас за высокую оценку нашей деятельности! Будем ждать Вас вновь!","['5', '']","['5.0', '']","['1', '']","Мария
Level 12 Local Expert
June 8, 2021
Кондитерская супер! Вкусные торты и без всяких плохих добавок! Цены супер! Советую всем!
3
Show business's response",cd5e644d-fb35-4861-bb33-3e1215e7a406
"[None, 'Елизавета Лешек']","['https://avatars.mds.yandex.net/get-yapic/65952/0d-6/islands-68', '']","[None, 'Елизавета Лешек']",,"[None, 'September 27, 2024']","['2024-09-27T13:59:43.472Z', '']","Елизавета Лешек
Level 5 Local Expert
Subscribe
September 27, 2024
Мне очень нравится туда заходить, пока жду ребенка с секции. Очень вкусно
3
Show business's response",False,"Елизавета Лешек
Level 5 Local Expert
Subscribe
September 27, 2024
Мне очень нравится туда заходить, пока жду ребенка с секции. Очень вкусно
3
Show business's response","Елизавета Лешек
Level 5 Local Expert
Subscribe
September 27, 2024
Мне очень нравится туда заходить, пока жду ребенка с секции. Очень вкусно
3
Hide business's response
Official responseSeptember 30, 2024
Спасибо, мы стараемся)","Елизавета Лешек
Level 5 Local Expert
Subscribe
September 27, 2024
Мне очень нравится туда заходить, пока жду ребенка с секции. Очень вкусно
3
Hide business's response
Official responseSeptember 30, 2024
Спасибо, мы стараемся)","['5', '']","['5.0', '']","['1', '']","Елизавета Лешек
Level 5 Local Expert
Subscribe
September 27, 2024
Мне очень нравится туда заходить, пока жду ребенка с секции. Очень вкусно
3
Show business's response",19d408f8-f5a1-4648-8a32-e660bfe74dda
"[None, 'Валентина Щербакова']","['https://avatars.mds.yandex.net/get-yapic/26311/0a-2/islands-68', '']","[None, 'Валентина Щербакова']",,"[None, 'June 5, 2024']","['2024-06-05T05:52:58.812Z', '']","Валентина Щербакова
Level 8 Local Expert
Subscribe
June 5, 2024
Уютное место, вкусные десерты, рекомендую.
3
Show business's response",False,"Валентина Щербакова
Level 8 Local Expert
Subscribe
June 5, 2024
Уютное место, вкусные десерты, рекомендую.
3
Show business's response","Валентина Щербакова
Level 8 Local Expert
Subscribe
June 5, 2024
Уютное место, вкусные десерты, рекомендую.
3
Hide business's response
Official responseJune 14, 2024
Спасибо за ваш отклик","Валентина Щербакова
Level 8 Local Expert
Subscribe
June 5, 2024
Уютное место, вкусные десерты, рекомендую.
3
Hide business's response
Official responseJune 14, 2024
Спасибо за ваш отклик","['5', '']","['5.0', '']","['1', '']","Валентина Щербакова
Level 8 Local Expert
Subscribe
June 5, 2024
Уютное место, вкусные десерты, рекомендую.
3
Show business's response",77b897c7-e248-455a-8f94-96250e149aa5
"[None, 'Девушка']",,"[None, 'Девушка']",,"[None, 'August 15, 2024']","['2024-08-14T19:18:20.683Z', '']","Д
Девушка
Level 4 Local Expert
Subscribe
August 15, 2024
Торты вкусные, разнообразные
Show business's response",False,"Д
Девушка
Level 4 Local Expert
Subscribe
August 15, 2024
Торты вкусные, разнообразные
Show business's response","Д
Девушка
Level 4 Local Expert
Subscribe
August 15, 2024
Торты вкусные, разнообразные
Hide business's response
Official responseAugust 16, 2024
Спасибо за приятный отзыв)","Д
Девушка
Level 4 Local Expert
Subscribe
August 15, 2024
Торты вкусные, разнообразные
Hide business's response
Official responseAugust 16, 2024
Спасибо за приятный отзыв)","['5', '']","['5.0', '']","['1', '']","Д
Девушка
Level 4 Local Expert
Subscribe
August 15, 2024
Торты вкусные, разнообразные
Show business's response",465b30c7-167a-41b0-9885-3ebed8196751
"[None, 'Вячеслав Булатов']","['https://avatars.mds.yandex.net/get-yapic/39249/enc-5e7c48a4c4f4cd47d53c36707bc4f55d77d64d9f0667f12e2e72d21c045b0395/islands-68', '']","[None, 'Вячеслав Булатов']",,"[None, 'October 16, 2022']","['2022-10-16T10:10:11.201Z', '']","Вячеслав Булатов
Level 7 Local Expert
Subscribe
October 16, 2022
Варвара продавец грубая, раздражительная, громко орущая и плохо слышащая работница. Сегодня 16.19.22 испортила настроение целой семье. Руководству обратить внимание на такие экземпляры не воспитанности и не сдержанности
3
Show business's response",False,"Вячеслав Булатов
Level 7 Local Expert
Subscribe
October 16, 2022
Варвара продавец грубая, раздражительная, громко орущая и плохо слышащая работница. Сегодня 16.19.22 испортила настроение целой семье. Руководству обратить внимание на такие экземпляры не воспитанности и не сдержанности
3
Show business's response","Вячеслав Булатов
Level 7 Local Expert
Subscribe
October 16, 2022
Варвара продавец грубая, раздражительная, громко орущая и плохо слышащая работница. Сегодня 16.19.22 испортила настроение целой семье. Руководству обратить внимание на такие экземпляры не воспитанности и не сдержанности
3
Hide business's response
Official responseOctober 23, 2022
Добрый день! Приносим свои извинения и благодарим Вас за обратную связь, для нас это очень важно! Мы обязательно разберемся в этой ситуации и проведем работу с персоналом! Мы хотели бы исправить впечатление, как мы можем с Вами связаться?","Вячеслав Булатов
Level 7 Local Expert
Subscribe
October 16, 2022
Варвара продавец грубая, раздражительная, громко орущая и плохо слышащая работница. Сегодня 16.19.22 испортила настроение целой семье. Руководству обратить внимание на такие экземпляры не воспитанности и не сдержанности
3
Hide business's response
Official responseOctober 23, 2022
Добрый день! Приносим свои извинения и благодарим Вас за обратную связь, для нас это очень важно! Мы обязательно разберемся в этой ситуации и проведем работу с персоналом! Мы хотели бы исправить впечатление, как мы можем с Вами связаться?","['5', '']","['1.0', '']","['1', '']","Вячеслав Булатов
Level 7 Local Expert
Subscribe
October 16, 2022
Варвара продавец грубая, раздражительная, громко орущая и плохо слышащая работница. Сегодня 16.19.22 испортила настроение целой семье. Руководству обратить внимание на такие экземпляры не воспитанности и не сдержанности
3
Show business's response",aceb5b9d-6890-4eb1-b977-c50284fd9023
,"['https://avatars.mds.yandex.net/get-yapic/6214067/8yw4IeF59JwQ2VpNetR8QHmr8Y-1/islands-68', '']","[None, 'Сергей']",,"[None, 'February 21, 2024']","['2024-02-21T12:18:00.425Z', '']","Сергей
Level 4 Local Expert
February 21, 2024
Одна из лучших кондитерских за достойную цену! Веуснейшая выпечка и тортики!
Show business's response",False,"Сергей
Level 4 Local Expert
February 21, 2024
Одна из лучших кондитерских за достойную цену! Веуснейшая выпечка и тортики!
Show business's response","Сергей
Level 4 Local Expert
February 21, 2024
Одна из лучших кондитерских за достойную цену! Веуснейшая выпечка и тортики!
Hide business's response
Official responseFebruary 27, 2024
Спасибо за приятный отзыв","Сергей
Level 4 Local Expert
February 21, 2024
Одна из лучших кондитерских за достойную цену! Веуснейшая выпечка и тортики!
Hide business's response
Official responseFebruary 27, 2024
Спасибо за приятный отзыв","['5', '']","['5.0', '']","['1', '']","Сергей
Level 4 Local Expert
February 21, 2024
Одна из лучших кондитерских за достойную цену! Веуснейшая выпечка и тортики!
Show business's response",2006689f-80b3-4757-9840-fffee8db9b84
"[None, 'Ilga Li']","['https://avatars.mds.yandex.net/get-yapic/59871/0u-8/islands-68', '']","[None, 'Ilga Li']",,"[None, 'October 31, 2024']","['2024-10-31T12:47:31.490Z', '']","Ilga Li
Level 11 Local Expert
Subscribe
October 31, 2024
Отличная кофейня, вкусные десерты
1
Show business's response",False,"Ilga Li
Level 11 Local Expert
Subscribe
October 31, 2024
Отличная кофейня, вкусные десерты
1
Show business's response","Ilga Li
Level 11 Local Expert
Subscribe
October 31, 2024
Отличная кофейня, вкусные десерты
1
Hide business's response
Official responseNovember 4, 2024
Спасибо за такой отзыв","Ilga Li
Level 11 Local Expert
Subscribe
October 31, 2024
Отличная кофейня, вкусные десерты
1
Hide business's response
Official responseNovember 4, 2024
Спасибо за такой отзыв","['5', '']","['5.0', '']","['1', '']","Ilga Li
Level 11 Local Expert
Subscribe
October 31, 2024
Отличная кофейня, вкусные десерты
1
Show business's response",d43e74c8-1546-493f-8323-c7a13c3e466e
"[None, 'Ирина Изгагина']","['https://avatars.mds.yandex.net/get-yapic/49368/Z4RGHQyYHTOIlRqTWc4zMLXPJzw-1/islands-68', '']","[None, 'Ирина Изгагина']",,"[None, 'June 8, 2024']","['2024-06-08T15:04:42.410Z', '']","Ирина Изгагина
Level 5 Local Expert
Subscribe
June 8, 2024
Очень уютное кафе. Семейное, уютное. Для скадкоежек. Рекомендую
3
Show business's response",False,"Ирина Изгагина
Level 5 Local Expert
Subscribe
June 8, 2024
Очень уютное кафе. Семейное, уютное. Для скадкоежек. Рекомендую
3
Show business's response","Ирина Изгагина
Level 5 Local Expert
Subscribe
June 8, 2024
Очень уютное кафе. Семейное, уютное. Для скадкоежек. Рекомендую
3
Hide business's response
Official responseJune 14, 2024
Спасибо за ваш отзыв","Ирина Изгагина
Level 5 Local Expert
Subscribe
June 8, 2024
Очень уютное кафе. Семейное, уютное. Для скадкоежек. Рекомендую
3
Hide business's response
Official responseJune 14, 2024
Спасибо за ваш отзыв","['5', '']","['5.0', '']","['1', '']","Ирина Изгагина
Level 5 Local Expert
Subscribe
June 8, 2024
Очень уютное кафе. Семейное, уютное. Для скадкоежек. Рекомендую
3
Show business's response",c7d7e73e-3000-42bb-b066-8d0e7650df7e
"[None, 'Анастасия И']","['https://avatars.mds.yandex.net/get-yapic/25817/0o-2/islands-68', '']","[None, 'Анастасия И']",,"[None, 'August 29, 2023']","['2023-08-29T15:15:56.281Z', '']","Анастасия И
Level 4 Local Expert
Subscribe
August 29, 2023
Отличное качество продукции, вежливый персонал
2
Show business's response",False,"Анастасия И
Level 4 Local Expert
Subscribe
August 29, 2023
Отличное качество продукции, вежливый персонал
2
Show business's response","Анастасия И
Level 4 Local Expert
Subscribe
August 29, 2023
Отличное качество продукции, вежливый персонал
2
Hide business's response
Official responseSeptember 1, 2023
Благодарим за ваш отзыв","Анастасия И
Level 4 Local Expert
Subscribe
August 29, 2023
Отличное качество продукции, вежливый персонал
2
Hide business's response
Official responseSeptember 1, 2023
Благодарим за ваш отзыв","['5', '']","['5.0', '']","['1', '']","Анастасия И
Level 4 Local Expert
Subscribe
August 29, 2023
Отличное качество продукции, вежливый персонал
2
Show business's response",c7afef3c-7a24-4e66-99a2-c690bd3f4027
"[None, 'вадим зайков']","['https://avatars.mds.yandex.net/get-yapic/24700/enc-0f394851fefe47d2b14b4787a836eac498eee9008467e0d4eb455d6405be2647/islands-68', '']","[None, 'вадим зайков']",,"[None, 'November 9, 2025']","['2025-11-09T16:33:49.243Z', '']","вадим зайков
Level 7 Local Expert
Subscribe
November 9, 2025
Если зайти в свой день рождения. Ещё и скидка 10%
3
Show business's response",False,"вадим зайков
Level 7 Local Expert
Subscribe
November 9, 2025
Если зайти в свой день рождения. Ещё и скидка 10%
3
Show business's response","вадим зайков
Level 7 Local Expert
Subscribe
November 9, 2025
Если зайти в свой день рождения. Ещё и скидка 10%
3
Hide business's response
Official responseNovember 10, 2025
Спасибо за приятный отклик","вадим зайков
Level 7 Local Expert
Subscribe
November 9, 2025
Если зайти в свой день рождения. Ещё и скидка 10%
3
Hide business's response
Official responseNovember 10, 2025
Спасибо за приятный отклик","['5', '']","['5.0', '']","['1', '']","вадим зайков
Level 7 Local Expert
Subscribe
November 9, 2025
Если зайти в свой день рождения. Ещё и скидка 10%
3
Show business's response",6e518e07-46e8-4c82-a762-899cb52a4674
"[None, 'Андрей Посохин']","['https://avatars.mds.yandex.net/get-yapic/39249/VQ7pcnncRCvPCSI0EjGKp6OZU-1/islands-68', '']","[None, 'Андрей Посохин']",,"[None, 'May 15, 2022']","['2022-05-15T05:52:25.387Z', '']","Андрей Посохин
Level 10 Local Expert
Subscribe
May 15, 2022
Продукция всегда свежая очень вкусная,но цены можно немного снизить
Show business's response",False,"Андрей Посохин
Level 10 Local Expert
Subscribe
May 15, 2022
Продукция всегда свежая очень вкусная,но цены можно немного снизить
Show business's response","Андрей Посохин
Level 10 Local Expert
Subscribe
May 15, 2022
Продукция всегда свежая очень вкусная,но цены можно немного снизить
Hide business's response
Official responseJune 15, 2022
Добрый день, спасибо за обратную связь. Мы стараемся заботиться о своих Гостях и используем только качественные продукты в приготовлении Ваших любимых сладостей! Мы разделяем Ваше негодование, а также хотим обратить внимание, что мы используем только натуральные ингредиенты в своих изделиях. Надеемся в будущем видеть Вас вновь в качестве Гостя нашей кондитерской! Благодарим за честный отзыв!","Андрей Посохин
Level 10 Local Expert
Subscribe
May 15, 2022
Продукция всегда свежая очень вкусная,но цены можно немного снизить
Hide business's response
Official responseJune 15, 2022
Добрый день, спасибо за обратную связь. Мы стараемся заботиться о своих Гостях и используем только качественные продукты в приготовлении Ваших любимых сладостей! Мы разделяем Ваше негодование, а также хотим обратить внимание, что мы используем только натуральные ингредиенты в своих изделиях. Надеемся в будущем видеть Вас вновь в качестве Гостя нашей кондитерской! Благодарим за честный отзыв!","['5', '']","['5.0', '']","['1', '']","Андрей Посохин
Level 10 Local Expert
Subscribe
May 15, 2022
Продукция всегда свежая очень вкусная,но цены можно немного снизить
Show business's response",b42f4ba8-f7e3-4d9a-b224-9469da953098
"[None, 'Валерий С.']","['https://avatars.mds.yandex.net/get-yapic/68143/0l-3/islands-68', '']","[None, 'Валерий С.']",,"[None, 'August 30, 2024']","['2024-08-30T00:34:28.445Z', '']","Валерий С.
Level 7 Local Expert
Subscribe
August 30, 2024
Прекрасные десерты! Рекомендую всем!
3
Show business's response",False,"Валерий С.
Level 7 Local Expert
Subscribe
August 30, 2024
Прекрасные десерты! Рекомендую всем!
3
Show business's response","Валерий С.
Level 7 Local Expert
Subscribe
August 30, 2024
Прекрасные десерты! Рекомендую всем!
3
Hide business's response
Official responseAugust 31, 2024
Спасибо, что оценили","Валерий С.
Level 7 Local Expert
Subscribe
August 30, 2024
Прекрасные десерты! Рекомендую всем!
3
Hide business's response
Official responseAugust 31, 2024
Спасибо, что оценили","['5', '']","['5.0', '']","['1', '']","Валерий С.
Level 7 Local Expert
Subscribe
August 30, 2024
Прекрасные десерты! Рекомендую всем!
3
Show business's response",47b5554d-73f6-4cdf-b653-a27ef79b1d35
"[None, 'Степан Б.']","['https://avatars.mds.yandex.net/get-yapic/54535/iW7TsPHMdkMHJoShFjKsZycxG0-1/islands-68', '']","[None, 'Степан Б.']",,"[None, 'March 7, 2023']","['2023-03-07T11:25:57.835Z', '']","Степан Б.
Level 5 Local Expert
Subscribe
March 7, 2023
нормальные цены и просто замечательные на вкус десерты
3
Show business's response",False,"Степан Б.
Level 5 Local Expert
Subscribe
March 7, 2023
нормальные цены и просто замечательные на вкус десерты
3
Show business's response","Степан Б.
Level 5 Local Expert
Subscribe
March 7, 2023
нормальные цены и просто замечательные на вкус десерты
3
Hide business's response
Official responseMarch 10, 2023
Спасибо за ваш отклик","Степан Б.
Level 5 Local Expert
Subscribe
March 7, 2023
нормальные цены и просто замечательные на вкус десерты
3
Hide business's response
Official responseMarch 10, 2023
Спасибо за ваш отклик","['5', '']","['5.0', '']","['1', '']","Степан Б.
Level 5 Local Expert
Subscribe
March 7, 2023
нормальные цены и просто замечательные на вкус десерты
3
Show business's response",14730f5b-e9ad-4b86-9fd8-1b627a07ddea
"[None, 'Liza']","['https://avatars.mds.yandex.net/get-yapic/45566/ghfRDZMiGltikiCGKhW6hxruMg-1/islands-68', '']","[None, 'Liza']",,"[None, 'March 24, 2024']","['2024-03-24T09:11:46.174Z', '']","Liza
Level 2 Local Expert
Subscribe
March 24, 2024
Очень вкусные десерты, часто ходу в это заведение
1
Show business's response",False,"Liza
Level 2 Local Expert
Subscribe
March 24, 2024
Очень вкусные десерты, часто ходу в это заведение
1
Show business's response","Liza
Level 2 Local Expert
Subscribe
March 24, 2024
Очень вкусные десерты, часто ходу в это заведение
1
Hide business's response
Official responseApril 7, 2024
Спасибо за такой отзыв","Liza
Level 2 Local Expert
Subscribe
March 24, 2024
Очень вкусные десерты, часто ходу в это заведение
1
Hide business's response
Official responseApril 7, 2024
Спасибо за такой отзыв","['5', '']","['5.0', '']","['1', '']","Liza
Level 2 Local Expert
Subscribe
March 24, 2024
Очень вкусные десерты, часто ходу в это заведение
1
Show business's response",8bdd16b9-c89e-4c7b-bc1b-6b06fd72ecb5
"[None, 'Пьянкова Светлана']","['https://avatars.mds.yandex.net/get-yapic/36689/KK2ksApvBJMaDyZ7fR7Rlf15lk-1/islands-68', '']","[None, 'Пьянкова Светлана']",,"[None, 'March 28, 2025']","['2025-03-28T16:55:06.400Z', '']","Пьянкова Светлана
Level 11 Local Expert
Subscribe
March 28, 2025
Белиссимо! Кофе с морской солью!
Show business's response",False,"Пьянкова Светлана
Level 11 Local Expert
Subscribe
March 28, 2025
Белиссимо! Кофе с морской солью!
Show business's response","Пьянкова Светлана
Level 11 Local Expert
Subscribe
March 28, 2025
Белиссимо! Кофе с морской солью!
Hide business's response
Official responseApril 1, 2025
Спасибо за вашу оценку","Пьянкова Светлана
Level 11 Local Expert
Subscribe
March 28, 2025
Белиссимо! Кофе с морской солью!
Hide business's response
Official responseApril 1, 2025
Спасибо за вашу оценку","['5', '']","['5.0', '']","['1', '']","Пьянкова Светлана
Level 11 Local Expert
Subscribe
March 28, 2025
Белиссимо! Кофе с морской солью!
Show business's response",465f3c94-1fc2-44d9-8b2d-6abf63696c68
"[None, 'Ксения Хохрина']","['https://avatars.mds.yandex.net/get-yapic/41409/Tnngcv7iPz0HLmPEJL6a8iDyc-1/islands-68', '']","[None, 'Ксения Хохрина']",,"[None, 'November 12, 2023']","['2023-11-12T15:46:46.352Z', '']","Ксения Хохрина
Level 11 Local Expert
Subscribe
November 12, 2023
Это лучшее кафе которое я посещала за последнее время) вкусно,уютно,атомосферно
2
Show business's response",False,"Ксения Хохрина
Level 11 Local Expert
Subscribe
November 12, 2023
Это лучшее кафе которое я посещала за последнее время) вкусно,уютно,атомосферно
2
Show business's response","Ксения Хохрина
Level 11 Local Expert
Subscribe
November 12, 2023
Это лучшее кафе которое я посещала за последнее время) вкусно,уютно,атомосферно
2
Hide business's response
Official responseNovember 14, 2023
Спасибо за такой отзыв","Ксения Хохрина
Level 11 Local Expert
Subscribe
November 12, 2023
Это лучшее кафе которое я посещала за последнее время) вкусно,уютно,атомосферно
2
Hide business's response
Official responseNovember 14, 2023
Спасибо за такой отзыв","['5', '']","['5.0', '']","['1', '']","Ксения Хохрина
Level 11 Local Expert
Subscribe
November 12, 2023
Это лучшее кафе которое я посещала за последнее время) вкусно,уютно,атомосферно
2
Show business's response",59ace3af-d926-4ea2-b3c4-e03644ef5e0a
"[None, 'Андрей Zas']","['https://avatars.mds.yandex.net/get-yapic/68143/0u-2/islands-68', '']","[None, 'Андрей Zas']",,"[None, 'September 1, 2024']","['2024-09-01T14:16:07.736Z', '']","Андрей Zas
Level 7 Local Expert
Subscribe
September 1, 2024
Очень качественно и вкусно
3
Show business's response",False,"Андрей Zas
Level 7 Local Expert
Subscribe
September 1, 2024
Очень качественно и вкусно
3
Show business's response","Андрей Zas
Level 7 Local Expert
Subscribe
September 1, 2024
Очень качественно и вкусно
3
Hide business's response
Official responseSeptember 7, 2024
Спасибо, что оценили)","Андрей Zas
Level 7 Local Expert
Subscribe
September 1, 2024
Очень качественно и вкусно
3
Hide business's response
Official responseSeptember 7, 2024
Спасибо, что оценили)","['5', '']","['5.0', '']","['1', '']","Андрей Zas
Level 7 Local Expert
Subscribe
September 1, 2024
Очень качественно и вкусно
3
Show business's response",5abd391c-24ab-42c9-8fe0-4a58a827e393
"[None, 'Сергей Якупов']","['https://avatars.mds.yandex.net/get-yapic/45848/enc-e0036cdbe40e717466cd9a0b1e81088cf5e813d9f1f6963b338808ea54a32738/islands-68', '']","[None, 'Сергей Якупов']",,"[None, 'January 11, 2025']","['2025-01-11T14:05:56.399Z', '']","Сергей Якупов
Level 10 Local Expert
Subscribe
January 11, 2025
Лучшие тортики в городе!!!
1
Show business's response",False,"Сергей Якупов
Level 10 Local Expert
Subscribe
January 11, 2025
Лучшие тортики в городе!!!
1
Show business's response","Сергей Якупов
Level 10 Local Expert
Subscribe
January 11, 2025
Лучшие тортики в городе!!!
1
Hide business's response
Official responseJanuary 13, 2025
Спасибо за приятный отклик","Сергей Якупов
Level 10 Local Expert
Subscribe
January 11, 2025
Лучшие тортики в городе!!!
1
Hide business's response
Official responseJanuary 13, 2025
Спасибо за приятный отклик","['5', '']","['5.0', '']","['1', '']","Сергей Якупов
Level 10 Local Expert
Subscribe
January 11, 2025
Лучшие тортики в городе!!!
1
Show business's response",3cbbe4e0-f6a8-43cb-a9e3-8dc8bea76824
"[None, 'Ирина Ромашовп']","['https://avatars.mds.yandex.net/get-yapic/59871/0a-4/islands-68', '']","[None, 'Ирина Ромашовп']",,"[None, 'November 4, 2025']","['2025-11-04T16:00:52.430Z', '']","Ирина Ромашовп
Level 5 Local Expert
Subscribe
November 4, 2025
Пора обновлять ассортимент
Show business's response",False,"Ирина Ромашовп
Level 5 Local Expert
Subscribe
November 4, 2025
Пора обновлять ассортимент
Show business's response","Ирина Ромашовп
Level 5 Local Expert
Subscribe
November 4, 2025
Пора обновлять ассортимент
Hide business's response
Official responseNovember 5, 2025
Ирина, добрый день! Спасибо за ваше важное замечание и неравнодушие к нашему меню!
Мы постоянно работаем над улучшением ассортимента, стремясь предложить гостям свежие идеи и интересные новинки. Ваше предложение стало стимулом задуматься о расширении выбора блюд и десертов, чтобы каждый посетитель мог насладиться разнообразием вкусов.
Оставайтесь с нами, впереди много интересного и аппетитного!","Ирина Ромашовп
Level 5 Local Expert
Subscribe
November 4, 2025
Пора обновлять ассортимент
Hide business's response
Official responseNovember 5, 2025
Ирина, добрый день! Спасибо за ваше важное замечание и неравнодушие к нашему меню!
Мы постоянно работаем над улучшением ассортимента, стремясь предложить гостям свежие идеи и интересные новинки. Ваше предложение стало стимулом задуматься о расширении выбора блюд и десертов, чтобы каждый посетитель мог насладиться разнообразием вкусов.
Оставайтесь с нами, впереди много интересного и аппетитного!","['5', '']","['4.0', '']","['1', '']","Ирина Ромашовп
Level 5 Local Expert
Subscribe
November 4, 2025
Пора обновлять ассортимент
Show business's response",c906afca-f230-411b-a224-939b904eacc8
,"['https://avatars.mds.yandex.net/get-yapic/36777/0r-6/islands-68', '']","[None, 'Екатерина Квитченко']",,"[None, 'March 28, 2025']","['2025-03-28T06:01:46.985Z', '']","Екатерина Квитченко
Level 4 Local Expert
March 28, 2025
Очень приятное место с вкусными десертами!
3
Show business's response",False,"Екатерина Квитченко
Level 4 Local Expert
March 28, 2025
Очень приятное место с вкусными десертами!
3
Show business's response","Екатерина Квитченко
Level 4 Local Expert
March 28, 2025
Очень приятное место с вкусными десертами!
3
Hide business's response
Official responseApril 1, 2025
Спасибо за приятный отклик","Екатерина Квитченко
Level 4 Local Expert
March 28, 2025
Очень приятное место с вкусными десертами!
3
Hide business's response
Official responseApril 1, 2025
Спасибо за приятный отклик","['5', '']","['5.0', '']","['1', '']","Екатерина Квитченко
Level 4 Local Expert
March 28, 2025
Очень приятное место с вкусными десертами!
3
Show business's response",b1983490-e3a2-4740-8e09-5d88e54837fd
"[None, 'Эдуард Кожевников']","['https://avatars.mds.yandex.net/get-yapic/31804/0c-9/islands-68', '']","[None, 'Эдуард Кожевников']",,"[None, 'January 18']","['2026-01-18T08:10:59.190Z', '']","Эдуард Кожевников
Level 7 Local Expert
Subscribe
January 18
Всегда вкусно
Show business's response",False,"Эдуард Кожевников
Level 7 Local Expert
Subscribe
January 18
Всегда вкусно
Show business's response","Эдуард Кожевников
Level 7 Local Expert
Subscribe
January 18
Всегда вкусно
Hide business's response
Official responseJanuary 19
Эдуард, добрый день! Простые и искренние слова благодарности всегда радуют больше всего!
Спасибо, что выбираете нас и находите вкусным то, что приготовлено с душой. Для нас главное — доставить удовольствие каждому гостю, подарить минуты удовольствия и яркие эмоции.
Пусть каждый кусочек сладкого будет поводом улыбнуться и почувствовать тепло домашнего очага. Приходите чаще, мы всегда будем рады видеть вас!
Спасибо за доверие и добрые слова!","Эдуард Кожевников
Level 7 Local Expert
Subscribe
January 18
Всегда вкусно
Hide business's response
Official responseJanuary 19
Эдуард, добрый день! Простые и искренние слова благодарности всегда радуют больше всего!
Спасибо, что выбираете нас и находите вкусным то, что приготовлено с душой. Для нас главное — доставить удовольствие каждому гостю, подарить минуты удовольствия и яркие эмоции.
Пусть каждый кусочек сладкого будет поводом улыбнуться и почувствовать тепло домашнего очага. Приходите чаще, мы всегда будем рады видеть вас!
Спасибо за доверие и добрые слова!","['5', '']","['5.0', '']","['1', '']","Эдуард Кожевников
Level 7 Local Expert
Subscribe
January 18
Всегда вкусно
Show business's response",0b23eae3-6020-4227-9cef-f0117390469d
"[None, 'Галина Михалева']","['https://avatars.mds.yandex.net/get-yapic/37154/0k-3/islands-68', '']","[None, 'Галина Михалева']",,"[None, 'July 18, 2024']","['2024-07-18T00:55:03.690Z', '']","Галина Михалева
Level 8 Local Expert
Subscribe
July 18, 2024
Хорошее место оч вкусные пирожные!
Show business's response",False,"Галина Михалева
Level 8 Local Expert
Subscribe
July 18, 2024
Хорошее место оч вкусные пирожные!
Show business's response","Галина Михалева
Level 8 Local Expert
Subscribe
July 18, 2024
Хорошее место оч вкусные пирожные!
Hide business's response
Official responseJuly 22, 2024
Спасибо, мы старались","Галина Михалева
Level 8 Local Expert
Subscribe
July 18, 2024
Хорошее место оч вкусные пирожные!
Hide business's response
Official responseJuly 22, 2024
Спасибо, мы старались","['5', '']","['5.0', '']","['1', '']","Галина Михалева
Level 8 Local Expert
Subscribe
July 18, 2024
Хорошее место оч вкусные пирожные!
Show business's response",a6369106-1fcc-49ca-9020-c55d028417d2
"[None, 'Алексей Гилев']","['https://avatars.mds.yandex.net/get-yapic/29310/0o-6/islands-68', '']","[None, 'Алексей Гилев']",,"[None, 'March 8, 2024']","['2024-03-07T21:26:59.426Z', '']","Алексей Гилев
Level 5 Local Expert
Subscribe
March 8, 2024
Не подготовились к праздникам, заказы исполняют по минимуму. Задумайтесь руководители.
2
4
Show business's response",False,"Алексей Гилев
Level 5 Local Expert
Subscribe
March 8, 2024
Не подготовились к праздникам, заказы исполняют по минимуму. Задумайтесь руководители.
2
4
Show business's response","Алексей Гилев
Level 5 Local Expert
Subscribe
March 8, 2024
Не подготовились к праздникам, заказы исполняют по минимуму. Задумайтесь руководители.
2
4
Hide business's response
Official responseMarch 12, 2024
Добрый день, Алексей! Приносим Вам наши извинения, мы очень постараемся сделать все, что бы впредь такое больше никогда не повторилось","Алексей Гилев
Level 5 Local Expert
Subscribe
March 8, 2024
Не подготовились к праздникам, заказы исполняют по минимуму. Задумайтесь руководители.
2
4
Hide business's response
Official responseMarch 12, 2024
Добрый день, Алексей! Приносим Вам наши извинения, мы очень постараемся сделать все, что бы впредь такое больше никогда не повторилось","['5', '']","['1.0', '']","['1', '']","Алексей Гилев
Level 5 Local Expert
Subscribe
March 8, 2024
Не подготовились к праздникам, заказы исполняют по минимуму. Задумайтесь руководители.
2
4
Show business's response",6e5236d6-ce18-4ac9-b49c-18384cdc726b
"[None, 'Марина Гингольд']","['https://avatars.mds.yandex.net/get-yapic/56823/0g-7/islands-68', '']","[None, 'Марина Гингольд']",,"[None, 'February 9, 2024']","['2024-02-09T14:43:32.665Z', '']","Марина Гингольд
Level 16 Local Expert
Subscribe
February 9, 2024
Все вкусно, но очень медленный персонал
Show business's response",False,"Марина Гингольд
Level 16 Local Expert
Subscribe
February 9, 2024
Все вкусно, но очень медленный персонал
Show business's response","Марина Гингольд
Level 16 Local Expert
Subscribe
February 9, 2024
Все вкусно, но очень медленный персонал
Hide business's response
Official responseFebruary 27, 2024
Спасибо, учтём ваше мнение","Марина Гингольд
Level 16 Local Expert
Subscribe
February 9, 2024
Все вкусно, но очень медленный персонал
Hide business's response
Official responseFebruary 27, 2024
Спасибо, учтём ваше мнение","['5', '']","['4.0', '']","['1', '']","Марина Гингольд
Level 16 Local Expert
Subscribe
February 9, 2024
Все вкусно, но очень медленный персонал
Show business's response",b3dc510a-ce8d-4917-8239-424d0b45eccf
"[None, 'Елена Скворцова']","['https://avatars.mds.yandex.net/get-yapic/28053/aFZ7XReAFO8kEiLEFeYLlDgVfVw-1/islands-68', '']","[None, 'Елена Скворцова']",,"[None, 'May 4, 2025']","['2025-05-04T10:15:29.504Z', '']","Елена Скворцова
Level 8 Local Expert
Subscribe
May 4, 2025
Торты- супер!!!
Show business's response",False,"Елена Скворцова
Level 8 Local Expert
Subscribe
May 4, 2025
Торты- супер!!!
Show business's response","Елена Скворцова
Level 8 Local Expert
Subscribe
May 4, 2025
Торты- супер!!!
Hide business's response
Official responseMay 5, 2025
Спасибо за вашу оценку","Елена Скворцова
Level 8 Local Expert
Subscribe
May 4, 2025
Торты- супер!!!
Hide business's response
Official responseMay 5, 2025
Спасибо за вашу оценку","['5', '']","['5.0', '']","['1', '']","Елена Скворцова
Level 8 Local Expert
Subscribe
May 4, 2025
Торты- супер!!!
Show business's response",af5c286b-3feb-4e75-a2cf-2b391bdd981c
"[None, 'Дарья С.']","['https://avatars.mds.yandex.net/get-yapic/28439/Gnuea8W4Bno66TW3WNY1GwCVlQ-1/islands-68', '']","[None, 'Дарья С.']",,"[None, 'July 16, 2023']","['2023-07-16T15:40:34.911Z', '']","Дарья С.
Level 14 Local Expert
Subscribe
July 16, 2023
Неплохо. Но вот уровень сервиса....добрый сельский)))) возможно, это добавляет определённый шарм. Но хочется чего-то большего)
2
2
Show business's response",False,"Дарья С.
Level 14 Local Expert
Subscribe
July 16, 2023
Неплохо. Но вот уровень сервиса....добрый сельский)))) возможно, это добавляет определённый шарм. Но хочется чего-то большего)
2
2
Show business's response","Дарья С.
Level 14 Local Expert
Subscribe
July 16, 2023
Неплохо. Но вот уровень сервиса....добрый сельский)))) возможно, это добавляет определённый шарм. Но хочется чего-то большего)
2
2
Hide business's response
Official responseJuly 18, 2023
Добрый день, Дарья! В первую очередь, мы хотим поблагодарить вас за обратную связь! Ведь ваша связь помогает нам становится лучше! Скажите пожалуйста, какого числа вы были в нашем заведении? Что именно вам не понравилось в обслуживании? Как вы понимаете уровень сервиса- добрый сельский?","Дарья С.
Level 14 Local Expert
Subscribe
July 16, 2023
Неплохо. Но вот уровень сервиса....добрый сельский)))) возможно, это добавляет определённый шарм. Но хочется чего-то большего)
2
2
Hide business's response
Official responseJuly 18, 2023
Добрый день, Дарья! В первую очередь, мы хотим поблагодарить вас за обратную связь! Ведь ваша связь помогает нам становится лучше! Скажите пожалуйста, какого числа вы были в нашем заведении? Что именно вам не понравилось в обслуживании? Как вы понимаете уровень сервиса- добрый сельский?","['5', '']","['3.0', '']","['1', '']","Дарья С.
Level 14 Local Expert
Subscribe
July 16, 2023
Неплохо. Но вот уровень сервиса....добрый сельский)))) возможно, это добавляет определённый шарм. Но хочется чего-то большего)
2
2
Show business's response",67a4b5ab-947b-48f1-b2cd-c98f3300a415
"[None, 'Елена']","['https://avatars.mds.yandex.net/get-yapic/33202/kCD00O6uL6q6J8jtbIBN6iyaTI-1/islands-68', '']","[None, 'Елена']",,"[None, 'July 28, 2024']","['2024-07-28T17:58:25.541Z', '']","Елена
Level 6 Local Expert
Subscribe
July 28, 2024
Уютное местечко с вкусными десертами
Show business's response",False,"Елена
Level 6 Local Expert
Subscribe
July 28, 2024
Уютное местечко с вкусными десертами
Show business's response","Елена
Level 6 Local Expert
Subscribe
July 28, 2024
Уютное местечко с вкусными десертами
Hide business's response
Official responseAugust 5, 2024
Спасибо за ваш отзыв","Елена
Level 6 Local Expert
Subscribe
July 28, 2024
Уютное местечко с вкусными десертами
Hide business's response
Official responseAugust 5, 2024
Спасибо за ваш отзыв","['5', '']","['5.0', '']","['1', '']","Елена
Level 6 Local Expert
Subscribe
July 28, 2024
Уютное местечко с вкусными десертами
Show business's response",ae8c5ed4-42c8-4afb-a9f7-2b2652e37214
"[None, 'Ирина Полежаева']","['https://avatars.mds.yandex.net/get-yapic/63032/0d-9/islands-68', '']","[None, 'Ирина Полежаева']",,"[None, 'January 8, 2024']","['2024-01-08T14:37:35.079Z', '']","Ирина Полежаева
Level 7 Local Expert
Subscribe
January 8, 2024
Очень вкусные пироженки и торты
3
Show business's response",False,"Ирина Полежаева
Level 7 Local Expert
Subscribe
January 8, 2024
Очень вкусные пироженки и торты
3
Show business's response","Ирина Полежаева
Level 7 Local Expert
Subscribe
January 8, 2024
Очень вкусные пироженки и торты
3
Hide business's response
Official responseJanuary 11, 2024
Спасибо за вашу оценку","Ирина Полежаева
Level 7 Local Expert
Subscribe
January 8, 2024
Очень вкусные пироженки и торты
3
Hide business's response
Official responseJanuary 11, 2024
Спасибо за вашу оценку","['5', '']","['5.0', '']","['1', '']","Ирина Полежаева
Level 7 Local Expert
Subscribe
January 8, 2024
Очень вкусные пироженки и торты
3
Show business's response",cd847533-4589-4919-8834-6b8d504496fd
"[None, 'Сергей С.']","['https://avatars.mds.yandex.net/get-yapic/51381/F0H6YSHRKatvtI1SyfeLyhgUs-1/islands-68', '']","[None, 'Сергей С.']",,"[None, 'November 3, 2022']","['2022-11-03T18:39:15.091Z', '']","Сергей С.
Level 10 Local Expert
Subscribe
November 3, 2022
Приятное сочетание цены и качества. Есть доставка в день заказа по наличию и пред заказ.
Show business's response",False,"Сергей С.
Level 10 Local Expert
Subscribe
November 3, 2022
Приятное сочетание цены и качества. Есть доставка в день заказа по наличию и пред заказ.
Show business's response","Сергей С.
Level 10 Local Expert
Subscribe
November 3, 2022
Приятное сочетание цены и качества. Есть доставка в день заказа по наличию и пред заказ.
Hide business's response
Official responseNovember 5, 2022
Сергей, добрый день! Спасибо Вам за высокую оценку! Мы стараемся для Вас! Ждем Вас вновь и вновь в наших кондитерских в качестве Гостя!","Сергей С.
Level 10 Local Expert
Subscribe
November 3, 2022
Приятное сочетание цены и качества. Есть доставка в день заказа по наличию и пред заказ.
Hide business's response
Official responseNovember 5, 2022
Сергей, добрый день! Спасибо Вам за высокую оценку! Мы стараемся для Вас! Ждем Вас вновь и вновь в наших кондитерских в качестве Гостя!","['5', '']","['5.0', '']","['1', '']","Сергей С.
Level 10 Local Expert
Subscribe
November 3, 2022
Приятное сочетание цены и качества. Есть доставка в день заказа по наличию и пред заказ.
Show business's response",836da7d9-d901-40ae-aa34-76bb467704f0
"[None, 'ilira Grade']","['https://avatars.mds.yandex.net/get-yapic/65952/0s-2/islands-68', '']","[None, 'ilira Grade']",,"[None, 'March 20, 2024']","['2024-03-20T10:39:13.241Z', '']","ilira Grade
Level 2 Local Expert
Subscribe
March 20, 2024
Посидели с другом, все было приятно и гостеприимно , будем заходить почаще, мы в восторге от этого заведения
1
Show business's response",False,"ilira Grade
Level 2 Local Expert
Subscribe
March 20, 2024
Посидели с другом, все было приятно и гостеприимно , будем заходить почаще, мы в восторге от этого заведения
1
Show business's response","ilira Grade
Level 2 Local Expert
Subscribe
March 20, 2024
Посидели с другом, все было приятно и гостеприимно , будем заходить почаще, мы в восторге от этого заведения
1
Hide business's response
Official responseApril 7, 2024
Спасибо, мы старались","ilira Grade
Level 2 Local Expert
Subscribe
March 20, 2024
Посидели с другом, все было приятно и гостеприимно , будем заходить почаще, мы в восторге от этого заведения
1
Hide business's response
Official responseApril 7, 2024
Спасибо, мы старались","['5', '']","['5.0', '']","['1', '']","ilira Grade
Level 2 Local Expert
Subscribe
March 20, 2024
Посидели с другом, все было приятно и гостеприимно , будем заходить почаще, мы в восторге от этого заведения
1
Show business's response",ba703a3d-fd87-41de-bf7d-facf97864670
"[None, 'марина гладышева']","['https://avatars.mds.yandex.net/get-yapic/25358/HPc8CArHiHndYKGvMooX9GWjIrw-1/islands-68', '']","[None, 'марина гладышева']",,"[None, 'September 22, 2023']","['2023-09-22T09:33:03.958Z', '']","марина гладышева
Level 6 Local Expert
Subscribe
September 22, 2023
Очень вкусные десерты и чай.
2
Show business's response",False,"марина гладышева
Level 6 Local Expert
Subscribe
September 22, 2023
Очень вкусные десерты и чай.
2
Show business's response","марина гладышева
Level 6 Local Expert
Subscribe
September 22, 2023
Очень вкусные десерты и чай.
2
Hide business's response
Official responseSeptember 23, 2023
Марина, спасибо за приятный отзыв!","марина гладышева
Level 6 Local Expert
Subscribe
September 22, 2023
Очень вкусные десерты и чай.
2
Hide business's response
Official responseSeptember 23, 2023
Марина, спасибо за приятный отзыв!","['5', '']","['5.0', '']","['1', '']","марина гладышева
Level 6 Local Expert
Subscribe
September 22, 2023
Очень вкусные десерты и чай.
2
Show business's response",155a29f2-c2de-4ca1-b7c3-3d9cc8a0652d
,"['https://avatars.mds.yandex.net/get-yapic/57243/0g-5/islands-68', '']","[None, 'Мирослав Бартов']",,"[None, 'July 20, 2023']","['2023-07-20T05:55:57.818Z', '']","Мирослав Бартов
Level 5 Local Expert
July 20, 2023
Вкусненько там, особенно 3 молока пироженка очень нравится, пропитанная.
3
Show business's response",False,"Мирослав Бартов
Level 5 Local Expert
July 20, 2023
Вкусненько там, особенно 3 молока пироженка очень нравится, пропитанная.
3
Show business's response","Мирослав Бартов
Level 5 Local Expert
July 20, 2023
Вкусненько там, особенно 3 молока пироженка очень нравится, пропитанная.
3
Hide business's response
Official responseJuly 24, 2023
Спасибо за вашу оценку! Ждем вас снова в наших кондитерских","Мирослав Бартов
Level 5 Local Expert
July 20, 2023
Вкусненько там, особенно 3 молока пироженка очень нравится, пропитанная.
3
Hide business's response
Official responseJuly 24, 2023
Спасибо за вашу оценку! Ждем вас снова в наших кондитерских","['5', '']","['5.0', '']","['1', '']","Мирослав Бартов
Level 5 Local Expert
July 20, 2023
Вкусненько там, особенно 3 молока пироженка очень нравится, пропитанная.
3
Show business's response",7bd492be-8587-40a5-b320-580bf97a5bd1
"[None, 'Ольга Спешилова']","['https://avatars.mds.yandex.net/get-yapic/68143/0g-8/islands-68', '']","[None, 'Ольга Спешилова']",,"[None, 'December 5, 2024']","['2024-12-05T15:45:41.368Z', '']","Ольга Спешилова
Level 8 Local Expert
Subscribe
December 5, 2024
Классная кондитерская
Show business's response",False,"Ольга Спешилова
Level 8 Local Expert
Subscribe
December 5, 2024
Классная кондитерская
Show business's response","Ольга Спешилова
Level 8 Local Expert
Subscribe
December 5, 2024
Классная кондитерская
Hide business's response
Official responseDecember 9, 2024
Благодарим за ваш отзыв","Ольга Спешилова
Level 8 Local Expert
Subscribe
December 5, 2024
Классная кондитерская
Hide business's response
Official responseDecember 9, 2024
Благодарим за ваш отзыв","['5', '']","['5.0', '']","['1', '']","Ольга Спешилова
Level 8 Local Expert
Subscribe
December 5, 2024
Классная кондитерская
Show business's response",b571b3c0-03c4-4fc4-85a0-8447317310ba
,"['https://avatars.mds.yandex.net/get-yapic/26311/0c-2/islands-68', '']","[None, 'Maria Shem']",,"[None, 'April 26, 2022']","['2022-04-26T15:10:20.270Z', '']","Maria Shem
Level 6 Local Expert
April 26, 2022
Очень вкусные торты. Можно посидеть, поесть в кафе. Очень уютно. Дружелюбный персонал.
Show business's response",False,"Maria Shem
Level 6 Local Expert
April 26, 2022
Очень вкусные торты. Можно посидеть, поесть в кафе. Очень уютно. Дружелюбный персонал.
Show business's response","Maria Shem
Level 6 Local Expert
April 26, 2022
Очень вкусные торты. Можно посидеть, поесть в кафе. Очень уютно. Дружелюбный персонал.
Hide business's response
Official responseJune 15, 2022
Добрый день! Безмерно благодарим Вас за тёплые слова! Такие слова - лучшая награда для нас! Надеемся видеть Вас в качестве нашего Гостя вновь!","Maria Shem
Level 6 Local Expert
April 26, 2022
Очень вкусные торты. Можно посидеть, поесть в кафе. Очень уютно. Дружелюбный персонал.
Hide business's response
Official responseJune 15, 2022
Добрый день! Безмерно благодарим Вас за тёплые слова! Такие слова - лучшая награда для нас! Надеемся видеть Вас в качестве нашего Гостя вновь!","['5', '']","['5.0', '']","['1', '']","Maria Shem
Level 6 Local Expert
April 26, 2022
Очень вкусные торты. Можно посидеть, поесть в кафе. Очень уютно. Дружелюбный персонал.
Show business's response",48f70bc2-c669-46e8-a5ff-1fada1abeb6f
"[None, 'Катя Баженова']","['https://avatars.mds.yandex.net/get-yapic/61207/Z1b9WbDHmkxoyVtlUuAlWJB8xtA-1/islands-68', '']","[None, 'Катя Баженова']",,"[None, 'May 31, 2023']","['2023-05-31T13:05:24.214Z', '']","Катя Баженова
Level 6 Local Expert
Subscribe
May 31, 2023
Кофейня просто 🔥 все вкусно и атмосфера уютная
Show business's response",False,"Катя Баженова
Level 6 Local Expert
Subscribe
May 31, 2023
Кофейня просто 🔥 все вкусно и атмосфера уютная
Show business's response","Катя Баженова
Level 6 Local Expert
Subscribe
May 31, 2023
Кофейня просто 🔥 все вкусно и атмосфера уютная
Hide business's response
Official responseJune 4, 2023
Добрый день! Екатерина, благодарим, что оценили! Будем рады вам всегда!","Катя Баженова
Level 6 Local Expert
Subscribe
May 31, 2023
Кофейня просто 🔥 все вкусно и атмосфера уютная
Hide business's response
Official responseJune 4, 2023
Добрый день! Екатерина, благодарим, что оценили! Будем рады вам всегда!","['5', '']","['5.0', '']","['1', '']","Катя Баженова
Level 6 Local Expert
Subscribe
May 31, 2023
Кофейня просто 🔥 все вкусно и атмосфера уютная
Show business's response",37d65b29-8326-4e84-ae9e-34ef4379261d
"[None, 'юлия']","['https://avatars.mds.yandex.net/get-yapic/36689/dUomaAkbp0IvtiuNlczWd0Issa8-1/islands-68', '']","[None, 'юлия']",,"[None, 'February 2, 2024']","['2024-02-02T12:02:17.533Z', '']","юлия
Level 3 Local Expert
Subscribe
February 2, 2024
Вкусные торты,приятная обстановка
1
Show business's response",False,"юлия
Level 3 Local Expert
Subscribe
February 2, 2024
Вкусные торты,приятная обстановка
1
Show business's response","юлия
Level 3 Local Expert
Subscribe
February 2, 2024
Вкусные торты,приятная обстановка
1
Hide business's response
Official responseFebruary 5, 2024
Спасибо за ваш отклик","юлия
Level 3 Local Expert
Subscribe
February 2, 2024
Вкусные торты,приятная обстановка
1
Hide business's response
Official responseFebruary 5, 2024
Спасибо за ваш отклик","['5', '']","['5.0', '']","['1', '']","юлия
Level 3 Local Expert
Subscribe
February 2, 2024
Вкусные торты,приятная обстановка
1
Show business's response",1163fcc8-eb3c-45f2-b404-6a8f17130f5b
"[None, 'Ася Алапанова']","['https://avatars.mds.yandex.net/get-yapic/53031/0c-3/islands-68', '']","[None, 'Ася Алапанова']",,"[None, 'September 5, 2025']","['2025-09-05T13:33:52.950Z', '']","Ася Алапанова
Level 9 Local Expert
Subscribe
September 5, 2025
Лучшая кондитерская
Show business's response",False,"Ася Алапанова
Level 9 Local Expert
Subscribe
September 5, 2025
Лучшая кондитерская
Show business's response","Ася Алапанова
Level 9 Local Expert
Subscribe
September 5, 2025
Лучшая кондитерская
Hide business's response
Official responseSeptember 6, 2025
Добрый день, Ася! 💖 Спасибо огромное за ваш чудесный отзыв! Это лучшая награда для нас — радовать наших гостей вкуснейшими десертами и создавать настроение сладкоежкам! Ждём вас снова за порцией счастья и любимых лакомств!","Ася Алапанова
Level 9 Local Expert
Subscribe
September 5, 2025
Лучшая кондитерская
Hide business's response
Official responseSeptember 6, 2025
Добрый день, Ася! 💖 Спасибо огромное за ваш чудесный отзыв! Это лучшая награда для нас — радовать наших гостей вкуснейшими десертами и создавать настроение сладкоежкам! Ждём вас снова за порцией счастья и любимых лакомств!","['5', '']","['5.0', '']","['1', '']","Ася Алапанова
Level 9 Local Expert
Subscribe
September 5, 2025
Лучшая кондитерская
Show business's response",d81a1516-b35c-405f-b7e2-0252f63780cc
,"['https://avatars.mds.yandex.net/get-yapic/51381/5EJYbvdsfqfTSOIL4rJJ5nZfY-1/islands-68', '']","[None, 'Кристина Шадрина']",,"[None, 'June 3, 2025']","['2025-06-03T11:17:42.114Z', '']","Кристина Шадрина
Level 8 Local Expert
June 3, 2025
Минус одна звезда за то, что в выходные маловат выбор, а так классно.
Show business's response",False,"Кристина Шадрина
Level 8 Local Expert
June 3, 2025
Минус одна звезда за то, что в выходные маловат выбор, а так классно.
Show business's response","Кристина Шадрина
Level 8 Local Expert
June 3, 2025
Минус одна звезда за то, что в выходные маловат выбор, а так классно.
Hide business's response
Official responseJune 9, 2025
Добрый день Кристина! Спасибо за отзыв!","Кристина Шадрина
Level 8 Local Expert
June 3, 2025
Минус одна звезда за то, что в выходные маловат выбор, а так классно.
Hide business's response
Official responseJune 9, 2025
Добрый день Кристина! Спасибо за отзыв!","['5', '']","['4.0', '']","['1', '']","Кристина Шадрина
Level 8 Local Expert
June 3, 2025
Минус одна звезда за то, что в выходные маловат выбор, а так классно.
Show business's response",0de1325b-dd89-461b-9c20-8bcf2a84cac9
"[None, 'Максим Булов']","['https://avatars.mds.yandex.net/get-yapic/63032/3USrkZeVoEC3fU14gnl3VnYEYvE-1/islands-68', '']","[None, 'Максим Булов']",,"[None, 'November 17, 2024']","['2024-11-17T15:28:16.065Z', '']","Максим Булов
Level 14 Local Expert
Subscribe
November 17, 2024
Очень дорога
1
Show business's response",False,"Максим Булов
Level 14 Local Expert
Subscribe
November 17, 2024
Очень дорога
1
Show business's response","Максим Булов
Level 14 Local Expert
Subscribe
November 17, 2024
Очень дорога
1
Hide business's response
Official responseNovember 18, 2024
Здравствуйте, Максим! Благодарим Вас за отзыв. Мы используем только качественное сырьё для нашей продукции, рост цен на него связан с ростом цен на наши изделия!","Максим Булов
Level 14 Local Expert
Subscribe
November 17, 2024
Очень дорога
1
Hide business's response
Official responseNovember 18, 2024
Здравствуйте, Максим! Благодарим Вас за отзыв. Мы используем только качественное сырьё для нашей продукции, рост цен на него связан с ростом цен на наши изделия!","['5', '']","['3.0', '']","['1', '']","Максим Булов
Level 14 Local Expert
Subscribe
November 17, 2024
Очень дорога
1
Show business's response",249796b7-b801-413a-b8c5-8d30d9c55540
"[None, 'Мария Трушкова']","['https://avatars.mds.yandex.net/get-yapic/26311/0s-1/islands-68', '']","[None, 'Мария Трушкова']",,"[None, 'March 27, 2024']","['2024-03-27T17:27:49.243Z', '']","Мария Трушкова
Level 7 Local Expert
Subscribe
March 27, 2024
Торты идеальные. Мы постоянные покупатели
Show business's response",False,"Мария Трушкова
Level 7 Local Expert
Subscribe
March 27, 2024
Торты идеальные. Мы постоянные покупатели
Show business's response","Мария Трушкова
Level 7 Local Expert
Subscribe
March 27, 2024
Торты идеальные. Мы постоянные покупатели
Hide business's response
Official responseApril 7, 2024
Спасибо за вашу оценку","Мария Трушкова
Level 7 Local Expert
Subscribe
March 27, 2024
Торты идеальные. Мы постоянные покупатели
Hide business's response
Official responseApril 7, 2024
Спасибо за вашу оценку","['5', '']","['5.0', '']","['1', '']","Мария Трушкова
Level 7 Local Expert
Subscribe
March 27, 2024
Торты идеальные. Мы постоянные покупатели
Show business's response",502be4d8-8cdd-45b6-addf-0250927ec088
"[None, 'Екатерина']","['https://avatars.mds.yandex.net/get-yapic/38663/97FAKdDlrkZqi2oWlWZFXh1Q-1/islands-68', '']","[None, 'Екатерина']",,"[None, 'August 21, 2023']","['2023-08-21T12:48:01.678Z', '']","Екатерина
Level 5 Local Expert
Subscribe
August 21, 2023
Самые вкусные тортики и пироженки ❤️
3
Show business's response",False,"Екатерина
Level 5 Local Expert
Subscribe
August 21, 2023
Самые вкусные тортики и пироженки ❤️
3
Show business's response","Екатерина
Level 5 Local Expert
Subscribe
August 21, 2023
Самые вкусные тортики и пироженки ❤️
3
Hide business's response
Official responseAugust 31, 2023
Спасибо за приятный отклик","Екатерина
Level 5 Local Expert
Subscribe
August 21, 2023
Самые вкусные тортики и пироженки ❤️
3
Hide business's response
Official responseAugust 31, 2023
Спасибо за приятный отклик","['5', '']","['5.0', '']","['1', '']","Екатерина
Level 5 Local Expert
Subscribe
August 21, 2023
Самые вкусные тортики и пироженки ❤️
3
Show business's response",e13926dd-f434-4fda-a873-cb80d34a0d82
"[None, 'Наталья Костырева']","['https://avatars.mds.yandex.net/get-yapic/45131/go7pJnMDpyxyKA9INC43uLhv6F0-1/islands-68', '']","[None, 'Наталья Костырева']",,"[None, 'September 29, 2024']","['2024-09-29T17:53:41.952Z', '']","Наталья Костырева
Level 15 Local Expert
Subscribe
September 29, 2024
Хорошее кафе, приветливый персонал
2
Show business's response",False,"Наталья Костырева
Level 15 Local Expert
Subscribe
September 29, 2024
Хорошее кафе, приветливый персонал
2
Show business's response","Наталья Костырева
Level 15 Local Expert
Subscribe
September 29, 2024
Хорошее кафе, приветливый персонал
2
Hide business's response
Official responseOctober 8, 2024
Благодарим за ваш отзыв","Наталья Костырева
Level 15 Local Expert
Subscribe
September 29, 2024
Хорошее кафе, приветливый персонал
2
Hide business's response
Official responseOctober 8, 2024
Благодарим за ваш отзыв","['5', '']","['5.0', '']","['1', '']","Наталья Костырева
Level 15 Local Expert
Subscribe
September 29, 2024
Хорошее кафе, приветливый персонал
2
Show business's response",326fb3d7-0e36-4028-8ed1-336da3309e6e
"[None, 'Иван Иванов']","['https://avatars.mds.yandex.net/get-yapic/26311/0t-3/islands-68', '']","[None, 'Иван Иванов']",,"[None, 'February 14']","['2026-02-14T17:55:16.292Z', '']","Иван Иванов
Level 8 Local Expert
Subscribe
February 14
Все отлично! Рекомендую 👍
Show business's response",False,"Иван Иванов
Level 8 Local Expert
Subscribe
February 14
Все отлично! Рекомендую 👍
Show business's response","Иван Иванов
Level 8 Local Expert
Subscribe
February 14
Все отлично! Рекомендую 👍
Hide business's response
Official responseFebruary 15
Спасибо за приятный отклик","Иван Иванов
Level 8 Local Expert
Subscribe
February 14
Все отлично! Рекомендую 👍
Hide business's response
Official responseFebruary 15
Спасибо за приятный отклик","['5', '']","['5.0', '']","['1', '']","Иван Иванов
Level 8 Local Expert
Subscribe
February 14
Все отлично! Рекомендую 👍
Show business's response",aaaee819-4de5-4233-ab54-b351fed9ca6c
"[None, 'Куликова Ксения']","['https://avatars.mds.yandex.net/get-yapic/15298/enc-22d7c857d51eff8fedcc29e54ff98925a4756e7b10b9507f97f132734cc45a37/islands-68', '']","[None, 'Куликова Ксения']",,"[None, 'January 14, 2025']","['2025-01-14T18:45:29.563Z', '']","Куликова Ксения
Level 3 Local Expert
Subscribe
January 14, 2025
Моё самое любимое кафе!
1
Show business's response",False,"Куликова Ксения
Level 3 Local Expert
Subscribe
January 14, 2025
Моё самое любимое кафе!
1
Show business's response","Куликова Ксения
Level 3 Local Expert
Subscribe
January 14, 2025
Моё самое любимое кафе!
1
Hide business's response
Official responseJanuary 16, 2025
Спасибо за приятный отклик","Куликова Ксения
Level 3 Local Expert
Subscribe
January 14, 2025
Моё самое любимое кафе!
1
Hide business's response
Official responseJanuary 16, 2025
Спасибо за приятный отклик","['5', '']","['5.0', '']","['1', '']","Куликова Ксения
Level 3 Local Expert
Subscribe
January 14, 2025
Моё самое любимое кафе!
1
Show business's response",1bcd0720-551e-42bc-a328-0d85cd35cb62
"[None, 'Артем Соловьев']","['https://avatars.mds.yandex.net/get-yapic/26311/0t-3/islands-68', '']","[None, 'Артем Соловьев']",,"[None, 'August 2, 2023']","['2023-08-02T15:34:16.933Z', '']","Артем Соловьев
Level 9 Local Expert
Subscribe
August 2, 2023
Очень вкусные и не дорогие пирожные.
Show business's response",False,"Артем Соловьев
Level 9 Local Expert
Subscribe
August 2, 2023
Очень вкусные и не дорогие пирожные.
Show business's response","Артем Соловьев
Level 9 Local Expert
Subscribe
August 2, 2023
Очень вкусные и не дорогие пирожные.
Hide business's response
Official responseAugust 7, 2023
Спасибо за приятный отзыв! Рады видеть Вас снова !","Артем Соловьев
Level 9 Local Expert
Subscribe
August 2, 2023
Очень вкусные и не дорогие пирожные.
Hide business's response
Official responseAugust 7, 2023
Спасибо за приятный отзыв! Рады видеть Вас снова !","['5', '']","['5.0', '']","['1', '']","Артем Соловьев
Level 9 Local Expert
Subscribe
August 2, 2023
Очень вкусные и не дорогие пирожные.
Show business's response",870d3799-d354-4009-a233-7baa2e22b62e
"[None, 'Влад']","['https://avatars.mds.yandex.net/get-yapic/27503/NvBwqB9wbr2EcZ2g68istyRUVAI-1/islands-68', '']","[None, 'Влад']",,"[None, 'November 4, 2024']","['2024-11-04T07:26:07.623Z', '']","Влад
Level 4 Local Expert
Subscribe
November 4, 2024
Очень комфортная и благоприятная атмосфера
1
Show business's response",False,"Влад
Level 4 Local Expert
Subscribe
November 4, 2024
Очень комфортная и благоприятная атмосфера
1
Show business's response","Влад
Level 4 Local Expert
Subscribe
November 4, 2024
Очень комфортная и благоприятная атмосфера
1
Hide business's response
Official responseNovember 7, 2024
Спасибо за приятный отзыв","Влад
Level 4 Local Expert
Subscribe
November 4, 2024
Очень комфортная и благоприятная атмосфера
1
Hide business's response
Official responseNovember 7, 2024
Спасибо за приятный отзыв","['5', '']","['5.0', '']","['1', '']","Влад
Level 4 Local Expert
Subscribe
November 4, 2024
Очень комфортная и благоприятная атмосфера
1
Show business's response",b9aadf18-1545-4cfe-b0a6-ff2d8be79021
"[None, 'Ирина Грушкина']","['https://avatars.mds.yandex.net/get-yapic/38663/0u-3/islands-68', '']","[None, 'Ирина Грушкина']",,"[None, 'December 8, 2025']","['2025-12-08T14:14:10.760Z', '']","Ирина Грушкина
Level 3 Local Expert
Subscribe
December 8, 2025
Все заместительно
1
Show business's response",False,"Ирина Грушкина
Level 3 Local Expert
Subscribe
December 8, 2025
Все заместительно
1
Show business's response","Ирина Грушкина
Level 3 Local Expert
Subscribe
December 8, 2025
Все заместительно
1
Hide business's response
Official responseDecember 9, 2025
Ирина, добрый день! Спасибо огромное за позитивный отзыв! Нас радует, что вы довольны нашим сервисом и качеством продукции. Желаем вам побольше приятных моментов и поводов порадовать себя любимым десертом. Ждём вас снова!","Ирина Грушкина
Level 3 Local Expert
Subscribe
December 8, 2025
Все заместительно
1
Hide business's response
Official responseDecember 9, 2025
Ирина, добрый день! Спасибо огромное за позитивный отзыв! Нас радует, что вы довольны нашим сервисом и качеством продукции. Желаем вам побольше приятных моментов и поводов порадовать себя любимым десертом. Ждём вас снова!","['5', '']","['5.0', '']","['1', '']","Ирина Грушкина
Level 3 Local Expert
Subscribe
December 8, 2025
Все заместительно
1
Show business's response",802706c6-653f-4ef9-bd88-76d96f103602
"[None, 'malkova-ec4terina']","['https://avatars.mds.yandex.net/get-yapic/59871/0a-6/islands-68', '']","[None, 'malkova-ec4terina']",,"[None, 'August 9, 2024']","['2024-08-09T10:35:06.751Z', '']","malkova-ec4terina
Level 10 Local Expert
Subscribe
August 9, 2024
Всегда вкусно и красиво
Show business's response",False,"malkova-ec4terina
Level 10 Local Expert
Subscribe
August 9, 2024
Всегда вкусно и красиво
Show business's response","malkova-ec4terina
Level 10 Local Expert
Subscribe
August 9, 2024
Всегда вкусно и красиво
Hide business's response
Official responseAugust 16, 2024
Спасибо, что оценили!","malkova-ec4terina
Level 10 Local Expert
Subscribe
August 9, 2024
Всегда вкусно и красиво
Hide business's response
Official responseAugust 16, 2024
Спасибо, что оценили!","['5', '']","['5.0', '']","['1', '']","malkova-ec4terina
Level 10 Local Expert
Subscribe
August 9, 2024
Всегда вкусно и красиво
Show business's response",17b0d41d-f609-4b38-ab55-b840abb377d5
"[None, 'Ольга Исупова']",,"[None, 'Ольга Исупова']",,"[None, 'September 6, 2022']","['2022-09-06T17:14:38.046Z', '']","О
Ольга Исупова
Level 11 Local Expert
Subscribe
September 6, 2022
Торт три молока, вкус обалдеть, остальное не пробовала хватает этой вкуснятины.
3
Show business's response",False,"О
Ольга Исупова
Level 11 Local Expert
Subscribe
September 6, 2022
Торт три молока, вкус обалдеть, остальное не пробовала хватает этой вкуснятины.
3
Show business's response","О
Ольга Исупова
Level 11 Local Expert
Subscribe
September 6, 2022
Торт три молока, вкус обалдеть, остальное не пробовала хватает этой вкуснятины.
3
Hide business's response
Official responseSeptember 16, 2022
Добрый день! Мы безмерно благодарны Вам за столь тёплые слова! Такие слова - лучшая награда для нас! Мы будем с нетерпением ждать новой встречи с Вами в нашей кондитерской!","О
Ольга Исупова
Level 11 Local Expert
Subscribe
September 6, 2022
Торт три молока, вкус обалдеть, остальное не пробовала хватает этой вкуснятины.
3
Hide business's response
Official responseSeptember 16, 2022
Добрый день! Мы безмерно благодарны Вам за столь тёплые слова! Такие слова - лучшая награда для нас! Мы будем с нетерпением ждать новой встречи с Вами в нашей кондитерской!","['5', '']","['5.0', '']","['1', '']","О
Ольга Исупова
Level 11 Local Expert
Subscribe
September 6, 2022
Торт три молока, вкус обалдеть, остальное не пробовала хватает этой вкуснятины.
3
Show business's response",b8c28e74-c414-42a3-bbe3-983b5c87eccf
"[None, 'Елена Волегова']","['https://avatars.mds.yandex.net/get-yapic/48449/0c-1/islands-68', '']","[None, 'Елена Волегова']",,"[None, 'January 16, 2024']","['2024-01-16T14:34:26.116Z', '']","Елена Волегова
Level 7 Local Expert
Subscribe
January 16, 2024
Самые вкусные и нежные торты в городе 😍😍😍
3
1
Show business's response",False,"Елена Волегова
Level 7 Local Expert
Subscribe
January 16, 2024
Самые вкусные и нежные торты в городе 😍😍😍
3
1
Show business's response","Елена Волегова
Level 7 Local Expert
Subscribe
January 16, 2024
Самые вкусные и нежные торты в городе 😍😍😍
3
1
Hide business's response
Official responseJanuary 22, 2024
Спасибо за приятный отклик","Елена Волегова
Level 7 Local Expert
Subscribe
January 16, 2024
Самые вкусные и нежные торты в городе 😍😍😍
3
1
Hide business's response
Official responseJanuary 22, 2024
Спасибо за приятный отклик","['5', '']","['5.0', '']","['1', '']","Елена Волегова
Level 7 Local Expert
Subscribe
January 16, 2024
Самые вкусные и нежные торты в городе 😍😍😍
3
1
Show business's response",5eda4828-f82c-40dd-ac9a-7ab07e58c44b
"[None, 'Елена Шоломова']","['https://avatars.mds.yandex.net/get-yapic/36777/0r-6/islands-68', '']","[None, 'Елена Шоломова']",,"[None, 'March 8, 2023']","['2023-03-08T13:46:05.310Z', '']","Елена Шоломова
Level 3 Local Expert
Subscribe
March 8, 2023
Не понравилось. 8 марта в 17.00 уже не было выбора сладостей и не предвиделось
3
1
Show business's response",False,"Елена Шоломова
Level 3 Local Expert
Subscribe
March 8, 2023
Не понравилось. 8 марта в 17.00 уже не было выбора сладостей и не предвиделось
3
1
Show business's response","Елена Шоломова
Level 3 Local Expert
Subscribe
March 8, 2023
Не понравилось. 8 марта в 17.00 уже не было выбора сладостей и не предвиделось
3
1
Hide business's response
Official responseApril 13, 2023
Елена, добрый день! Благодарим за обратную связь, могли бы Вы более детально рассказать о проблеме и оставить контактные данные для связи с нашим руководством?","Елена Шоломова
Level 3 Local Expert
Subscribe
March 8, 2023
Не понравилось. 8 марта в 17.00 уже не было выбора сладостей и не предвиделось
3
1
Hide business's response
Official responseApril 13, 2023
Елена, добрый день! Благодарим за обратную связь, могли бы Вы более детально рассказать о проблеме и оставить контактные данные для связи с нашим руководством?","['5', '']","['1.0', '']","['1', '']","Елена Шоломова
Level 3 Local Expert
Subscribe
March 8, 2023
Не понравилось. 8 марта в 17.00 уже не было выбора сладостей и не предвиделось
3
1
Show business's response",6022aaa8-c220-4ca8-8c8d-318961f6235d
"[None, 'Андрей З.']","['https://avatars.mds.yandex.net/get-yapic/40841/0f-2/islands-68', '']","[None, 'Андрей З.']",,"[None, 'July 2, 2023']","['2023-07-02T15:51:01.852Z', '']","Андрей З.
Level 3 Local Expert
Subscribe
July 2, 2023
Очень вкусные пирожные и тортики🎂👍
Show business's response",False,"Андрей З.
Level 3 Local Expert
Subscribe
July 2, 2023
Очень вкусные пирожные и тортики🎂👍
Show business's response","Андрей З.
Level 3 Local Expert
Subscribe
July 2, 2023
Очень вкусные пирожные и тортики🎂👍
Hide business's response
Official responseJuly 4, 2023
Спасибо, что оценили! Рады видеть Вас в наших кондитерских","Андрей З.
Level 3 Local Expert
Subscribe
July 2, 2023
Очень вкусные пирожные и тортики🎂👍
Hide business's response
Official responseJuly 4, 2023
Спасибо, что оценили! Рады видеть Вас в наших кондитерских","['5', '']","['5.0', '']","['1', '']","Андрей З.
Level 3 Local Expert
Subscribe
July 2, 2023
Очень вкусные пирожные и тортики🎂👍
Show business's response",706754e2-ec2b-44c8-8299-d650cd84403f
"[None, 'оксана шпенст']","['https://avatars.mds.yandex.net/get-yapic/26311/0h-4/islands-68', '']","[None, 'оксана шпенст']",,"[None, 'December 20, 2022']","['2022-12-20T02:59:33.219Z', '']","оксана шпенст
Level 12 Local Expert
Subscribe
December 20, 2022
Неплохая кондитерская. Но с персоналом нужно что-то делать, как сонные мухи
3
Show business's response",False,"оксана шпенст
Level 12 Local Expert
Subscribe
December 20, 2022
Неплохая кондитерская. Но с персоналом нужно что-то делать, как сонные мухи
3
Show business's response","оксана шпенст
Level 12 Local Expert
Subscribe
December 20, 2022
Неплохая кондитерская. Но с персоналом нужно что-то делать, как сонные мухи
3
Hide business's response
Official responseDecember 21, 2022
Спасибо, будем стараться","оксана шпенст
Level 12 Local Expert
Subscribe
December 20, 2022
Неплохая кондитерская. Но с персоналом нужно что-то делать, как сонные мухи
3
Hide business's response
Official responseDecember 21, 2022
Спасибо, будем стараться","['5', '']","['4.0', '']","['1', '']","оксана шпенст
Level 12 Local Expert
Subscribe
December 20, 2022
Неплохая кондитерская. Но с персоналом нужно что-то делать, как сонные мухи
3
Show business's response",6a76bea5-7091-458b-a16a-3dad895978ca
"[None, 'Андрей Коробейников']","['https://avatars.mds.yandex.net/get-yapic/29310/0o-6/islands-68', '']","[None, 'Андрей Коробейников']",,"[None, 'May 30, 2023']","['2023-05-30T14:00:17.113Z', '']","Андрей Коробейников
Level 17 Local Expert
Subscribe
May 30, 2023
Очень вкусные заварные пирожные :)
Show business's response",False,"Андрей Коробейников
Level 17 Local Expert
Subscribe
May 30, 2023
Очень вкусные заварные пирожные :)
Show business's response","Андрей Коробейников
Level 17 Local Expert
Subscribe
May 30, 2023
Очень вкусные заварные пирожные :)
Hide business's response
Official responseJune 4, 2023
Добрый день! Андрей, благодарим, что оценили! Будем рады вам всегда!","Андрей Коробейников
Level 17 Local Expert
Subscribe
May 30, 2023
Очень вкусные заварные пирожные :)
Hide business's response
Official responseJune 4, 2023
Добрый день! Андрей, благодарим, что оценили! Будем рады вам всегда!","['5', '']","['5.0', '']","['1', '']","Андрей Коробейников
Level 17 Local Expert
Subscribe
May 30, 2023
Очень вкусные заварные пирожные :)
Show business's response",937501bc-1faa-48e9-ad3c-e58839833320
"[None, 'Виталик володин']","['https://avatars.mds.yandex.net/get-yapic/58107/0f-7/islands-68', '']","[None, 'Виталик володин']",,"[None, 'November 4, 2024']","['2024-11-04T07:07:20.219Z', '']","Виталик володин
Level 2 Local Expert
Subscribe
November 4, 2024
Все хорошо
1
Show business's response",False,"Виталик володин
Level 2 Local Expert
Subscribe
November 4, 2024
Все хорошо
1
Show business's response","Виталик володин
Level 2 Local Expert
Subscribe
November 4, 2024
Все хорошо
1
Hide business's response
Official responseNovember 7, 2024
Спасибо за ваш отзыв","Виталик володин
Level 2 Local Expert
Subscribe
November 4, 2024
Все хорошо
1
Hide business's response
Official responseNovember 7, 2024
Спасибо за ваш отзыв","['5', '']","['5.0', '']","['1', '']","Виталик володин
Level 2 Local Expert
Subscribe
November 4, 2024
Все хорошо
1
Show business's response",53a93958-47ed-40f4-938d-914b981923af
"[None, 'Семен Пантелеев']","['https://avatars.mds.yandex.net/get-yapic/57243/0s-6/islands-68', '']","[None, 'Семен Пантелеев']",,"[None, 'April 9, 2024']","['2024-04-09T17:21:58.499Z', '']","Семен Пантелеев
Level 15 Local Expert
Subscribe
April 9, 2024
Вкусно! В праздники лучше предзаказ делать
Show business's response",False,"Семен Пантелеев
Level 15 Local Expert
Subscribe
April 9, 2024
Вкусно! В праздники лучше предзаказ делать
Show business's response","Семен Пантелеев
Level 15 Local Expert
Subscribe
April 9, 2024
Вкусно! В праздники лучше предзаказ делать
Hide business's response
Official responseApril 18, 2024
Спасибо за приятный отклик","Семен Пантелеев
Level 15 Local Expert
Subscribe
April 9, 2024
Вкусно! В праздники лучше предзаказ делать
Hide business's response
Official responseApril 18, 2024
Спасибо за приятный отклик","['5', '']","['5.0', '']","['1', '']","Семен Пантелеев
Level 15 Local Expert
Subscribe
April 9, 2024
Вкусно! В праздники лучше предзаказ делать
Show business's response",56f677ce-fc66-4d34-872a-144961ab92fc
"[None, 'Анастасия Сергеева']","['https://avatars.mds.yandex.net/get-yapic/26057/5A3UXqWWPiKMnGSpf25kG19tKw-1/islands-68', '']","[None, 'Анастасия Сергеева']",,"[None, 'June 20, 2024']","['2024-06-20T15:57:16.468Z', '']","Анастасия Сергеева
Level 10 Local Expert
Subscribe
June 20, 2024
Это лучшая кондитерская!
Show business's response",False,"Анастасия Сергеева
Level 10 Local Expert
Subscribe
June 20, 2024
Это лучшая кондитерская!
Show business's response","Анастасия Сергеева
Level 10 Local Expert
Subscribe
June 20, 2024
Это лучшая кондитерская!
Hide business's response
Official responseJune 24, 2024
Спасибо за приятный отзыв","Анастасия Сергеева
Level 10 Local Expert
Subscribe
June 20, 2024
Это лучшая кондитерская!
Hide business's response
Official responseJune 24, 2024
Спасибо за приятный отзыв","['5', '']","['5.0', '']","['1', '']","Анастасия Сергеева
Level 10 Local Expert
Subscribe
June 20, 2024
Это лучшая кондитерская!
Show business's response",c714a2ef-c2ab-4447-8a92-8f514e1c8ad8
"[None, 'Павел Шомшин']","['https://avatars.mds.yandex.net/get-yapic/64336/vlaRU8mRLsmP5etV3l5fIkrX1r0-1/islands-68', '']","[None, 'Павел Шомшин']",,"[None, 'October 5, 2024']","['2024-10-05T16:24:11.526Z', '']","Павел Шомшин
Level 17 Local Expert
Subscribe
October 5, 2024
Вкусные торты
Show business's response",False,"Павел Шомшин
Level 17 Local Expert
Subscribe
October 5, 2024
Вкусные торты
Show business's response","Павел Шомшин
Level 17 Local Expert
Subscribe
October 5, 2024
Вкусные торты
Hide business's response
Official responseOctober 8, 2024
Спасибо за ваш отклик","Павел Шомшин
Level 17 Local Expert
Subscribe
October 5, 2024
Вкусные торты
Hide business's response
Official responseOctober 8, 2024
Спасибо за ваш отклик","['5', '']","['5.0', '']","['1', '']","Павел Шомшин
Level 17 Local Expert
Subscribe
October 5, 2024
Вкусные торты
Show business's response",49092ab3-b322-4e5d-9704-aebba394a6cc
"[None, 'Николай Сахно']","['https://avatars.mds.yandex.net/get-yapic/25358/0c-8/islands-68', '']","[None, 'Николай Сахно']",,"[None, 'June 23, 2022']","['2022-06-23T05:02:02.507Z', '']","Николай Сахно
Level 13 Local Expert
Subscribe
June 23, 2022
Вкусно, качественно, сервис, выбор есть,
3
Show business's response",False,"Николай Сахно
Level 13 Local Expert
Subscribe
June 23, 2022
Вкусно, качественно, сервис, выбор есть,
3
Show business's response","Николай Сахно
Level 13 Local Expert
Subscribe
June 23, 2022
Вкусно, качественно, сервис, выбор есть,
3
Hide business's response
Official responseJuly 20, 2022
Добрый день! Мы благодарим Вас за то, что Вы оценили наш труд! Мы продолжим радовать Вас ещё больше! Будем рады видеть Вас вновь в качестве нашего Гостя!","Николай Сахно
Level 13 Local Expert
Subscribe
June 23, 2022
Вкусно, качественно, сервис, выбор есть,
3
Hide business's response
Official responseJuly 20, 2022
Добрый день! Мы благодарим Вас за то, что Вы оценили наш труд! Мы продолжим радовать Вас ещё больше! Будем рады видеть Вас вновь в качестве нашего Гостя!","['5', '']","['5.0', '']","['1', '']","Николай Сахно
Level 13 Local Expert
Subscribe
June 23, 2022
Вкусно, качественно, сервис, выбор есть,
3
Show business's response",91c7f4e6-f3dc-4b9d-94d8-758d1d7ed142
"[None, 'Сергей Ц']","['https://avatars.mds.yandex.net/get-yapic/26057/0l-2/islands-68', '']","[None, 'Сергей Ц']",,"[None, 'May 28, 2025']","['2025-05-28T15:58:03.409Z', '']","Сергей Ц
Level 6 Local Expert
Subscribe
May 28, 2025
Вкусно
3
Show business's response",False,"Сергей Ц
Level 6 Local Expert
Subscribe
May 28, 2025
Вкусно
3
Show business's response","Сергей Ц
Level 6 Local Expert
Subscribe
May 28, 2025
Вкусно
3
Hide business's response
Official responseMay 30, 2025
Добрый день Сергей! Благодарим за Ваш отзыв","Сергей Ц
Level 6 Local Expert
Subscribe
May 28, 2025
Вкусно
3
Hide business's response
Official responseMay 30, 2025
Добрый день Сергей! Благодарим за Ваш отзыв","['5', '']","['5.0', '']","['1', '']","Сергей Ц
Level 6 Local Expert
Subscribe
May 28, 2025
Вкусно
3
Show business's response",6f1e89e6-d715-4cf5-91de-402b55c9ab6e
"[None, 'Dezire']","['https://avatars.mds.yandex.net/get-yapic/61207/9NQ7xWbKIqQHoHnTtftwdQENWQM-1/islands-68', '']","[None, 'Dezire']",,"[None, 'March 22, 2023']","['2023-03-22T13:10:12.085Z', '']","Dezire
Level 11 Local Expert
Subscribe
March 22, 2023
Вкусный кофе и вкусные тортики!
Show business's response",False,"Dezire
Level 11 Local Expert
Subscribe
March 22, 2023
Вкусный кофе и вкусные тортики!
Show business's response","Dezire
Level 11 Local Expert
Subscribe
March 22, 2023
Вкусный кофе и вкусные тортики!
Hide business's response
Official responseApril 13, 2023
Благодарим за ваш отзыв","Dezire
Level 11 Local Expert
Subscribe
March 22, 2023
Вкусный кофе и вкусные тортики!
Hide business's response
Official responseApril 13, 2023
Благодарим за ваш отзыв","['5', '']","['5.0', '']","['1', '']","Dezire
Level 11 Local Expert
Subscribe
March 22, 2023
Вкусный кофе и вкусные тортики!
Show business's response",de344b90-7a55-4069-949e-324baf7703e5
"[None, 'Natalie Zasorina']","['https://avatars.mds.yandex.net/get-yapic/51169/0c-5/islands-68', '']","[None, 'Natalie Zasorina']",,"[None, 'June 19, 2025']","['2025-06-19T04:12:14.991Z', '']","Natalie Zasorina
Level 6 Local Expert
Subscribe
June 19, 2025
Очень уютно всё понравилось
1
Show business's response",False,"Natalie Zasorina
Level 6 Local Expert
Subscribe
June 19, 2025
Очень уютно всё понравилось
1
Show business's response","Natalie Zasorina
Level 6 Local Expert
Subscribe
June 19, 2025
Очень уютно всё понравилось
1
Hide business's response
Official responseJune 20, 2025
Спасибо за вашу оценку","Natalie Zasorina
Level 6 Local Expert
Subscribe
June 19, 2025
Очень уютно всё понравилось
1
Hide business's response
Official responseJune 20, 2025
Спасибо за вашу оценку","['5', '']","['5.0', '']","['1', '']","Natalie Zasorina
Level 6 Local Expert
Subscribe
June 19, 2025
Очень уютно всё понравилось
1
Show business's response",e5a9069c-e3e9-416f-9097-db3542554624
"[None, 'Дмитрий Ерошкин']","['https://avatars.mds.yandex.net/get-yapic/39249/3MX3KnUoAHMHIk6bfR98EzWIJM-1/islands-68', '']","[None, 'Дмитрий Ерошкин']",,"[None, 'March 3, 2025']","['2025-03-03T15:21:50.749Z', '']","Дмитрий Ерошкин
Level 11 Local Expert
Subscribe
March 3, 2025
Замечательное, розовое, нежное и доброе место!
Show business's response",False,"Дмитрий Ерошкин
Level 11 Local Expert
Subscribe
March 3, 2025
Замечательное, розовое, нежное и доброе место!
Show business's response","Дмитрий Ерошкин
Level 11 Local Expert
Subscribe
March 3, 2025
Замечательное, розовое, нежное и доброе место!
Hide business's response
Official responseApril 1, 2025
Спасибо за оценку","Дмитрий Ерошкин
Level 11 Local Expert
Subscribe
March 3, 2025
Замечательное, розовое, нежное и доброе место!
Hide business's response
Official responseApril 1, 2025
Спасибо за оценку","['5', '']","['5.0', '']","['1', '']","Дмитрий Ерошкин
Level 11 Local Expert
Subscribe
March 3, 2025
Замечательное, розовое, нежное и доброе место!
Show business's response",6a84309c-8cdb-498e-b463-8d8ab503cbbc
,"['https://avatars.mds.yandex.net/get-yapic/56823/0g-2/islands-68', '']","[None, 'Алексей П.']",,"[None, 'September 29, 2023']","['2023-09-29T11:17:37.164Z', '']","Алексей П.
Level 7 Local Expert
September 29, 2023
Единственное место из всей сети где слышно музыку которая предает особенную атмосферу, ну и вкусно ещё)
3
Show business's response",False,"Алексей П.
Level 7 Local Expert
September 29, 2023
Единственное место из всей сети где слышно музыку которая предает особенную атмосферу, ну и вкусно ещё)
3
Show business's response","Алексей П.
Level 7 Local Expert
September 29, 2023
Единственное место из всей сети где слышно музыку которая предает особенную атмосферу, ну и вкусно ещё)
3
Hide business's response
Official responseOctober 2, 2023
Благодарим за ваш отзыв","Алексей П.
Level 7 Local Expert
September 29, 2023
Единственное место из всей сети где слышно музыку которая предает особенную атмосферу, ну и вкусно ещё)
3
Hide business's response
Official responseOctober 2, 2023
Благодарим за ваш отзыв","['5', '']","['5.0', '']","['1', '']","Алексей П.
Level 7 Local Expert
September 29, 2023
Единственное место из всей сети где слышно музыку которая предает особенную атмосферу, ну и вкусно ещё)
3
Show business's response",0871900d-7919-4fa0-a093-abf596a55c08
"[None, 'Прокофьев Иосиф, город Пермь']","['https://avatars.mds.yandex.net/get-yapic/61207/0g-4/islands-68', '']","[None, 'Прокофьев Иосиф, город Пермь']",,"[None, 'November 22, 2024']","['2024-11-22T16:48:51.862Z', '']","Прокофьев Иосиф, город Пермь
Level 9 Local Expert
Subscribe
November 22, 2024
Уютное место.
3
Show business's response",False,"Прокофьев Иосиф, город Пермь
Level 9 Local Expert
Subscribe
November 22, 2024
Уютное место.
3
Show business's response","Прокофьев Иосиф, город Пермь
Level 9 Local Expert
Subscribe
November 22, 2024
Уютное место.
3
Hide business's response
Official responseNovember 24, 2024
Спасибо за приятный отзыв","Прокофьев Иосиф, город Пермь
Level 9 Local Expert
Subscribe
November 22, 2024
Уютное место.
3
Hide business's response
Official responseNovember 24, 2024
Спасибо за приятный отзыв","['5', '']","['5.0', '']","['1', '']","Прокофьев Иосиф, город Пермь
Level 9 Local Expert
Subscribe
November 22, 2024
Уютное место.
3
Show business's response",e46f8931-e54e-4d5c-9921-9a3a2f1e9080
"[None, 'Елена Денисова']","['https://avatars.mds.yandex.net/get-yapic/62162/0a-8/islands-68', '']","[None, 'Елена Денисова']",,"[None, 'November 14, 2024']","['2024-11-14T04:44:33.598Z', '']","Елена Денисова
Level 7 Local Expert
Subscribe
November 14, 2024
Отличное место
1
Show business's response",False,"Елена Денисова
Level 7 Local Expert
Subscribe
November 14, 2024
Отличное место
1
Show business's response","Елена Денисова
Level 7 Local Expert
Subscribe
November 14, 2024
Отличное место
1
Hide business's response
Official responseNovember 18, 2024
Спасибо за такой отзыв","Елена Денисова
Level 7 Local Expert
Subscribe
November 14, 2024
Отличное место
1
Hide business's response
Official responseNovember 18, 2024
Спасибо за такой отзыв","['5', '']","['5.0', '']","['1', '']","Елена Денисова
Level 7 Local Expert
Subscribe
November 14, 2024
Отличное место
1
Show business's response",5f648d1c-2b7f-4bae-955b-8e100cd16ac3
"[None, 'Мария С.']","['https://avatars.mds.yandex.net/get-yapic/35885/WdyWhO2i429N7e9zRPyWl7H4OvE-1/islands-68', '']","[None, 'Мария С.']",,"[None, 'December 9, 2021']","['2021-12-09T15:33:36.694Z', '']","Мария С.
Level 12 Local Expert
Subscribe
December 9, 2021
Самые вкусные тортики и эклеры здесь!!!
1
1
Show business's response",False,"Мария С.
Level 12 Local Expert
Subscribe
December 9, 2021
Самые вкусные тортики и эклеры здесь!!!
1
1
Show business's response","Мария С.
Level 12 Local Expert
Subscribe
December 9, 2021
Самые вкусные тортики и эклеры здесь!!!
1
1
Hide business's response
Official responseFebruary 2, 2022
Добрый день! Благодарим Вас за высокую оценку нашей деятельности! Будем ждать Вас вновь!","Мария С.
Level 12 Local Expert
Subscribe
December 9, 2021
Самые вкусные тортики и эклеры здесь!!!
1
1
Hide business's response
Official responseFebruary 2, 2022
Добрый день! Благодарим Вас за высокую оценку нашей деятельности! Будем ждать Вас вновь!","['5', '']","['5.0', '']","['1', '']","Мария С.
Level 12 Local Expert
Subscribe
December 9, 2021
Самые вкусные тортики и эклеры здесь!!!
1
1
Show business's response",d893191b-a388-4e34-af8c-208b7e28a869
"[None, 'Марина М']","['https://avatars.mds.yandex.net/get-yapic/47747/0l-7/islands-68', '']","[None, 'Марина М']",,"[None, 'June 26, 2023']","['2023-06-26T14:30:31.980Z', '']","Марина М
Level 4 Local Expert
Subscribe
June 26, 2023
Очень вкусные , свежие, торты!
3
Show business's response",False,"Марина М
Level 4 Local Expert
Subscribe
June 26, 2023
Очень вкусные , свежие, торты!
3
Show business's response","Марина М
Level 4 Local Expert
Subscribe
June 26, 2023
Очень вкусные , свежие, торты!
3
Hide business's response
Official responseJune 30, 2023
Спасибо за приятный отзыв!","Марина М
Level 4 Local Expert
Subscribe
June 26, 2023
Очень вкусные , свежие, торты!
3
Hide business's response
Official responseJune 30, 2023
Спасибо за приятный отзыв!","['5', '']","['5.0', '']","['1', '']","Марина М
Level 4 Local Expert
Subscribe
June 26, 2023
Очень вкусные , свежие, торты!
3
Show business's response",0271dc0c-7b37-426d-bd65-47ee8a62b4cf
"[None, 'наталья корчажинская']","['https://avatars.mds.yandex.net/get-yapic/20706/enc-16aa390bc098f8590b9cac5cd5b45a31ba08c98141b568115898ec6baa71854f/islands-68', '']","[None, 'наталья корчажинская']",,"[None, 'January 31, 2025']","['2025-01-31T13:23:43.476Z', '']","наталья корчажинская
Level 16 Local Expert
Subscribe
January 31, 2025
Находка для путешественников!
1
Show business's response",False,"наталья корчажинская
Level 16 Local Expert
Subscribe
January 31, 2025
Находка для путешественников!
1
Show business's response","наталья корчажинская
Level 16 Local Expert
Subscribe
January 31, 2025
Находка для путешественников!
1
Hide business's response
Official responseApril 1, 2025
Спасибо за ваш отклик","наталья корчажинская
Level 16 Local Expert
Subscribe
January 31, 2025
Находка для путешественников!
1
Hide business's response
Official responseApril 1, 2025
Спасибо за ваш отклик","['5', '']","['5.0', '']","['1', '']","наталья корчажинская
Level 16 Local Expert
Subscribe
January 31, 2025
Находка для путешественников!
1
Show business's response",f6b1c289-4071-4e0c-bbc2-8dc312584e05
"[None, 'наталья куликова']","['https://avatars.mds.yandex.net/get-yapic/30061/SXBbYp26jXkRTNMdpiUXgY1Hp0-1/islands-68', '']","[None, 'наталья куликова']",,"[None, 'May 4, 2024']","['2024-05-04T16:10:05.315Z', '']","наталья куликова
Level 7 Local Expert
Subscribe
May 4, 2024
Вкусные десерты
3
Show business's response",False,"наталья куликова
Level 7 Local Expert
Subscribe
May 4, 2024
Вкусные десерты
3
Show business's response","наталья куликова
Level 7 Local Expert
Subscribe
May 4, 2024
Вкусные десерты
3
Hide business's response
Official responseMay 5, 2024
Спасибо за приятный отклик","наталья куликова
Level 7 Local Expert
Subscribe
May 4, 2024
Вкусные десерты
3
Hide business's response
Official responseMay 5, 2024
Спасибо за приятный отклик","['5', '']","['5.0', '']","['1', '']","наталья куликова
Level 7 Local Expert
Subscribe
May 4, 2024
Вкусные десерты
3
Show business's response",bc4e9f83-75d4-4b6c-ad44-852e4eabca21
"[None, 'Светлана Б.']","['https://avatars.mds.yandex.net/get-yapic/40841/5EMeWtwAsE6idPlTFldVlLDIo-1/islands-68', '']","[None, 'Светлана Б.']",,"[None, 'October 26, 2024']","['2024-10-26T16:30:43.646Z', '']","Светлана Б.
Level 9 Local Expert
Subscribe
October 26, 2024
Вкусные тортики
Show business's response",False,"Светлана Б.
Level 9 Local Expert
Subscribe
October 26, 2024
Вкусные тортики
Show business's response","Светлана Б.
Level 9 Local Expert
Subscribe
October 26, 2024
Вкусные тортики
Hide business's response
Official responseOctober 31, 2024
Спасибо за приятный отклик","Светлана Б.
Level 9 Local Expert
Subscribe
October 26, 2024
Вкусные тортики
Hide business's response
Official responseOctober 31, 2024
Спасибо за приятный отклик","['5', '']","['5.0', '']","['1', '']","Светлана Б.
Level 9 Local Expert
Subscribe
October 26, 2024
Вкусные тортики
Show business's response",48c88426-01e5-4279-af32-9f61fc5ebd65
"[None, 'Ирина Утятникова']","['https://avatars.mds.yandex.net/get-yapic/69015/0o-9/islands-68', '']","[None, 'Ирина Утятникова']",,"[None, 'September 16, 2023']","['2023-09-16T14:36:27.926Z', '']","Ирина Утятникова
Level 6 Local Expert
Subscribe
September 16, 2023
Очень вкусные торты! Рекомендую
Show business's response",False,"Ирина Утятникова
Level 6 Local Expert
Subscribe
September 16, 2023
Очень вкусные торты! Рекомендую
Show business's response","Ирина Утятникова
Level 6 Local Expert
Subscribe
September 16, 2023
Очень вкусные торты! Рекомендую
Hide business's response
Official responseSeptember 20, 2023
Спасибо за оценку","Ирина Утятникова
Level 6 Local Expert
Subscribe
September 16, 2023
Очень вкусные торты! Рекомендую
Hide business's response
Official responseSeptember 20, 2023
Спасибо за оценку","['5', '']","['5.0', '']","['1', '']","Ирина Утятникова
Level 6 Local Expert
Subscribe
September 16, 2023
Очень вкусные торты! Рекомендую
Show business's response",b277bc2f-7f42-4ad1-a612-5b836fea379c
"[None, 'валентина кужлева']","['https://avatars.mds.yandex.net/get-yapic/51381/0h-7/islands-68', '']","[None, 'валентина кужлева']",,"[None, 'July 24, 2024']","['2024-07-24T18:05:48.980Z', '']","валентина кужлева
Level 6 Local Expert
Subscribe
July 24, 2024
Десерты вкуснейшие
3
Show business's response",False,"валентина кужлева
Level 6 Local Expert
Subscribe
July 24, 2024
Десерты вкуснейшие
3
Show business's response","валентина кужлева
Level 6 Local Expert
Subscribe
July 24, 2024
Десерты вкуснейшие
3
Hide business's response
Official responseAugust 5, 2024
Спасибо за вашу оценку","валентина кужлева
Level 6 Local Expert
Subscribe
July 24, 2024
Десерты вкуснейшие
3
Hide business's response
Official responseAugust 5, 2024
Спасибо за вашу оценку","['5', '']","['5.0', '']","['1', '']","валентина кужлева
Level 6 Local Expert
Subscribe
July 24, 2024
Десерты вкуснейшие
3
Show business's response",895a28f8-6e1b-48b6-bf64-d444e1ae9f2a
"[None, 'Анастасия Созина']","['https://avatars.mds.yandex.net/get-yapic/40841/JD6NFcbGUYsHhwrYxNDViugTOTs-1/islands-68', '']","[None, 'Анастасия Созина']",,"[None, 'November 5, 2023']","['2023-11-05T10:22:15.314Z', '']","Анастасия Созина
Level 11 Local Expert
Subscribe
November 5, 2023
Вкусно, чисто, цена доступная
Show business's response",False,"Анастасия Созина
Level 11 Local Expert
Subscribe
November 5, 2023
Вкусно, чисто, цена доступная
Show business's response","Анастасия Созина
Level 11 Local Expert
Subscribe
November 5, 2023
Вкусно, чисто, цена доступная
Hide business's response
Official responseNovember 7, 2023
Спасибо за такой отзыв","Анастасия Созина
Level 11 Local Expert
Subscribe
November 5, 2023
Вкусно, чисто, цена доступная
Hide business's response
Official responseNovember 7, 2023
Спасибо за такой отзыв","['5', '']","['5.0', '']","['1', '']","Анастасия Созина
Level 11 Local Expert
Subscribe
November 5, 2023
Вкусно, чисто, цена доступная
Show business's response",969e5d28-9996-41e4-be1e-ed8d6e53889b
"[None, 'Александр К']","['https://avatars.mds.yandex.net/get-yapic/58107/iXRLp8OY4p2ScWAVj6NJwMslEg-1/islands-68', '']","[None, 'Александр К']",,"[None, 'March 8, 2024']","['2024-03-08T09:34:06.611Z', '']","Александр К
Level 7 Local Expert
Subscribe
March 8, 2024
Хорошая альтернатива дорогим кондитерским
заведениям
3
1
Show business's response",False,"Александр К
Level 7 Local Expert
Subscribe
March 8, 2024
Хорошая альтернатива дорогим кондитерским
заведениям
3
1
Show business's response","Александр К
Level 7 Local Expert
Subscribe
March 8, 2024
Хорошая альтернатива дорогим кондитерским
заведениям
3
1
Hide business's response
Official responseMarch 12, 2024
Спасибо за ваш отзыв","Александр К
Level 7 Local Expert
Subscribe
March 8, 2024
Хорошая альтернатива дорогим кондитерским
заведениям
3
1
Hide business's response
Official responseMarch 12, 2024
Спасибо за ваш отзыв","['5', '']","['5.0', '']","['1', '']","Александр К
Level 7 Local Expert
Subscribe
March 8, 2024
Хорошая альтернатива дорогим кондитерским
заведениям
3
1
Show business's response",cf8fd4da-0bd2-43ba-a3c7-5bdce31cc028
"[None, 'киска сажик']","['https://avatars.mds.yandex.net/get-yapic/60687/YOtUhy9Hdrh6CCP1A8ZBOmpTsaI-1/islands-68', '']","[None, 'киска сажик']",,"[None, 'October 11, 2024']","['2024-10-11T05:39:18.137Z', '']","киска сажик
Level 4 Local Expert
Subscribe
October 11, 2024
3 молока просто любовь
1
1
Show business's response",False,"киска сажик
Level 4 Local Expert
Subscribe
October 11, 2024
3 молока просто любовь
1
1
Show business's response","киска сажик
Level 4 Local Expert
Subscribe
October 11, 2024
3 молока просто любовь
1
1
Hide business's response
Official responseOctober 14, 2024
Спасибо за приятный отзыв!!!","киска сажик
Level 4 Local Expert
Subscribe
October 11, 2024
3 молока просто любовь
1
1
Hide business's response
Official responseOctober 14, 2024
Спасибо за приятный отзыв!!!","['5', '']","['5.0', '']","['1', '']","киска сажик
Level 4 Local Expert
Subscribe
October 11, 2024
3 молока просто любовь
1
1
Show business's response",e461bccd-51dd-43a2-9b1e-b1c3339921d8
"[None, 'Мария Е.']","['https://avatars.mds.yandex.net/get-yapic/36689/Xemg2w12hq16jGFNqAQLSTSEvo-1/islands-68', '']","[None, 'Мария Е.']",,"[None, 'December 14, 2023']","['2023-12-14T16:03:22.326Z', '']","Мария Е.
Level 3 Local Expert
Subscribe
December 14, 2023
Приятно выпить кофе в данном месте 

☕️
3
Show business's response",False,"Мария Е.
Level 3 Local Expert
Subscribe
December 14, 2023
Приятно выпить кофе в данном месте 

☕️
3
Show business's response","Мария Е.
Level 3 Local Expert
Subscribe
December 14, 2023
Приятно выпить кофе в данном месте 

☕️
3
Hide business's response
Official responseDecember 17, 2023
Большое спасибо за такой приятный отзыв!!! Всегда вам рады ❤","Мария Е.
Level 3 Local Expert
Subscribe
December 14, 2023
Приятно выпить кофе в данном месте 

☕️
3
Hide business's response
Official responseDecember 17, 2023
Большое спасибо за такой приятный отзыв!!! Всегда вам рады ❤","['5', '']","['5.0', '']","['1', '']","Мария Е.
Level 3 Local Expert
Subscribe
December 14, 2023
Приятно выпить кофе в данном месте 

☕️
3
Show business's response",bff7e241-4357-4d6c-9f82-d76b29a6b4f9
"[None, 'Андрей Харин']","['https://avatars.mds.yandex.net/get-yapic/58107/0d-2/islands-68', '']","[None, 'Андрей Харин']",,"[None, 'October 27, 2024']","['2024-10-27T16:19:36.360Z', '']","Андрей Харин
Level 12 Local Expert
Subscribe
October 27, 2024
Низкий ценник и поэтому полная посадка
1
Show business's response",False,"Андрей Харин
Level 12 Local Expert
Subscribe
October 27, 2024
Низкий ценник и поэтому полная посадка
1
Show business's response","Андрей Харин
Level 12 Local Expert
Subscribe
October 27, 2024
Низкий ценник и поэтому полная посадка
1
Hide business's response
Official responseOctober 31, 2024
Благодарим за ваш отзыв","Андрей Харин
Level 12 Local Expert
Subscribe
October 27, 2024
Низкий ценник и поэтому полная посадка
1
Hide business's response
Official responseOctober 31, 2024
Благодарим за ваш отзыв","['5', '']","['5.0', '']","['1', '']","Андрей Харин
Level 12 Local Expert
Subscribe
October 27, 2024
Низкий ценник и поэтому полная посадка
1
Show business's response",4f1f1f90-834f-41de-81d7-1def582d06e9
"[None, 'perojok t.']",,"[None, 'perojok t.']",,"[None, 'August 7, 2022']","['2022-08-07T18:07:14.479Z', '']","P
perojok t.
Level 3 Local Expert
Subscribe
August 7, 2022
Очень вкусно готовят торты покупаю только сдесь
3
Show business's response",False,"P
perojok t.
Level 3 Local Expert
Subscribe
August 7, 2022
Очень вкусно готовят торты покупаю только сдесь
3
Show business's response","P
perojok t.
Level 3 Local Expert
Subscribe
August 7, 2022
Очень вкусно готовят торты покупаю только сдесь
3
Hide business's response
Official responseAugust 29, 2022
Добрый день! Благодарим Вас за тёплые слова! Мы будем продолжать радовать Вас ещё больше! Будем рады видеть Вас вновь в качестве нашего Гостя!","P
perojok t.
Level 3 Local Expert
Subscribe
August 7, 2022
Очень вкусно готовят торты покупаю только сдесь
3
Hide business's response
Official responseAugust 29, 2022
Добрый день! Благодарим Вас за тёплые слова! Мы будем продолжать радовать Вас ещё больше! Будем рады видеть Вас вновь в качестве нашего Гостя!","['5', '']","['5.0', '']","['1', '']","P
perojok t.
Level 3 Local Expert
Subscribe
August 7, 2022
Очень вкусно готовят торты покупаю только сдесь
3
Show business's response",28815635-9fcc-41a4-90a9-3fc0e7a7aa61
,"['https://avatars.mds.yandex.net/get-yapic/47747/0f-6/islands-68', '']","[None, '*** ***']",,"[None, 'May 4, 2024']","['2024-05-04T15:43:58.229Z', '']","*** ***
Level 7 Local Expert
May 4, 2024
Вкусные торты по вменяемым ценам
Show business's response",False,"*** ***
Level 7 Local Expert
May 4, 2024
Вкусные торты по вменяемым ценам
Show business's response","*** ***
Level 7 Local Expert
May 4, 2024
Вкусные торты по вменяемым ценам
Hide business's response
Official responseMay 16, 2024
Спасибо за ваш отзыв","*** ***
Level 7 Local Expert
May 4, 2024
Вкусные торты по вменяемым ценам
Hide business's response
Official responseMay 16, 2024
Спасибо за ваш отзыв","['5', '']","['5.0', '']","['1', '']","*** ***
Level 7 Local Expert
May 4, 2024
Вкусные торты по вменяемым ценам
Show business's response",2f75e632-e7bd-4abd-8967-9951d2d81e3f
"[None, 'валентина и.']","['https://avatars.mds.yandex.net/get-yapic/63032/0k-5/islands-68', '']","[None, 'валентина и.']",,"[None, 'March 19, 2024']","['2024-03-19T11:49:21.697Z', '']","валентина и.
Level 2 Local Expert
Subscribe
March 19, 2024
Вкусные пирожные
1
Show business's response",False,"валентина и.
Level 2 Local Expert
Subscribe
March 19, 2024
Вкусные пирожные
1
Show business's response","валентина и.
Level 2 Local Expert
Subscribe
March 19, 2024
Вкусные пирожные
1
Hide business's response
Official responseMarch 22, 2024
Спасибо за вашу оценку","валентина и.
Level 2 Local Expert
Subscribe
March 19, 2024
Вкусные пирожные
1
Hide business's response
Official responseMarch 22, 2024
Спасибо за вашу оценку","['5', '']","['5.0', '']","['1', '']","валентина и.
Level 2 Local Expert
Subscribe
March 19, 2024
Вкусные пирожные
1
Show business's response",9779008f-b14e-4038-8822-8fad137c2357
"[None, 'Сергей Солонин']","['https://avatars.mds.yandex.net/get-yapic/63256/pQ1EfYXgPaSAT59TWfAo4knsYes-1/islands-68', '']","[None, 'Сергей Солонин']",,"[None, 'September 2, 2022']","['2022-09-01T23:34:16.602Z', '']","Сергей Солонин
Level 8 Local Expert
Subscribe
September 2, 2022
Шикарные, оригинальные,вкусные торты
3
Show business's response",False,"Сергей Солонин
Level 8 Local Expert
Subscribe
September 2, 2022
Шикарные, оригинальные,вкусные торты
3
Show business's response","Сергей Солонин
Level 8 Local Expert
Subscribe
September 2, 2022
Шикарные, оригинальные,вкусные торты
3
Hide business's response
Official responseSeptember 16, 2022
Спасибо за приятный отзыв! Мы будем продолжать радовать Вас ещё больше!","Сергей Солонин
Level 8 Local Expert
Subscribe
September 2, 2022
Шикарные, оригинальные,вкусные торты
3
Hide business's response
Official responseSeptember 16, 2022
Спасибо за приятный отзыв! Мы будем продолжать радовать Вас ещё больше!","['5', '']","['5.0', '']","['1', '']","Сергей Солонин
Level 8 Local Expert
Subscribe
September 2, 2022
Шикарные, оригинальные,вкусные торты
3
Show business's response",ca6d4762-5c84-46cb-be37-a6cedacf1d30
"[None, 'Mr Perm']","['https://avatars.mds.yandex.net/get-yapic/56823/8RqclXlweDMJw8urU434Hxih19w-1/islands-68', '']","[None, 'Mr Perm']",,"[None, 'October 6, 2024']","['2024-10-06T15:57:46.020Z', '']","Mr Perm
Level 22 Local Expert
Subscribe
October 6, 2024
Часто здесь бываю, хорошее место
1
Show business's response",False,"Mr Perm
Level 22 Local Expert
Subscribe
October 6, 2024
Часто здесь бываю, хорошее место
1
Show business's response","Mr Perm
Level 22 Local Expert
Subscribe
October 6, 2024
Часто здесь бываю, хорошее место
1
Hide business's response
Official responseOctober 8, 2024
Спасибо за приятный отзыв","Mr Perm
Level 22 Local Expert
Subscribe
October 6, 2024
Часто здесь бываю, хорошее место
1
Hide business's response
Official responseOctober 8, 2024
Спасибо за приятный отзыв","['5', '']","['5.0', '']","['1', '']","Mr Perm
Level 22 Local Expert
Subscribe
October 6, 2024
Часто здесь бываю, хорошее место
1
Show business's response",6ddbcce1-6972-45ca-bc5f-33a54211ceba
,,"[None, 'Марина П.']",,"[None, 'October 19, 2023']","['2023-10-19T17:44:05.528Z', '']","М
Марина П.
Level 9 Local Expert
October 19, 2023
Вкусно и уютно, достаточно демократично по ценам
Show business's response",False,"М
Марина П.
Level 9 Local Expert
October 19, 2023
Вкусно и уютно, достаточно демократично по ценам
Show business's response","М
Марина П.
Level 9 Local Expert
October 19, 2023
Вкусно и уютно, достаточно демократично по ценам
Hide business's response
Official responseOctober 21, 2023
Спасибо за приятный отклик","М
Марина П.
Level 9 Local Expert
October 19, 2023
Вкусно и уютно, достаточно демократично по ценам
Hide business's response
Official responseOctober 21, 2023
Спасибо за приятный отклик","['5', '']","['5.0', '']","['1', '']","М
Марина П.
Level 9 Local Expert
October 19, 2023
Вкусно и уютно, достаточно демократично по ценам
Show business's response",60d14439-2376-4e91-934a-784497f7d74d
"[None, 'алексей ладыгин']","['https://avatars.mds.yandex.net/get-yapic/36689/0u-7/islands-68', '']","[None, 'алексей ладыгин']",,"[None, 'August 7, 2022']","['2022-08-07T10:55:12.104Z', '']","алексей ладыгин
Level 7 Local Expert
Subscribe
August 7, 2022
Вкусная кулинария и торты
2
Show business's response",False,"алексей ладыгин
Level 7 Local Expert
Subscribe
August 7, 2022
Вкусная кулинария и торты
2
Show business's response","алексей ладыгин
Level 7 Local Expert
Subscribe
August 7, 2022
Вкусная кулинария и торты
2
Hide business's response
Official responseAugust 29, 2022
Спасибо за приятный отзыв! Мы будем продолжать радовать Вас ещё больше!","алексей ладыгин
Level 7 Local Expert
Subscribe
August 7, 2022
Вкусная кулинария и торты
2
Hide business's response
Official responseAugust 29, 2022
Спасибо за приятный отзыв! Мы будем продолжать радовать Вас ещё больше!","['5', '']","['5.0', '']","['1', '']","алексей ладыгин
Level 7 Local Expert
Subscribe
August 7, 2022
Вкусная кулинария и торты
2
Show business's response",bd6caf56-2310-414f-8822-341059f4dc1d
"[None, 'Роман Галкин']","['https://avatars.mds.yandex.net/get-yapic/32838/enc-13a949c6ccb431904f0c7e37e84cafbeea4164df66245418d988e4a39b5f57f2/islands-68', '']","[None, 'Роман Галкин']",,"[None, 'January 26, 2024']","['2024-01-26T13:14:30.070Z', '']","Роман Галкин
Level 8 Local Expert
Subscribe
January 26, 2024
Качество всегда радует.
Show business's response",False,"Роман Галкин
Level 8 Local Expert
Subscribe
January 26, 2024
Качество всегда радует.
Show business's response","Роман Галкин
Level 8 Local Expert
Subscribe
January 26, 2024
Качество всегда радует.
Hide business's response
Official responseJanuary 30, 2024
Спасибо за ваш отзыв","Роман Галкин
Level 8 Local Expert
Subscribe
January 26, 2024
Качество всегда радует.
Hide business's response
Official responseJanuary 30, 2024
Спасибо за ваш отзыв","['5', '']","['5.0', '']","['1', '']","Роман Галкин
Level 8 Local Expert
Subscribe
January 26, 2024
Качество всегда радует.
Show business's response",135ddb42-e807-49e4-8ca8-412eddb16dc3
"[None, 'Екатерина']","['https://avatars.mds.yandex.net/get-yapic/62162/2OcdiMly1fg8FhkuxYzJZUrhDw-1/islands-68', '']","[None, 'Екатерина']",,"[None, 'February 5, 2024']","['2024-02-05T10:36:36.751Z', '']","Екатерина
Level 8 Local Expert
Subscribe
February 5, 2024
Красиво,стильно,вкусно
2
Show business's response",False,"Екатерина
Level 8 Local Expert
Subscribe
February 5, 2024
Красиво,стильно,вкусно
2
Show business's response","Екатерина
Level 8 Local Expert
Subscribe
February 5, 2024
Красиво,стильно,вкусно
2
Hide business's response
Official responseFebruary 7, 2024
Спасибо за такой отзыв","Екатерина
Level 8 Local Expert
Subscribe
February 5, 2024
Красиво,стильно,вкусно
2
Hide business's response
Official responseFebruary 7, 2024
Спасибо за такой отзыв","['5', '']","['5.0', '']","['1', '']","Екатерина
Level 8 Local Expert
Subscribe
February 5, 2024
Красиво,стильно,вкусно
2
Show business's response",7b672a56-0a3c-42aa-8604-b2e3e01a919b
"[None, 'Денис Баев']",,"[None, 'Денис Баев']",,"[None, 'February 19, 2024']","['2024-02-19T06:52:09.611Z', '']","Д
Денис Баев
Level 2 Local Expert
Subscribe
February 19, 2024
супер кафе очень вкусно
1
Show business's response",False,"Д
Денис Баев
Level 2 Local Expert
Subscribe
February 19, 2024
супер кафе очень вкусно
1
Show business's response","Д
Денис Баев
Level 2 Local Expert
Subscribe
February 19, 2024
супер кафе очень вкусно
1
Hide business's response
Official responseFebruary 27, 2024
Спасибо за ваш отклик","Д
Денис Баев
Level 2 Local Expert
Subscribe
February 19, 2024
супер кафе очень вкусно
1
Hide business's response
Official responseFebruary 27, 2024
Спасибо за ваш отклик","['5', '']","['5.0', '']","['1', '']","Д
Денис Баев
Level 2 Local Expert
Subscribe
February 19, 2024
супер кафе очень вкусно
1
Show business's response",61aee77b-fb9c-4b96-802c-b89ce3e75394
"[None, 'Джонни Диско']","['https://avatars.mds.yandex.net/get-yapic/45131/Mh8o2kY8aENEE6NcUEB7NU6mCQ-1/islands-68', '']","[None, 'Джонни Диско']",,"[None, 'November 29, 2023']","['2023-11-28T19:36:28.194Z', '']","Джонни Диско
Level 15 Local Expert
Subscribe
November 29, 2023
Вкусно и уютно
Show business's response",False,"Джонни Диско
Level 15 Local Expert
Subscribe
November 29, 2023
Вкусно и уютно
Show business's response","Джонни Диско
Level 15 Local Expert
Subscribe
November 29, 2023
Вкусно и уютно
Hide business's response
Official responseDecember 1, 2023
Спасибо за вашу оценку","Джонни Диско
Level 15 Local Expert
Subscribe
November 29, 2023
Вкусно и уютно
Hide business's response
Official responseDecember 1, 2023
Спасибо за вашу оценку","['5', '']","['5.0', '']","['1', '']","Джонни Диско
Level 15 Local Expert
Subscribe
November 29, 2023
Вкусно и уютно
Show business's response",e6611f56-ebc5-4262-9a4b-9299a0a638af
"[None, 'Александр Ермакович']","['https://avatars.mds.yandex.net/get-yapic/57243/0b-1/islands-68', '']","[None, 'Александр Ермакович']",,"[None, 'September 8, 2024']","['2024-09-08T02:44:44.570Z', '']","Александр Ермакович
Level 8 Local Expert
Subscribe
September 8, 2024
Вкусно
2
Show business's response",False,"Александр Ермакович
Level 8 Local Expert
Subscribe
September 8, 2024
Вкусно
2
Show business's response","Александр Ермакович
Level 8 Local Expert
Subscribe
September 8, 2024
Вкусно
2
Hide business's response
Official responseSeptember 15, 2024
Спасибо за оценку","Александр Ермакович
Level 8 Local Expert
Subscribe
September 8, 2024
Вкусно
2
Hide business's response
Official responseSeptember 15, 2024
Спасибо за оценку","['5', '']","['5.0', '']","['1', '']","Александр Ермакович
Level 8 Local Expert
Subscribe
September 8, 2024
Вкусно
2
Show business's response",a4405fbc-20e3-4972-8dae-0d592553acf9
"[None, 'Игорь Сергеевич']","['https://avatars.mds.yandex.net/get-yapic/38663/GgWKYAI2ClY9AFf4nNmKBpqQRyo-1/islands-68', '']","[None, 'Игорь Сергеевич']",,"[None, 'May 31, 2022']","['2022-05-31T01:52:32.398Z', '']","Игорь Сергеевич
Level 9 Local Expert
Subscribe
May 31, 2022
Что огонь что то не очень, чай клевый
Show business's response",False,"Игорь Сергеевич
Level 9 Local Expert
Subscribe
May 31, 2022
Что огонь что то не очень, чай клевый
Show business's response","Игорь Сергеевич
Level 9 Local Expert
Subscribe
May 31, 2022
Что огонь что то не очень, чай клевый
Hide business's response
Official responseJune 15, 2022
Добрый день! Благодарим Вас за тёплые слова! Мы также хотели бы уточить, что именно Вам пришлось не по вкусу? Эта информация поможет нам стать лучше!Надеемся видеть Вас в качестве нашего Гостя вновь!","Игорь Сергеевич
Level 9 Local Expert
Subscribe
May 31, 2022
Что огонь что то не очень, чай клевый
Hide business's response
Official responseJune 15, 2022
Добрый день! Благодарим Вас за тёплые слова! Мы также хотели бы уточить, что именно Вам пришлось не по вкусу? Эта информация поможет нам стать лучше!Надеемся видеть Вас в качестве нашего Гостя вновь!","['5', '']","['5.0', '']","['1', '']","Игорь Сергеевич
Level 9 Local Expert
Subscribe
May 31, 2022
Что огонь что то не очень, чай клевый
Show business's response",bf07aeb9-7134-4df7-a88d-56fa8ddade9b
"[None, 'Артем С.']","['https://avatars.mds.yandex.net/get-yapic/31078/wo2xgH2WMgU9YYcmW9PQ9wMuyDM-1/islands-68', '']","[None, 'Артем С.']",,"[None, 'February 24, 2024']","['2024-02-24T05:20:41.934Z', '']","Артем С.
Level 12 Local Expert
Subscribe
February 24, 2024
Вкусные тортики",False,"Артем С.
Level 12 Local Expert
Subscribe
February 24, 2024
Вкусные тортики",,,"['5', '']","['5.0', '']","['1', '']","Артем С.
Level 12 Local Expert
Subscribe
February 24, 2024
Вкусные тортики",b909a27f-277f-45ee-a9d2-f8f57b8a3461
"[None, 'Николай К.']","['https://avatars.mds.yandex.net/get-yapic/62162/MsQOPXSt5KkRrnSdd3Y8Nqvp4s8-1/islands-68', '']","[None, 'Николай К.']",,"[None, 'March 11, 2023']","['2023-03-11T15:50:06.956Z', '']","Николай К.
Level 10 Local Expert
Subscribe
March 11, 2023
Вкусно. Мало столиков
Show business's response",False,"Николай К.
Level 10 Local Expert
Subscribe
March 11, 2023
Вкусно. Мало столиков
Show business's response","Николай К.
Level 10 Local Expert
Subscribe
March 11, 2023
Вкусно. Мало столиков
Hide business's response
Official responseApril 13, 2023
Добрый день, Ольга! Благодарим Вас за обратную связь, мы обязательно проработаем этот момент","Николай К.
Level 10 Local Expert
Subscribe
March 11, 2023
Вкусно. Мало столиков
Hide business's response
Official responseApril 13, 2023
Добрый день, Ольга! Благодарим Вас за обратную связь, мы обязательно проработаем этот момент","['5', '']","['4.0', '']","['1', '']","Николай К.
Level 10 Local Expert
Subscribe
March 11, 2023
Вкусно. Мало столиков
Show business's response",651ca3eb-481a-4783-9340-84a9663fba0f
"[None, 'Alexander Likhacheff']","['https://avatars.mds.yandex.net/get-yapic/28439/dLAsNOInN91jp3pJyy34V3234IU-1/islands-68', '']","[None, 'Alexander Likhacheff']",,"[None, 'November 14, 2023']","['2023-11-14T12:19:31.420Z', '']","Alexander Likhacheff
Level 6 Local Expert
Subscribe
November 14, 2023
Уютно и вкусно.
3
1
Show business's response",False,"Alexander Likhacheff
Level 6 Local Expert
Subscribe
November 14, 2023
Уютно и вкусно.
3
1
Show business's response","Alexander Likhacheff
Level 6 Local Expert
Subscribe
November 14, 2023
Уютно и вкусно.
3
1
Hide business's response
Official responseNovember 20, 2023
Спасибо за такой отзыв","Alexander Likhacheff
Level 6 Local Expert
Subscribe
November 14, 2023
Уютно и вкусно.
3
1
Hide business's response
Official responseNovember 20, 2023
Спасибо за такой отзыв","['5', '']","['5.0', '']","['1', '']","Alexander Likhacheff
Level 6 Local Expert
Subscribe
November 14, 2023
Уютно и вкусно.
3
1
Show business's response",d70cd207-caeb-48ab-bb4c-8af05fdbfb3f
"[None, 'Пастухов Дмитрий']","['https://avatars.mds.yandex.net/get-yapic/28439/DmOtZqDQqtgJ1R1xiBRCOjri4Y-1/islands-68', '']","[None, 'Пастухов Дмитрий']",,"[None, 'November 30, 2022']","['2022-11-30T15:51:58.479Z', '']","Пастухов Дмитрий
Level 9 Local Expert
Subscribe
November 30, 2022
Очень вкусные десерты
2
Show business's response",False,"Пастухов Дмитрий
Level 9 Local Expert
Subscribe
November 30, 2022
Очень вкусные десерты
2
Show business's response","Пастухов Дмитрий
Level 9 Local Expert
Subscribe
November 30, 2022
Очень вкусные десерты
2
Hide business's response
Official responseDecember 14, 2022
Спасибо за вашу оценку","Пастухов Дмитрий
Level 9 Local Expert
Subscribe
November 30, 2022
Очень вкусные десерты
2
Hide business's response
Official responseDecember 14, 2022
Спасибо за вашу оценку","['5', '']","['5.0', '']","['1', '']","Пастухов Дмитрий
Level 9 Local Expert
Subscribe
November 30, 2022
Очень вкусные десерты
2
Show business's response",c6c490a3-33b6-46e0-bdc8-c053742d327f
"[None, 'Николай']","['https://avatars.mds.yandex.net/get-yapic/28053/enc-b488ce2913c59ae63a1b7008a83151d658339e46410f0154723ae2920fa929d9/islands-68', '']","[None, 'Николай']",,"[None, 'September 16, 2024']","['2024-09-16T12:25:23.358Z', '']","Николай
Level 5 Local Expert
Subscribe
September 16, 2024
Хорошее место
3
Show business's response",False,"Николай
Level 5 Local Expert
Subscribe
September 16, 2024
Хорошее место
3
Show business's response","Николай
Level 5 Local Expert
Subscribe
September 16, 2024
Хорошее место
3
Hide business's response
Official responseSeptember 23, 2024
Спасибо за приятный отклик","Николай
Level 5 Local Expert
Subscribe
September 16, 2024
Хорошее место
3
Hide business's response
Official responseSeptember 23, 2024
Спасибо за приятный отклик","['5', '']","['5.0', '']","['1', '']","Николай
Level 5 Local Expert
Subscribe
September 16, 2024
Хорошее место
3
Show business's response",35f0541e-a3d4-4c5c-a91a-0c814e962b34
,"['https://avatars.mds.yandex.net/get-yapic/58107/0f-7/islands-68', '']","[None, 'Андрей Норицин']",,"[None, 'July 22, 2025']","['2025-07-22T17:51:33.093Z', '']","Андрей Норицин
Level 8 Local Expert
July 22, 2025
Вкусный тортик
Show business's response",False,"Андрей Норицин
Level 8 Local Expert
July 22, 2025
Вкусный тортик
Show business's response","Андрей Норицин
Level 8 Local Expert
July 22, 2025
Вкусный тортик
Hide business's response
Official responseJuly 24, 2025
Здравствуйте Андрей! Большое спасибо за Ваш отзыв. Мы очень рады, что Вам понравился наш торт. Спасибо, что помогаете нам становиться лучше!","Андрей Норицин
Level 8 Local Expert
July 22, 2025
Вкусный тортик
Hide business's response
Official responseJuly 24, 2025
Здравствуйте Андрей! Большое спасибо за Ваш отзыв. Мы очень рады, что Вам понравился наш торт. Спасибо, что помогаете нам становиться лучше!","['5', '']","['5.0', '']","['1', '']","Андрей Норицин
Level 8 Local Expert
July 22, 2025
Вкусный тортик
Show business's response",2034921f-d467-4df6-913a-abe5b9f80e52
"[None, 'Игорь Тетерлев']","['https://avatars.mds.yandex.net/get-yapic/57243/0u-5/islands-68', '']","[None, 'Игорь Тетерлев']",,"[None, 'February 22, 2023']","['2023-02-22T04:11:26.324Z', '']","Игорь Тетерлев
Level 9 Local Expert
Subscribe
February 22, 2023
Вкусно, уютно, не дорого.
4
Show business's response",False,"Игорь Тетерлев
Level 9 Local Expert
Subscribe
February 22, 2023
Вкусно, уютно, не дорого.
4
Show business's response","Игорь Тетерлев
Level 9 Local Expert
Subscribe
February 22, 2023
Вкусно, уютно, не дорого.
4
Hide business's response
Official responseMarch 1, 2023
Спасибо за приятный отклик","Игорь Тетерлев
Level 9 Local Expert
Subscribe
February 22, 2023
Вкусно, уютно, не дорого.
4
Hide business's response
Official responseMarch 1, 2023
Спасибо за приятный отклик","['5', '']","['5.0', '']","['1', '']","Игорь Тетерлев
Level 9 Local Expert
Subscribe
February 22, 2023
Вкусно, уютно, не дорого.
4
Show business's response",6dc00e1f-4a71-4ca2-a1ba-dc01e9b60470
"[None, 'п и']","['https://avatars.mds.yandex.net/get-yapic/37154/BoXaoQhtKxWxoUVxTnQh0XDcUE-1/islands-68', '']","[None, 'п и']",,"[None, 'August 20, 2022']","['2022-08-20T07:11:23.299Z', '']","п и
Level 12 Local Expert
Subscribe
August 20, 2022
На мой вкус лучшие десерты
4
Show business's response",False,"п и
Level 12 Local Expert
Subscribe
August 20, 2022
На мой вкус лучшие десерты
4
Show business's response","п и
Level 12 Local Expert
Subscribe
August 20, 2022
На мой вкус лучшие десерты
4
Hide business's response
Official responseAugust 29, 2022
Добрый день! Мы рады, что наши изделия пришлись Вам по вкусу! Будем рады видеть Вас вновь и вновь!

P.S. наши Гости самые лучшие! 💕","п и
Level 12 Local Expert
Subscribe
August 20, 2022
На мой вкус лучшие десерты
4
Hide business's response
Official responseAugust 29, 2022
Добрый день! Мы рады, что наши изделия пришлись Вам по вкусу! Будем рады видеть Вас вновь и вновь!

P.S. наши Гости самые лучшие! 💕","['5', '']","['5.0', '']","['1', '']","п и
Level 12 Local Expert
Subscribe
August 20, 2022
На мой вкус лучшие десерты
4
Show business's response",a4b94aac-80f6-46ba-be4c-6b68d67f50cb
"[None, 'Матвей М']","['https://avatars.mds.yandex.net/get-yapic/59871/0a-4/islands-68', '']","[None, 'Матвей М']",,"[None, 'February 19, 2024']","['2024-02-19T14:33:41.887Z', '']","Матвей М
Level 7 Local Expert
Subscribe
February 19, 2024
Всё самое вкусное здесь !
3
Show business's response",False,"Матвей М
Level 7 Local Expert
Subscribe
February 19, 2024
Всё самое вкусное здесь !
3
Show business's response","Матвей М
Level 7 Local Expert
Subscribe
February 19, 2024
Всё самое вкусное здесь !
3
Hide business's response
Official responseFebruary 27, 2024
Спасибо за оценку","Матвей М
Level 7 Local Expert
Subscribe
February 19, 2024
Всё самое вкусное здесь !
3
Hide business's response
Official responseFebruary 27, 2024
Спасибо за оценку","['5', '']","['5.0', '']","['1', '']","Матвей М
Level 7 Local Expert
Subscribe
February 19, 2024
Всё самое вкусное здесь !
3
Show business's response",3de0b184-c7ae-4592-89b2-3d205d1c4645
,"['https://avatars.mds.yandex.net/get-yapic/48449/I0z1ZRfLBTueUWD75NGQSYN6zUg-1/islands-68', '']","[None, 'Михаил Суржинский']",,"[None, 'December 13, 2021']","['2021-12-13T09:53:39.791Z', '']","Михаил Суржинский
Level 7 Local Expert
December 13, 2021
Очень уютное, приятное и действительно вкусное место! 
Отзывчивый персонал)
3
Show business's response",False,"Михаил Суржинский
Level 7 Local Expert
December 13, 2021
Очень уютное, приятное и действительно вкусное место! 
Отзывчивый персонал)
3
Show business's response","Михаил Суржинский
Level 7 Local Expert
December 13, 2021
Очень уютное, приятное и действительно вкусное место! 
Отзывчивый персонал)
3
Hide business's response
Official responseFebruary 2, 2022
Спасибо за приятный отклик","Михаил Суржинский
Level 7 Local Expert
December 13, 2021
Очень уютное, приятное и действительно вкусное место! 
Отзывчивый персонал)
3
Hide business's response
Official responseFebruary 2, 2022
Спасибо за приятный отклик","['5', '']","['5.0', '']","['1', '']","Михаил Суржинский
Level 7 Local Expert
December 13, 2021
Очень уютное, приятное и действительно вкусное место! 
Отзывчивый персонал)
3
Show business's response",5c0306a8-8b75-45ac-939c-7519cd93f0d2
"[None, 'Александр']","['https://avatars.mds.yandex.net/get-yapic/29310/0d-3/islands-68', '']","[None, 'Александр']",,"[None, 'November 15, 2023']","['2023-11-15T16:29:28.970Z', '']","Александр
Level 7 Local Expert
Subscribe
November 15, 2023
Все очень вкусно.
1
Show business's response",False,"Александр
Level 7 Local Expert
Subscribe
November 15, 2023
Все очень вкусно.
1
Show business's response","Александр
Level 7 Local Expert
Subscribe
November 15, 2023
Все очень вкусно.
1
Hide business's response
Official responseNovember 20, 2023
Спасибо за приятный отзыв","Александр
Level 7 Local Expert
Subscribe
November 15, 2023
Все очень вкусно.
1
Hide business's response
Official responseNovember 20, 2023
Спасибо за приятный отзыв","['5', '']","['5.0', '']","['1', '']","Александр
Level 7 Local Expert
Subscribe
November 15, 2023
Все очень вкусно.
1
Show business's response",4ba7485e-5f7c-4c4d-b5c7-a9aba058ebfe
"[None, 'Юлия Шумкова']","['https://avatars.mds.yandex.net/get-yapic/27503/TjCP1ftwmDWwQbg7AeGvAdgpDBg-1/islands-68', '']","[None, 'Юлия Шумкова']",,"[None, 'October 30, 2021']","['2021-10-30T13:49:01.671Z', '']","Юлия Шумкова
Level 9 Local Expert
Subscribe
October 30, 2021
Лучшие и недорогие тортики!!!!
3
Show business's response",False,"Юлия Шумкова
Level 9 Local Expert
Subscribe
October 30, 2021
Лучшие и недорогие тортики!!!!
3
Show business's response","Юлия Шумкова
Level 9 Local Expert
Subscribe
October 30, 2021
Лучшие и недорогие тортики!!!!
3
Hide business's response
Official responseFebruary 2, 2022
Спасибо за приятный отзыв","Юлия Шумкова
Level 9 Local Expert
Subscribe
October 30, 2021
Лучшие и недорогие тортики!!!!
3
Hide business's response
Official responseFebruary 2, 2022
Спасибо за приятный отзыв","['5', '']","['5.0', '']","['1', '']","Юлия Шумкова
Level 9 Local Expert
Subscribe
October 30, 2021
Лучшие и недорогие тортики!!!!
3
Show business's response",c28f00d9-ed59-4190-a74e-d75610a77c34
"[None, 'Елена У.']","['https://avatars.mds.yandex.net/get-yapic/45566/0t-6/islands-68', '']","[None, 'Елена У.']",,"[None, 'April 15, 2024']","['2024-04-15T17:27:26.377Z', '']","Елена У.
Level 3 Local Expert
Subscribe
April 15, 2024
Все очень вкусно. Спасибо.
3
Show business's response",False,"Елена У.
Level 3 Local Expert
Subscribe
April 15, 2024
Все очень вкусно. Спасибо.
3
Show business's response","Елена У.
Level 3 Local Expert
Subscribe
April 15, 2024
Все очень вкусно. Спасибо.
3
Hide business's response
Official responseApril 18, 2024
Спасибо за приятный отзыв","Елена У.
Level 3 Local Expert
Subscribe
April 15, 2024
Все очень вкусно. Спасибо.
3
Hide business's response
Official responseApril 18, 2024
Спасибо за приятный отзыв","['5', '']","['5.0', '']","['1', '']","Елена У.
Level 3 Local Expert
Subscribe
April 15, 2024
Все очень вкусно. Спасибо.
3
Show business's response",297dba8e-ba0a-43c9-af39-8826bd245926
"[None, 'Надежда Катаева']","['https://avatars.mds.yandex.net/get-yapic/65952/0d-6/islands-68', '']","[None, 'Надежда Катаева']",,"[None, 'October 8, 2023']","['2023-10-08T07:53:18.792Z', '']","Надежда Катаева
Level 6 Local Expert
Subscribe
October 8, 2023
Приличное заведение!
Show business's response",False,"Надежда Катаева
Level 6 Local Expert
Subscribe
October 8, 2023
Приличное заведение!
Show business's response","Надежда Катаева
Level 6 Local Expert
Subscribe
October 8, 2023
Приличное заведение!
Hide business's response
Official responseOctober 13, 2023
Спасибо, что оценили","Надежда Катаева
Level 6 Local Expert
Subscribe
October 8, 2023
Приличное заведение!
Hide business's response
Official responseOctober 13, 2023
Спасибо, что оценили","['5', '']","['5.0', '']","['1', '']","Надежда Катаева
Level 6 Local Expert
Subscribe
October 8, 2023
Приличное заведение!
Show business's response",9cb2cdf0-0e6c-4038-9d7d-a223959bd36c
"[None, 'Анастасия булатова']","['https://avatars.mds.yandex.net/get-yapic/21377/enc-0ae5169d37b2b80e22be6747992867c177a4f0e3a84545fff30e68aba5941dea/islands-68', '']","[None, 'Анастасия булатова']",,"[None, 'October 22, 2022']","['2022-10-22T15:46:10.197Z', '']","Анастасия булатова
Level 5 Local Expert
Subscribe
October 22, 2022
Торт очень всём понравился
3
Show business's response",False,"Анастасия булатова
Level 5 Local Expert
Subscribe
October 22, 2022
Торт очень всём понравился
3
Show business's response","Анастасия булатова
Level 5 Local Expert
Subscribe
October 22, 2022
Торт очень всём понравился
3
Hide business's response
Official responseOctober 23, 2022
Спасибо за приятный отзыв! Мы будем продолжать радовать Вас ещё больше!","Анастасия булатова
Level 5 Local Expert
Subscribe
October 22, 2022
Торт очень всём понравился
3
Hide business's response
Official responseOctober 23, 2022
Спасибо за приятный отзыв! Мы будем продолжать радовать Вас ещё больше!","['5', '']","['5.0', '']","['1', '']","Анастасия булатова
Level 5 Local Expert
Subscribe
October 22, 2022
Торт очень всём понравился
3
Show business's response",b2e2255a-af18-41e9-a5b8-1cc0ebb74e36
,"['https://avatars.mds.yandex.net/get-yapic/63256/enc-d4e01ab0cee34746ca25e84ab7ecfee78912c807aa1ff828f86f7a6b8ee7483b/islands-68', '']","[None, 'n.buz18']",,"[None, 'October 7, 2025']","['2025-10-07T02:42:43.396Z', '']","n.buz18
Level 8 Local Expert
October 7, 2025
Хорошее местечко для встреч.
3
Show business's response",False,"n.buz18
Level 8 Local Expert
October 7, 2025
Хорошее местечко для встреч.
3
Show business's response","n.buz18
Level 8 Local Expert
October 7, 2025
Хорошее местечко для встреч.
3
Hide business's response
Official responseOctober 7, 2025
Большое спасибо за отзыв! Приятно осознавать, что мы стали вашим любимым местом для встреч. Надеемся, что каждая ваша встреча здесь оставит только тёплые воспоминания и подарит отличное настроение.
Мы продолжаем работать над созданием уютной обстановки и качественной атмосферы, чтобы радовать всех наших гостей. Будем рады видеть вас снова!","n.buz18
Level 8 Local Expert
October 7, 2025
Хорошее местечко для встреч.
3
Hide business's response
Official responseOctober 7, 2025
Большое спасибо за отзыв! Приятно осознавать, что мы стали вашим любимым местом для встреч. Надеемся, что каждая ваша встреча здесь оставит только тёплые воспоминания и подарит отличное настроение.
Мы продолжаем работать над созданием уютной обстановки и качественной атмосферы, чтобы радовать всех наших гостей. Будем рады видеть вас снова!","['5', '']","['5.0', '']","['1', '']","n.buz18
Level 8 Local Expert
October 7, 2025
Хорошее местечко для встреч.
3
Show business's response",34a4cf32-de5c-4381-b2e0-9c039ec84a2f
"[None, 'Антон']","['https://avatars.mds.yandex.net/get-yapic/6218514/Ll2iEN58FeB5U2CO2pdsdl3raLI-1/islands-68', '']","[None, 'Антон']",,"[None, 'April 12, 2024']","['2024-04-12T15:27:09.119Z', '']","Антон
Level 6 Local Expert
Subscribe
April 12, 2024
Отличная кухня
1
Show business's response",False,"Антон
Level 6 Local Expert
Subscribe
April 12, 2024
Отличная кухня
1
Show business's response","Антон
Level 6 Local Expert
Subscribe
April 12, 2024
Отличная кухня
1
Hide business's response
Official responseApril 18, 2024
Спасибо за такой отзыв","Антон
Level 6 Local Expert
Subscribe
April 12, 2024
Отличная кухня
1
Hide business's response
Official responseApril 18, 2024
Спасибо за такой отзыв","['5', '']","['5.0', '']","['1', '']","Антон
Level 6 Local Expert
Subscribe
April 12, 2024
Отличная кухня
1
Show business's response",5ef30288-44d4-412c-902a-b3be022b8106
"[None, 'Анастасия Николаевна']","['https://avatars.mds.yandex.net/get-yapic/54535/ULHTe8Bax0UCqnLqosi0rFfnL0-1/islands-68', '']","[None, 'Анастасия Николаевна']",,"[None, 'September 13, 2023']","['2023-09-13T16:07:04.711Z', '']","Анастасия Николаевна
Level 5 Local Expert
Subscribe
September 13, 2023
Очень вкусно
3
Show business's response",False,"Анастасия Николаевна
Level 5 Local Expert
Subscribe
September 13, 2023
Очень вкусно
3
Show business's response","Анастасия Николаевна
Level 5 Local Expert
Subscribe
September 13, 2023
Очень вкусно
3
Hide business's response
Official responseSeptember 20, 2023
Спасибо за приятный отклик","Анастасия Николаевна
Level 5 Local Expert
Subscribe
September 13, 2023
Очень вкусно
3
Hide business's response
Official responseSeptember 20, 2023
Спасибо за приятный отклик","['5', '']","['5.0', '']","['1', '']","Анастасия Николаевна
Level 5 Local Expert
Subscribe
September 13, 2023
Очень вкусно
3
Show business's response",7fbe00d0-63eb-4454-b0c9-b38c4545acde
"[None, 'Антонина Прищепа']","['https://avatars.mds.yandex.net/get-yapic/38663/Mz1BoQLspsAV252es4ql2X8l0Ag-1/islands-68', '']","[None, 'Антонина Прищепа']",,"[None, 'June 7, 2022']","['2022-06-07T14:27:04.248Z', '']","Антонина Прищепа
Level 8 Local Expert
Subscribe
June 7, 2022
Вкусные десерты
3
Show business's response",False,"Антонина Прищепа
Level 8 Local Expert
Subscribe
June 7, 2022
Вкусные десерты
3
Show business's response","Антонина Прищепа
Level 8 Local Expert
Subscribe
June 7, 2022
Вкусные десерты
3
Hide business's response
Official responseJune 15, 2022
Добрый день! Мы благодарим Вас за столь тёплые слова! Такие слова - лучшая награда для нас! Надеемся видеть Вас в качестве Гостя нашей кондитерской вновь и вновь!","Антонина Прищепа
Level 8 Local Expert
Subscribe
June 7, 2022
Вкусные десерты
3
Hide business's response
Official responseJune 15, 2022
Добрый день! Мы благодарим Вас за столь тёплые слова! Такие слова - лучшая награда для нас! Надеемся видеть Вас в качестве Гостя нашей кондитерской вновь и вновь!","['5', '']","['5.0', '']","['1', '']","Антонина Прищепа
Level 8 Local Expert
Subscribe
June 7, 2022
Вкусные десерты
3
Show business's response",bad3e327-9103-4735-bca7-6491503de2f1
,"['https://avatars.mds.yandex.net/get-yapic/25358/i9XYvsAAL2jLed5mxUlD4K0CQ-1/islands-68', '']","[None, 'Марго']",,"[None, 'March 30, 2022']","['2022-03-30T07:48:59.553Z', '']","Марго
Level 20 Local Expert
March 30, 2022
Хорошее место, очень уютное. Приятно взять что-нибудь перекусить и посидеть)
Show business's response",False,"Марго
Level 20 Local Expert
March 30, 2022
Хорошее место, очень уютное. Приятно взять что-нибудь перекусить и посидеть)
Show business's response","Марго
Level 20 Local Expert
March 30, 2022
Хорошее место, очень уютное. Приятно взять что-нибудь перекусить и посидеть)
Hide business's response
Official responseJune 15, 2022
Добрый день! Безмерно благодарим Вас за столь тёплые слова! Такие слова - лучшая награда для нас! Надеемся видеть Вас в качестве нашего Гостя вновь и вновь!","Марго
Level 20 Local Expert
March 30, 2022
Хорошее место, очень уютное. Приятно взять что-нибудь перекусить и посидеть)
Hide business's response
Official responseJune 15, 2022
Добрый день! Безмерно благодарим Вас за столь тёплые слова! Такие слова - лучшая награда для нас! Надеемся видеть Вас в качестве нашего Гостя вновь и вновь!","['5', '']","['5.0', '']","['1', '']","Марго
Level 20 Local Expert
March 30, 2022
Хорошее место, очень уютное. Приятно взять что-нибудь перекусить и посидеть)
Show business's response",87055125-bac6-4214-90bb-b6bc4194b1d2
"[None, 'Подполковник']","['https://avatars.mds.yandex.net/get-yapic/57243/IT53jlkc2KtWbHXQw8VMzTv3U-1/islands-68', '']","[None, 'Подполковник']",,"[None, 'April 1, 2023']","['2023-04-01T04:12:49.307Z', '']","Подполковник
Level 26 Local Expert
Subscribe
April 1, 2023
Самые вкусные торты в Перми!!!
Show business's response",False,"Подполковник
Level 26 Local Expert
Subscribe
April 1, 2023
Самые вкусные торты в Перми!!!
Show business's response","Подполковник
Level 26 Local Expert
Subscribe
April 1, 2023
Самые вкусные торты в Перми!!!
Hide business's response
Official responseApril 13, 2023
Спасибо за приятный отклик","Подполковник
Level 26 Local Expert
Subscribe
April 1, 2023
Самые вкусные торты в Перми!!!
Hide business's response
Official responseApril 13, 2023
Спасибо за приятный отклик","['5', '']","['5.0', '']","['1', '']","Подполковник
Level 26 Local Expert
Subscribe
April 1, 2023
Самые вкусные торты в Перми!!!
Show business's response",56129557-7350-4296-95f6-a78acc1628e0
,"['https://avatars.mds.yandex.net/get-yapic/27503/Ae28LgGyCBzfTD6eJfjickF7A4-1/islands-68', '']","[None, 'Марина']",,"[None, 'October 16, 2024']","['2024-10-16T11:10:27.144Z', '']","Марина
Level 12 Local Expert
October 16, 2024
Часто покупаем торты именно здесь
Show business's response",False,"Марина
Level 12 Local Expert
October 16, 2024
Часто покупаем торты именно здесь
Show business's response","Марина
Level 12 Local Expert
October 16, 2024
Часто покупаем торты именно здесь
Hide business's response
Official responseOctober 23, 2024
Спасибо за оценку","Марина
Level 12 Local Expert
October 16, 2024
Часто покупаем торты именно здесь
Hide business's response
Official responseOctober 23, 2024
Спасибо за оценку","['5', '']","['5.0', '']","['1', '']","Марина
Level 12 Local Expert
October 16, 2024
Часто покупаем торты именно здесь
Show business's response",ef9c9a22-0b60-4778-adce-d46157f7a700
"[None, 'Макс Волков']","['https://avatars.mds.yandex.net/get-yapic/49368/yGk5GmT2HFd4vTF7FXs2eG0Udw-1/islands-68', '']","[None, 'Макс Волков']",,"[None, 'December 7, 2023']","['2023-12-07T18:49:17.717Z', '']","Макс Волков
Level 6 Local Expert
Subscribe
December 7, 2023
все вкусно
1
1
Show business's response",False,"Макс Волков
Level 6 Local Expert
Subscribe
December 7, 2023
все вкусно
1
1
Show business's response","Макс Волков
Level 6 Local Expert
Subscribe
December 7, 2023
все вкусно
1
1
Hide business's response
Official responseDecember 12, 2023
Спасибо за вашу оценку","Макс Волков
Level 6 Local Expert
Subscribe
December 7, 2023
все вкусно
1
1
Hide business's response
Official responseDecember 12, 2023
Спасибо за вашу оценку","['5', '']","['5.0', '']","['1', '']","Макс Волков
Level 6 Local Expert
Subscribe
December 7, 2023
все вкусно
1
1
Show business's response",0a92fdbe-7e42-4b1a-8e1d-66f338d1a9ef
"[None, 'Ольга Ванчугова']","['https://avatars.mds.yandex.net/get-yapic/59871/0a-6/islands-68', '']","[None, 'Ольга Ванчугова']",,"[None, 'March 20, 2024']","['2024-03-20T05:42:22.652Z', '']","Ольга Ванчугова
Level 5 Local Expert
Subscribe
March 20, 2024
Все круто!
Show business's response",False,"Ольга Ванчугова
Level 5 Local Expert
Subscribe
March 20, 2024
Все круто!
Show business's response","Ольга Ванчугова
Level 5 Local Expert
Subscribe
March 20, 2024
Все круто!
Hide business's response
Official responseApril 7, 2024
Спасибо, мы старались","Ольга Ванчугова
Level 5 Local Expert
Subscribe
March 20, 2024
Все круто!
Hide business's response
Official responseApril 7, 2024
Спасибо, мы старались","['5', '']","['5.0', '']","['1', '']","Ольга Ванчугова
Level 5 Local Expert
Subscribe
March 20, 2024
Все круто!
Show business's response",f38eb33c-84df-4e98-8e2b-654f7c6a33cb
"[None, 'Лана ЛанаН']","['https://avatars.mds.yandex.net/get-yapic/45131/07vBHCJJN9tjJiCpaAixwx3wY4-1/islands-68', '']","[None, 'Лана ЛанаН']",,"[None, 'September 12, 2021']","['2021-09-12T15:27:13.093Z', '']","Лана ЛанаН
Level 11 Local Expert
Subscribe
September 12, 2021
Всегда превосходно. Замечательный персонал. А про
4
Show business's response",False,"Лана ЛанаН
Level 11 Local Expert
Subscribe
September 12, 2021
Всегда превосходно. Замечательный персонал. А про
4
Show business's response","Лана ЛанаН
Level 11 Local Expert
Subscribe
September 12, 2021
Всегда превосходно. Замечательный персонал. А про
4
Hide business's response
Official responseFebruary 2, 2022
Добрый день! Благодарим Вас за высокую оценку нашей деятельности! Будем ждать Вас вновь!","Лана ЛанаН
Level 11 Local Expert
Subscribe
September 12, 2021
Всегда превосходно. Замечательный персонал. А про
4
Hide business's response
Official responseFebruary 2, 2022
Добрый день! Благодарим Вас за высокую оценку нашей деятельности! Будем ждать Вас вновь!","['5', '']","['5.0', '']","['1', '']","Лана ЛанаН
Level 11 Local Expert
Subscribe
September 12, 2021
Всегда превосходно. Замечательный персонал. А про
4
Show business's response",3e6994ae-857f-4d50-97de-7c9f92267450
"[None, 'Иван Иванов']","['https://avatars.mds.yandex.net/get-yapic/49368/0m-2/islands-68', '']","[None, 'Иван Иванов']",,"[None, 'January 21, 2022']","['2022-01-21T04:18:30.923Z', '']","Иван Иванов
Level 11 Local Expert
Subscribe
January 21, 2022
Всё очень вкусно. Рекомендую всем
Show business's response",False,"Иван Иванов
Level 11 Local Expert
Subscribe
January 21, 2022
Всё очень вкусно. Рекомендую всем
Show business's response","Иван Иванов
Level 11 Local Expert
Subscribe
January 21, 2022
Всё очень вкусно. Рекомендую всем
Hide business's response
Official responseFebruary 2, 2022
Спасибо за вашу оценку","Иван Иванов
Level 11 Local Expert
Subscribe
January 21, 2022
Всё очень вкусно. Рекомендую всем
Hide business's response
Official responseFebruary 2, 2022
Спасибо за вашу оценку","['5', '']","['5.0', '']","['1', '']","Иван Иванов
Level 11 Local Expert
Subscribe
January 21, 2022
Всё очень вкусно. Рекомендую всем
Show business's response",6c1378c7-fde2-45c9-aceb-212e55179c03
"[None, 'виталий']","['https://avatars.mds.yandex.net/get-yapic/62162/SV1osh5s1RaY7abjsEkHcFxPpE-1/islands-68', '']","[None, 'виталий']",,"[None, 'April 19, 2024']","['2024-04-19T13:24:21.654Z', '']","виталий
Level 14 Local Expert
Subscribe
April 19, 2024
Классно
3
Show business's response",False,"виталий
Level 14 Local Expert
Subscribe
April 19, 2024
Классно
3
Show business's response","виталий
Level 14 Local Expert
Subscribe
April 19, 2024
Классно
3
Hide business's response
Official responseApril 26, 2024
Спасибо за ваш отклик","виталий
Level 14 Local Expert
Subscribe
April 19, 2024
Классно
3
Hide business's response
Official responseApril 26, 2024
Спасибо за ваш отклик","['5', '']","['5.0', '']","['1', '']","виталий
Level 14 Local Expert
Subscribe
April 19, 2024
Классно
3
Show business's response",8c02d7e8-634d-4f61-8997-e599bdaec446
"[None, 'Максим Валерьевич']","['https://avatars.mds.yandex.net/get-yapic/40841/pyKIDMKjZfgpMmzWedTPml1ryY-1/islands-68', '']","[None, 'Максим Валерьевич']",,"[None, 'March 24, 2024']","['2024-03-24T11:37:55.739Z', '']","Максим Валерьевич
Level 10 Local Expert
Subscribe
March 24, 2024
Рекомендуем к посещению
1
Show business's response",False,"Максим Валерьевич
Level 10 Local Expert
Subscribe
March 24, 2024
Рекомендуем к посещению
1
Show business's response","Максим Валерьевич
Level 10 Local Expert
Subscribe
March 24, 2024
Рекомендуем к посещению
1
Hide business's response
Official responseApril 7, 2024
Спасибо за такой отзыв","Максим Валерьевич
Level 10 Local Expert
Subscribe
March 24, 2024
Рекомендуем к посещению
1
Hide business's response
Official responseApril 7, 2024
Спасибо за такой отзыв","['5', '']","['5.0', '']","['1', '']","Максим Валерьевич
Level 10 Local Expert
Subscribe
March 24, 2024
Рекомендуем к посещению
1
Show business's response",6078bfa1-e794-4090-b75a-b3284b06b144
"[None, 'Николай Видякин']","['https://avatars.mds.yandex.net/get-yapic/59871/0y-2/islands-68', '']","[None, 'Николай Видякин']",,"[None, 'January 6, 2024']","['2024-01-06T12:24:49.900Z', '']","Николай Видякин
Level 8 Local Expert
Subscribe
January 6, 2024
Рекомендую
Show business's response",False,"Николай Видякин
Level 8 Local Expert
Subscribe
January 6, 2024
Рекомендую
Show business's response","Николай Видякин
Level 8 Local Expert
Subscribe
January 6, 2024
Рекомендую
Hide business's response
Official responseJanuary 11, 2024
Спасибо за ваш отклик","Николай Видякин
Level 8 Local Expert
Subscribe
January 6, 2024
Рекомендую
Hide business's response
Official responseJanuary 11, 2024
Спасибо за ваш отклик","['5', '']","['5.0', '']","['1', '']","Николай Видякин
Level 8 Local Expert
Subscribe
January 6, 2024
Рекомендую
Show business's response",0dec036b-883b-4468-beb4-2b10cae2fa7f
"[None, 'Гитара']","['https://avatars.mds.yandex.net/get-yapic/30431/eHHLj7cyhiFLKGmE4XrKDMmQ-1/islands-68', '']","[None, 'Гитара']",,"[None, 'September 17, 2022']","['2022-09-17T11:06:40.118Z', '']","Гитара
Level 11 Local Expert
Subscribe
September 17, 2022
Супер, Супер вкусно
2
Show business's response",False,"Гитара
Level 11 Local Expert
Subscribe
September 17, 2022
Супер, Супер вкусно
2
Show business's response","Гитара
Level 11 Local Expert
Subscribe
September 17, 2022
Супер, Супер вкусно
2
Hide business's response
Official responseSeptember 21, 2022
Спасибо за приятный отзыв! Мы будем продолжать радовать Вас ещё больше!","Гитара
Level 11 Local Expert
Subscribe
September 17, 2022
Супер, Супер вкусно
2
Hide business's response
Official responseSeptember 21, 2022
Спасибо за приятный отзыв! Мы будем продолжать радовать Вас ещё больше!","['5', '']","['5.0', '']","['1', '']","Гитара
Level 11 Local Expert
Subscribe
September 17, 2022
Супер, Супер вкусно
2
Show business's response",02ee197a-898b-4996-8986-e2a82f3fd253
,,"[None, 'Николай Филиппов']",,"[None, 'December 1, 2022']","['2022-12-01T15:42:35.118Z', '']","Н
Николай Филиппов
Level 8 Local Expert
December 1, 2022
Расслаблено, пастельно, красиво и очень вкусно!
3
Show business's response",False,"Н
Николай Филиппов
Level 8 Local Expert
December 1, 2022
Расслаблено, пастельно, красиво и очень вкусно!
3
Show business's response","Н
Николай Филиппов
Level 8 Local Expert
December 1, 2022
Расслаблено, пастельно, красиво и очень вкусно!
3
Hide business's response
Official responseDecember 14, 2022
Спасибо, будем стараться","Н
Николай Филиппов
Level 8 Local Expert
December 1, 2022
Расслаблено, пастельно, красиво и очень вкусно!
3
Hide business's response
Official responseDecember 14, 2022
Спасибо, будем стараться","['5', '']","['4.0', '']","['1', '']","Н
Николай Филиппов
Level 8 Local Expert
December 1, 2022
Расслаблено, пастельно, красиво и очень вкусно!
3
Show business's response",1d780c3b-49c8-44c4-84b1-e238eb308563
"[None, 'Лидия Л.']","['https://avatars.mds.yandex.net/get-yapic/20706/enc-55099a4d47ced68b4140069505fed08398eee9008467e0d4eb455d6405be2647/islands-68', '']","[None, 'Лидия Л.']",,"[None, 'April 22, 2022']","['2022-04-22T16:07:16.576Z', '']","Лидия Л.
Level 6 Local Expert
Subscribe
April 22, 2022
Слишком вкусно. Невозможно похудеть.
3
Show business's response",False,"Лидия Л.
Level 6 Local Expert
Subscribe
April 22, 2022
Слишком вкусно. Невозможно похудеть.
3
Show business's response","Лидия Л.
Level 6 Local Expert
Subscribe
April 22, 2022
Слишком вкусно. Невозможно похудеть.
3
Hide business's response
Official responseJune 15, 2022
Добрый день! Искренне благодарим Вас за тёплые слова! Такие слова - лучшая награда для нас! Мы будем продолжать радовать Вас ещё больше! Надеемся видеть Вас в качестве нашего Гостя вновь и вновь!","Лидия Л.
Level 6 Local Expert
Subscribe
April 22, 2022
Слишком вкусно. Невозможно похудеть.
3
Hide business's response
Official responseJune 15, 2022
Добрый день! Искренне благодарим Вас за тёплые слова! Такие слова - лучшая награда для нас! Мы будем продолжать радовать Вас ещё больше! Надеемся видеть Вас в качестве нашего Гостя вновь и вновь!","['5', '']","['5.0', '']","['1', '']","Лидия Л.
Level 6 Local Expert
Subscribe
April 22, 2022
Слишком вкусно. Невозможно похудеть.
3
Show business's response",6ac34a59-b630-4d21-bb0e-4c3a156bf126
"[None, 'Алексей Коростелев']","['https://avatars.mds.yandex.net/get-yapic/57243/0b-2/islands-68', '']","[None, 'Алексей Коростелев']",,"[None, 'December 29, 2021']","['2021-12-29T17:02:44.167Z', '']","Алексей Коростелев
Level 4 Local Expert
Subscribe
December 29, 2021
Уютно,комфортно,вкусно
3
Show business's response",False,"Алексей Коростелев
Level 4 Local Expert
Subscribe
December 29, 2021
Уютно,комфортно,вкусно
3
Show business's response","Алексей Коростелев
Level 4 Local Expert
Subscribe
December 29, 2021
Уютно,комфортно,вкусно
3
Hide business's response
Official responseFebruary 2, 2022
Добрый день! Благодарим Вас за высокую оценку нашей деятельности! Будем ждать Вас вновь!","Алексей Коростелев
Level 4 Local Expert
Subscribe
December 29, 2021
Уютно,комфортно,вкусно
3
Hide business's response
Official responseFebruary 2, 2022
Добрый день! Благодарим Вас за высокую оценку нашей деятельности! Будем ждать Вас вновь!","['5', '']","['5.0', '']","['1', '']","Алексей Коростелев
Level 4 Local Expert
Subscribe
December 29, 2021
Уютно,комфортно,вкусно
3
Show business's response",c1aba09f-6c12-48ff-9cb6-c5ca95b408d2
"[None, 'Людмила Токмакова']","['https://avatars.mds.yandex.net/get-yapic/63032/0d-9/islands-68', '']","[None, 'Людмила Токмакова']",,"[None, 'May 27, 2023']","['2023-05-27T16:08:31.717Z', '']","Людмила Токмакова
Level 7 Local Expert
Subscribe
May 27, 2023
Там всё супер.
3
Show business's response",False,"Людмила Токмакова
Level 7 Local Expert
Subscribe
May 27, 2023
Там всё супер.
3
Show business's response","Людмила Токмакова
Level 7 Local Expert
Subscribe
May 27, 2023
Там всё супер.
3
Hide business's response
Official responseMay 29, 2023
Добрый день. Людмила!! Благодарим вас за приятный отзыв. Будем рады видеть вас вновь.","Людмила Токмакова
Level 7 Local Expert
Subscribe
May 27, 2023
Там всё супер.
3
Hide business's response
Official responseMay 29, 2023
Добрый день. Людмила!! Благодарим вас за приятный отзыв. Будем рады видеть вас вновь.","['5', '']","['5.0', '']","['1', '']","Людмила Токмакова
Level 7 Local Expert
Subscribe
May 27, 2023
Там всё супер.
3
Show business's response",a5c3dc4b-2c55-4ae1-b68c-e311a6727935
"[None, 'евгений сараев']","['https://avatars.mds.yandex.net/get-yapic/47747/0u-6/islands-68', '']","[None, 'евгений сараев']",,"[None, 'April 17, 2023']","['2023-04-17T16:21:34.663Z', '']","евгений сараев
Level 8 Local Expert
Subscribe
April 17, 2023
Вкусно, уютно.
4
Show business's response",False,"евгений сараев
Level 8 Local Expert
Subscribe
April 17, 2023
Вкусно, уютно.
4
Show business's response","евгений сараев
Level 8 Local Expert
Subscribe
April 17, 2023
Вкусно, уютно.
4
Hide business's response
Official responseApril 21, 2023
Благодарим за ваш отзыв","евгений сараев
Level 8 Local Expert
Subscribe
April 17, 2023
Вкусно, уютно.
4
Hide business's response
Official responseApril 21, 2023
Благодарим за ваш отзыв","['5', '']","['5.0', '']","['1', '']","евгений сараев
Level 8 Local Expert
Subscribe
April 17, 2023
Вкусно, уютно.
4
Show business's response",9f389cc7-8413-4639-8f10-8d9fa430f148
"[None, 'Мария Плетнева']","['https://avatars.mds.yandex.net/get-yapic/60687/u7CHFqmzv6TeGCEP9eEpxi0vPrk-1/islands-68', '']","[None, 'Мария Плетнева']",,"[None, 'March 20, 2023']","['2023-03-20T12:33:39.143Z', '']","Мария Плетнева
Level 7 Local Expert
Subscribe
March 20, 2023
Вкусные торты!
4
Show business's response",False,"Мария Плетнева
Level 7 Local Expert
Subscribe
March 20, 2023
Вкусные торты!
4
Show business's response","Мария Плетнева
Level 7 Local Expert
Subscribe
March 20, 2023
Вкусные торты!
4
Hide business's response
Official responseApril 13, 2023
Спасибо за ваш отклик","Мария Плетнева
Level 7 Local Expert
Subscribe
March 20, 2023
Вкусные торты!
4
Hide business's response
Official responseApril 13, 2023
Спасибо за ваш отклик","['5', '']","['5.0', '']","['1', '']","Мария Плетнева
Level 7 Local Expert
Subscribe
March 20, 2023
Вкусные торты!
4
Show business's response",85e79052-de28-4ccf-a439-a54f986aa0ab
"[None, 'Любовь М.']",,"[None, 'Любовь М.']",,"[None, 'May 17, 2022']","['2022-05-17T14:49:03.596Z', '']","Л
Любовь М.
Level 3 Local Expert
Subscribe
May 17, 2022
Очень вкусно
3
Show business's response",False,"Л
Любовь М.
Level 3 Local Expert
Subscribe
May 17, 2022
Очень вкусно
3
Show business's response","Л
Любовь М.
Level 3 Local Expert
Subscribe
May 17, 2022
Очень вкусно
3
Hide business's response
Official responseJune 15, 2022
Добрый день! Благодарим Вас за тёплые слова! Такие слова - лучшая награда для нас! Надеемся видеть Вас в качестве нашего Гостя вновь!","Л
Любовь М.
Level 3 Local Expert
Subscribe
May 17, 2022
Очень вкусно
3
Hide business's response
Official responseJune 15, 2022
Добрый день! Благодарим Вас за тёплые слова! Такие слова - лучшая награда для нас! Надеемся видеть Вас в качестве нашего Гостя вновь!","['5', '']","['5.0', '']","['1', '']","Л
Любовь М.
Level 3 Local Expert
Subscribe
May 17, 2022
Очень вкусно
3
Show business's response",c4a318ef-f61c-4696-8305-15e00c802589
"[None, 'Егор Б.']","['https://avatars.mds.yandex.net/get-yapic/6214067/DQOqw3UIjJarCYKQHBUVgvTcuWU-1/islands-68', '']","[None, 'Егор Б.']",,"[None, 'July 9, 2022']","['2022-07-09T10:07:17.530Z', '']","Егор Б.
Level 11 Local Expert
Subscribe
July 9, 2022
Очень вкусно
3
Show business's response",False,"Егор Б.
Level 11 Local Expert
Subscribe
July 9, 2022
Очень вкусно
3
Show business's response","Егор Б.
Level 11 Local Expert
Subscribe
July 9, 2022
Очень вкусно
3
Hide business's response
Official responseJuly 20, 2022
Добрый день! Мы благодарим Вас за тёплые слова! Мы будем продолжать радовать Вас больше и больше! Будем рады видеть Вас вновь и вновь в качестве Гостя нашей кондитерской!","Егор Б.
Level 11 Local Expert
Subscribe
July 9, 2022
Очень вкусно
3
Hide business's response
Official responseJuly 20, 2022
Добрый день! Мы благодарим Вас за тёплые слова! Мы будем продолжать радовать Вас больше и больше! Будем рады видеть Вас вновь и вновь в качестве Гостя нашей кондитерской!","['5', '']","['5.0', '']","['1', '']","Егор Б.
Level 11 Local Expert
Subscribe
July 9, 2022
Очень вкусно
3
Show business's response",0923e03a-44a7-4b1c-bb72-0ab8c818bec1
,"['https://avatars.mds.yandex.net/get-yapic/59871/0f-9/islands-68', '']","[None, 'Анжелика Матыгуллина']",,"[None, 'April 6, 2024']","['2024-04-06T14:50:15.278Z', '']","Анжелика Матыгуллина
Level 6 Local Expert
April 6, 2024
Без парковки, проехать легче , чем войти
4
1
Show business's response",False,"Анжелика Матыгуллина
Level 6 Local Expert
April 6, 2024
Без парковки, проехать легче , чем войти
4
1
Show business's response","Анжелика Матыгуллина
Level 6 Local Expert
April 6, 2024
Без парковки, проехать легче , чем войти
4
1
Hide business's response
Official responseApril 10, 2024
Добрый день, Лилия! Благодарим за отзыв. Могли бы Вы более подробно рассказать о проблеме?","Анжелика Матыгуллина
Level 6 Local Expert
April 6, 2024
Без парковки, проехать легче , чем войти
4
1
Hide business's response
Official responseApril 10, 2024
Добрый день, Лилия! Благодарим за отзыв. Могли бы Вы более подробно рассказать о проблеме?","['5', '']","['3.0', '']","['1', '']","Анжелика Матыгуллина
Level 6 Local Expert
April 6, 2024
Без парковки, проехать легче , чем войти
4
1
Show business's response",d73411a4-6285-4e5f-85a0-765ab59dcf61
"[None, 'Михаил Жуков']","['https://avatars.mds.yandex.net/get-yapic/26311/0c-2/islands-68', '']","[None, 'Михаил Жуков']",,"[None, 'May 19, 2022']","['2022-05-19T16:06:15.143Z', '']","Михаил Жуков
Level 4 Local Expert
Subscribe
May 19, 2022
Очень вкусно
3
Show business's response",False,"Михаил Жуков
Level 4 Local Expert
Subscribe
May 19, 2022
Очень вкусно
3
Show business's response","Михаил Жуков
Level 4 Local Expert
Subscribe
May 19, 2022
Очень вкусно
3
Hide business's response
Official responseJune 15, 2022
Добрый день! Мы благодарим Вас за тёплые слова! Надеемся видеть Вас в качестве нашего Гостя вновь и вновь!","Михаил Жуков
Level 4 Local Expert
Subscribe
May 19, 2022
Очень вкусно
3
Hide business's response
Official responseJune 15, 2022
Добрый день! Мы благодарим Вас за тёплые слова! Надеемся видеть Вас в качестве нашего Гостя вновь и вновь!","['5', '']","['5.0', '']","['1', '']","Михаил Жуков
Level 4 Local Expert
Subscribe
May 19, 2022
Очень вкусно
3
Show business's response",7d3cafec-e262-4d60-988e-f5ef27f07320
"[None, 'Ольга Егорова']","['https://avatars.mds.yandex.net/get-yapic/25358/5vn8FKmUWhZJXDyK1qpG2JbGTz0-1/islands-68', '']","[None, 'Ольга Егорова']",,"[None, 'July 19, 2022']","['2022-07-19T04:36:30.299Z', '']","Ольга Егорова
Level 5 Local Expert
Subscribe
July 19, 2022
Понравилось
3
Show business's response",False,"Ольга Егорова
Level 5 Local Expert
Subscribe
July 19, 2022
Понравилось
3
Show business's response","Ольга Егорова
Level 5 Local Expert
Subscribe
July 19, 2022
Понравилось
3
Hide business's response
Official responseAugust 8, 2022
Спасибо за оценку","Ольга Егорова
Level 5 Local Expert
Subscribe
July 19, 2022
Понравилось
3
Hide business's response
Official responseAugust 8, 2022
Спасибо за оценку","['5', '']","['5.0', '']","['1', '']","Ольга Егорова
Level 5 Local Expert
Subscribe
July 19, 2022
Понравилось
3
Show business's response",9d198dd0-1137-4d98-8733-fcd76be4e66a
"[None, 'Олеся Евгеньевна Задран']","['https://avatars.mds.yandex.net/get-yapic/27232/qWIFg1Cf3CcdQvo0PnJqfj5yek-1/islands-68', '']","[None, 'Олеся Евгеньевна Задран']",,"[None, 'July 18, 2022']","['2022-07-18T07:05:41.013Z', '']","Олеся Евгеньевна Задран
Level 5 Local Expert
Subscribe
July 18, 2022
Вкусно!
3
Show business's response",False,"Олеся Евгеньевна Задран
Level 5 Local Expert
Subscribe
July 18, 2022
Вкусно!
3
Show business's response","Олеся Евгеньевна Задран
Level 5 Local Expert
Subscribe
July 18, 2022
Вкусно!
3
Hide business's response
Official responseAugust 8, 2022
Спасибо за вашу оценку","Олеся Евгеньевна Задран
Level 5 Local Expert
Subscribe
July 18, 2022
Вкусно!
3
Hide business's response
Official responseAugust 8, 2022
Спасибо за вашу оценку","['5', '']","['5.0', '']","['1', '']","Олеся Евгеньевна Задран
Level 5 Local Expert
Subscribe
July 18, 2022
Вкусно!
3
Show business's response",6eaaa7ba-1a6f-419f-9c40-70012cd68c3d
,"['https://avatars.mds.yandex.net/get-yapic/50071/cisFv5laV3AP1dgRdMineuwX4-1/islands-68', '']","[None, 'Альберт Котельников']",,"[None, 'May 27, 2023']","['2023-05-27T15:06:26.537Z', '']","Альберт Котельников
Level 12 Local Expert
May 27, 2023
Маленький выбор
3
Show business's response",False,"Альберт Котельников
Level 12 Local Expert
May 27, 2023
Маленький выбор
3
Show business's response","Альберт Котельников
Level 12 Local Expert
May 27, 2023
Маленький выбор
3
Hide business's response
Official responseMay 29, 2023
Добрый день, Альберт! В чем по вашему мнению у нас ""маленький ассортимент""?","Альберт Котельников
Level 12 Local Expert
May 27, 2023
Маленький выбор
3
Hide business's response
Official responseMay 29, 2023
Добрый день, Альберт! В чем по вашему мнению у нас ""маленький ассортимент""?","['5', '']","['1.0', '']","['1', '']","Альберт Котельников
Level 12 Local Expert
May 27, 2023
Маленький выбор
3
Show business's response",b1872ca6-27c3-41de-8298-aae088eacae7
,"['https://avatars.mds.yandex.net/get-yapic/21377/enc-05811eeb079c432b0845bfd0313bb78598eee9008467e0d4eb455d6405be2647/islands-68', '']","[None, 'Владимир Зарипов']",,"[None, 'August 11, 2023']","['2023-08-11T05:33:38.112Z', '']","Владимир Зарипов
Level 16 Local Expert
August 11, 2023
Обалденно вкусно
4
Show business's response",False,"Владимир Зарипов
Level 16 Local Expert
August 11, 2023
Обалденно вкусно
4
Show business's response","Владимир Зарипов
Level 16 Local Expert
August 11, 2023
Обалденно вкусно
4
Hide business's response
Official responseAugust 15, 2023
Спасибо за ваш отклик","Владимир Зарипов
Level 16 Local Expert
August 11, 2023
Обалденно вкусно
4
Hide business's response
Official responseAugust 15, 2023
Спасибо за ваш отклик","['5', '']","['5.0', '']","['1', '']","Владимир Зарипов
Level 16 Local Expert
August 11, 2023
Обалденно вкусно
4
Show business's response",3171cb46-625d-42ad-bbe1-7ec1def693e9
,,"[None, 'Anonymous review']",,"[None, 'July 26, 2023']","['2023-07-26T05:54:26.343Z', '']","A
Anonymous review
July 26, 2023
Очень рекомендую.
3
Show business's response",False,"A
Anonymous review
July 26, 2023
Очень рекомендую.
3
Show business's response","A
Anonymous review
July 26, 2023
Очень рекомендую.
3
Hide business's response
Official responseAugust 1, 2023
Спасибо за приятный отклик! Рады видеть Вас в наших кондитерских","A
Anonymous review
July 26, 2023
Очень рекомендую.
3
Hide business's response
Official responseAugust 1, 2023
Спасибо за приятный отклик! Рады видеть Вас в наших кондитерских","['5', '']","['5.0', '']","['1', '']","A
Anonymous review
July 26, 2023
Очень рекомендую.
3
Show business's response",58ae6a63-75be-4d6c-b644-3bab67677274
,"['https://avatars.mds.yandex.net/get-yapic/59871/0k-2/islands-68', '']","[None, 'Жанна Григорьева']",,"[None, 'April 2, 2024']","['2024-04-02T07:59:53.329Z', '']","Жанна Григорьева
Level 6 Local Expert
April 2, 2024
вкусно!!!!!!!
3
Show business's response",False,"Жанна Григорьева
Level 6 Local Expert
April 2, 2024
вкусно!!!!!!!
3
Show business's response","Жанна Григорьева
Level 6 Local Expert
April 2, 2024
вкусно!!!!!!!
3
Hide business's response
Official responseApril 7, 2024
Благодарим за ваш отзыв","Жанна Григорьева
Level 6 Local Expert
April 2, 2024
вкусно!!!!!!!
3
Hide business's response
Official responseApril 7, 2024
Благодарим за ваш отзыв","['5', '']","['5.0', '']","['1', '']","Жанна Григорьева
Level 6 Local Expert
April 2, 2024
вкусно!!!!!!!
3
Show business's response",7514dcbc-4af5-46bc-a6b8-526bb0a1c940
